{"annotatable":{"parts":["s1s1h1","s1s1p1","s1s2h1","s1s2p1","s1s3h1","s1s3p1","s1s4h1","s1s4p1","s1s5h1","s1s5p1"]},"anncomplete":true,"sources":[],"metas":{"m_24":{"value":"false","confidence":{"state":"pre-added","who":["user:jykahng13"],"prob":1}},"m_17":{"value":false,"confidence":{"state":"pre-added","who":["user:jykahng13"],"prob":1}}},"entities":[{"classId":"e_61","part":"s1s1p1","offsets":[{"start":27,"text":"extract"}],"coordinates":[],"confidence":{"state":"pre-added","who":["ml:regex"],"prob":0},"fields":{},"normalizations":{}},{"classId":"e_33","part":"s1s1p1","offsets":[{"start":38,"text":"Althaea officinalis"}],"coordinates":[],"confidence":{"state":"pre-added","who":["ml:regex"],"prob":0},"fields":{},"normalizations":{}},{"classId":"e_33","part":"s1s4p1","offsets":[{"start":0,"text":"Althaea officinalis"}],"coordinates":[],"confidence":{"state":"pre-added","who":["user:jykahng13"],"prob":1},"fields":{},"normalizations":{}},{"classId":"e_61","part":"s1s5p1","offsets":[{"start":596,"text":"extract"}],"coordinates":[],"confidence":{"state":"pre-added","who":["ml:regex","user:jykahng13"],"prob":1},"fields":{},"normalizations":{}},{"classId":"e_33","part":"s1s5p1","offsets":[{"start":607,"text":"Althaea officinalis"}],"coordinates":[],"confidence":{"state":"pre-added","who":["ml:regex"],"prob":0},"fields":{},"normalizations":{}},{"classId":"e_61","part":"s1s5p1","offsets":[{"start":732,"text":"extract"}],"coordinates":[],"confidence":{"state":"pre-added","who":["ml:regex"],"prob":0},"fields":{},"normalizations":{}},{"classId":"e_61","part":"s1s5p1","offsets":[{"start":815,"text":"extract"}],"coordinates":[],"confidence":{"state":"pre-added","who":["user:jykahng13"],"prob":1},"fields":{},"normalizations":{}},{"classId":"e_61","part":"s1s5p1","offsets":[{"start":1091,"text":"extract"}],"coordinates":[],"confidence":{"state":"pre-added","who":["ml:regex"],"prob":0},"fields":{},"normalizations":{}},{"classId":"e_61","part":"s1s5p1","offsets":[{"start":1246,"text":"extract"}],"coordinates":[],"confidence":{"state":"pre-added","who":["ml:regex"],"prob":0},"fields":{},"normalizations":{}},{"classId":"e_61","part":"s1s5p1","offsets":[{"start":1486,"text":"extract"}],"coordinates":[],"confidence":{"state":"pre-added","who":["ml:regex"],"prob":0},"fields":{},"normalizations":{}}],"relations":[{"classId":"r_62","type":"linked","directed":false,"entities":["s1s5p1|e_61|596,602","s1s5p1|e_33|607,625"],"confidence":{"state":"pre-added","who":["user:jykahng13"],"prob":1}}]}