{"annotatable":{"parts":["s1s1h1","s1s1p1","s1s2h1","s1s2p1","s1s3h1","s1s3p1","s1s4h1","s1s4p1","s1s5h1","s1s5p1"]},"anncomplete":true,"sources":[],"metas":{"m_24":{"value":"RCTs","confidence":{"state":"pre-added","who":["user:hyunsujeong"],"prob":1}},"m_17":{"value":true,"confidence":{"state":"pre-added","who":["user:hyunsujeong"],"prob":1}}},"entities":[{"classId":"e_33","part":"s1s1p1","offsets":[{"start":0,"text":"Resveratrol"}],"coordinates":[],"confidence":{"state":"pre-added","who":["ml:regex"],"prob":0},"fields":{},"normalizations":{}},{"classId":"e_32","part":"s1s1p1","offsets":[{"start":53,"text":"cytokines"}],"coordinates":[],"confidence":{"state":"pre-added","who":["ml:regex"],"prob":0},"fields":{},"normalizations":{}},{"classId":"e_32","part":"s1s3p1","offsets":[{"start":0,"text":"IL-6"}],"coordinates":[],"confidence":{"state":"pre-added","who":["ml:regex"],"prob":0},"fields":{},"normalizations":{}},{"classId":"e_33","part":"s1s4p1","offsets":[{"start":0,"text":"Resveratrol"}],"coordinates":[],"confidence":{"state":"pre-added","who":["ml:regex"],"prob":0},"fields":{},"normalizations":{}},{"classId":"e_33","part":"s1s5p1","offsets":[{"start":218,"text":"Resveratrol"}],"coordinates":[],"confidence":{"state":"pre-added","who":["ml:regex"],"prob":0},"fields":{},"normalizations":{}},{"classId":"e_29","part":"s1s5p1","offsets":[{"start":357,"text":"dexamethasone"}],"coordinates":[],"confidence":{"state":"pre-added","who":["ml:regex"],"prob":0},"fields":{},"normalizations":{}},{"classId":"e_33","part":"s1s5p1","offsets":[{"start":378,"text":"resveratrol"}],"coordinates":[],"confidence":{"state":"pre-added","who":["ml:regex"],"prob":0},"fields":{},"normalizations":{}},{"classId":"e_32","part":"s1s5p1","offsets":[{"start":445,"text":"IL-6"}],"coordinates":[],"confidence":{"state":"pre-added","who":["user:hyunsujeong"],"prob":1},"fields":{},"normalizations":{}},{"classId":"e_32","part":"s1s5p1","offsets":[{"start":451,"text":"IL-8"}],"coordinates":[],"confidence":{"state":"pre-added","who":["ml:regex"],"prob":0},"fields":{},"normalizations":{}},{"classId":"e_32","part":"s1s5p1","offsets":[{"start":457,"text":"GM-CSF"}],"coordinates":[],"confidence":{"state":"pre-added","who":["ml:regex"],"prob":0},"fields":{},"normalizations":{}},{"classId":"e_32","part":"s1s5p1","offsets":[{"start":468,"text":"MCP-1"}],"coordinates":[],"confidence":{"state":"pre-added","who":["user:hyunsujeong"],"prob":1},"fields":{},"normalizations":{}},{"classId":"e_32","part":"s1s5p1","offsets":[{"start":479,"text":"matrix-metalloprotease-9"}],"coordinates":[],"confidence":{"state":"pre-added","who":["user:hyunsujeong"],"prob":1},"fields":{},"normalizations":{}},{"classId":"e_32","part":"s1s5p1","offsets":[{"start":505,"text":"MMP-9"}],"coordinates":[],"confidence":{"state":"pre-added","who":["ml:regex"],"prob":0},"fields":{},"normalizations":{}},{"classId":"e_51","part":"s1s5p1","offsets":[{"start":584,"text":"lipopolysaccharide"}],"coordinates":[],"confidence":{"state":"pre-added","who":["user:hyunsujeong"],"prob":1},"fields":{},"normalizations":{}},{"classId":"e_51","part":"s1s5p1","offsets":[{"start":604,"text":"LPS"}],"coordinates":[],"confidence":{"state":"pre-added","who":["ml:regex"],"prob":0},"fields":{},"normalizations":{}},{"classId":"e_32","part":"s1s5p1","offsets":[{"start":715,"text":"cytokines"}],"coordinates":[],"confidence":{"state":"pre-added","who":["ml:regex"],"prob":0},"fields":{},"normalizations":{}},{"classId":"e_32","part":"s1s5p1","offsets":[{"start":729,"text":"MMP-9"}],"coordinates":[],"confidence":{"state":"pre-added","who":["ml:regex","user:hyunsujeong"],"prob":1},"fields":{},"normalizations":{}},{"classId":"e_32","part":"s1s5p1","offsets":[{"start":805,"text":"IL-8"}],"coordinates":[],"confidence":{"state":"pre-added","who":["ml:regex"],"prob":0},"fields":{},"normalizations":{}},{"classId":"e_32","part":"s1s5p1","offsets":[{"start":814,"text":"MMP-9"}],"coordinates":[],"confidence":{"state":"pre-added","who":["ml:regex","user:hyunsujeong"],"prob":1},"fields":{},"normalizations":{}},{"classId":"e_51","part":"s1s5p1","offsets":[{"start":825,"text":"LPS"}],"coordinates":[],"confidence":{"state":"pre-added","who":["user:hyunsujeong"],"prob":1},"fields":{},"normalizations":{}},{"classId":"e_32","part":"s1s5p1","offsets":[{"start":896,"text":"GM-CSF"}],"coordinates":[],"confidence":{"state":"pre-added","who":["ml:regex"],"prob":0},"fields":{},"normalizations":{}},{"classId":"e_32","part":"s1s5p1","offsets":[{"start":907,"text":"IL-6"}],"coordinates":[],"confidence":{"state":"pre-added","who":["ml:regex"],"prob":0},"fields":{},"normalizations":{}},{"classId":"e_32","part":"s1s5p1","offsets":[{"start":953,"text":"MCP-1"}],"coordinates":[],"confidence":{"state":"pre-added","who":["ml:regex","user:hyunsujeong"],"prob":1},"fields":{},"normalizations":{}},{"classId":"e_50","part":"s1s5p1","offsets":[{"start":1004,"text":"Dexamethasone impaired the release of all cytokines and MMP-9 from LPS-exposed alveolar macrophages of all cohorts, but for IL-8 and GM-CSF this effect was reduced in COPD."}],"coordinates":[],"confidence":{"state":"pre-added","who":["user:hyunsujeong"],"prob":1},"fields":{},"normalizations":{}},{"classId":"e_29","part":"s1s5p1","offsets":[{"start":1004,"text":"Dexamethasone"}],"coordinates":[],"confidence":{"state":"pre-added","who":["user:hyunsujeong"],"prob":1},"fields":{},"normalizations":{}},{"classId":"e_32","part":"s1s5p1","offsets":[{"start":1060,"text":"MMP-9"}],"coordinates":[],"confidence":{"state":"pre-added","who":["user:hyunsujeong"],"prob":1},"fields":{},"normalizations":{}},{"classId":"e_32","part":"s1s5p1","offsets":[{"start":1128,"text":"IL-8"}],"coordinates":[],"confidence":{"state":"pre-added","who":["user:hyunsujeong"],"prob":1},"fields":{},"normalizations":{}},{"classId":"e_32","part":"s1s5p1","offsets":[{"start":1137,"text":"GM-CSF"}],"coordinates":[],"confidence":{"state":"pre-added","who":["user:hyunsujeong"],"prob":1},"fields":{},"normalizations":{}},{"classId":"e_32","part":"s1s5p1","offsets":[{"start":1252,"text":"IL-6"}],"coordinates":[],"confidence":{"state":"pre-added","who":["ml:regex"],"prob":0},"fields":{},"normalizations":{}},{"classId":"e_32","part":"s1s5p1","offsets":[{"start":1297,"text":"IL-8"}],"coordinates":[],"confidence":{"state":"pre-added","who":["ml:regex"],"prob":0},"fields":{},"normalizations":{}},{"classId":"e_32","part":"s1s5p1","offsets":[{"start":1303,"text":"GM-CSF"}],"coordinates":[],"confidence":{"state":"pre-added","who":["ml:regex"],"prob":0},"fields":{},"normalizations":{}},{"classId":"e_32","part":"s1s5p1","offsets":[{"start":1311,"text":"MCP-1"}],"coordinates":[],"confidence":{"state":"pre-added","who":["ml:regex"],"prob":0},"fields":{},"normalizations":{}},{"classId":"e_32","part":"s1s5p1","offsets":[{"start":1321,"text":"MMP-9"}],"coordinates":[],"confidence":{"state":"pre-added","who":["ml:regex"],"prob":0},"fields":{},"normalizations":{}},{"classId":"e_29","part":"s1s5p1","offsets":[{"start":1359,"text":"corticosteroid"}],"coordinates":[],"confidence":{"state":"pre-added","who":["ml:regex","user:hyunsujeong"],"prob":1},"fields":{},"normalizations":{}},{"classId":"e_27","part":"s1s5p1","offsets":[{"start":1389,"text":"In contrast, resveratrol almost completely reduced the release of all cytokines and MMP-9 without significant differences between the cohorts."}],"coordinates":[],"confidence":{"state":"pre-added","who":["user:hyunsujeong"],"prob":1},"fields":{},"normalizations":{}},{"classId":"e_33","part":"s1s5p1","offsets":[{"start":1402,"text":"resveratrol"}],"coordinates":[],"confidence":{"state":"pre-added","who":["user:hyunsujeong"],"prob":1},"fields":{},"normalizations":{}},{"classId":"e_32","part":"s1s5p1","offsets":[{"start":1459,"text":"cytokines"}],"coordinates":[],"confidence":{"state":"pre-added","who":["user:hyunsujeong"],"prob":1},"fields":{},"normalizations":{}},{"classId":"e_32","part":"s1s5p1","offsets":[{"start":1473,"text":"MMP-9"}],"coordinates":[],"confidence":{"state":"pre-added","who":["user:hyunsujeong"],"prob":1},"fields":{},"normalizations":{}},{"classId":"e_29","part":"s1s5p1","offsets":[{"start":1564,"text":"corticosteroid"}],"coordinates":[],"confidence":{"state":"pre-added","who":["user:hyunsujeong"],"prob":1},"fields":{},"normalizations":{}},{"classId":"e_33","part":"s1s5p1","offsets":[{"start":1763,"text":"resveratrol"}],"coordinates":[],"confidence":{"state":"pre-added","who":["ml:regex"],"prob":0},"fields":{},"normalizations":{}}],"relations":[{"classId":"r_35","type":"linked","directed":false,"entities":["s1s5p1|e_33|1402,1412","s1s5p1|e_27|1389,1530"],"confidence":{"state":"pre-added","who":["user:hyunsujeong"],"prob":1}},{"classId":"r_42","type":"linked","directed":false,"entities":["s1s5p1|e_32|1459,1467","s1s5p1|e_27|1389,1530"],"confidence":{"state":"pre-added","who":["user:hyunsujeong"],"prob":1}},{"classId":"r_42","type":"linked","directed":false,"entities":["s1s5p1|e_32|1473,1477","s1s5p1|e_27|1389,1530"],"confidence":{"state":"pre-added","who":["user:hyunsujeong"],"prob":1}},{"classId":"r_49","type":"linked","directed":false,"entities":["s1s5p1|e_32|479,502","s1s5p1|e_32|505,509"],"confidence":{"state":"pre-added","who":["user:hyunsujeong"],"prob":1}},{"classId":"r_59","type":"linked","directed":false,"entities":["s1s5p1|e_32|1060,1064","s1s5p1|e_50|1004,1175"],"confidence":{"state":"pre-added","who":["user:hyunsujeong"],"prob":1}},{"classId":"r_59","type":"linked","directed":false,"entities":["s1s5p1|e_32|1128,1131","s1s5p1|e_50|1004,1175"],"confidence":{"state":"pre-added","who":["user:hyunsujeong"],"prob":1}},{"classId":"r_59","type":"linked","directed":false,"entities":["s1s5p1|e_32|1137,1142","s1s5p1|e_50|1004,1175"],"confidence":{"state":"pre-added","who":["user:hyunsujeong"],"prob":1}},{"classId":"r_65","type":"linked","directed":false,"entities":["s1s5p1|e_51|584,601","s1s5p1|e_51|604,606"],"confidence":{"state":"pre-added","who":["user:hyunsujeong"],"prob":1}}]}