{"annotatable":{"parts":["s1s1h1","s1s1p1","s1s2h1","s1s2p1","s1s3h1","s1s3p1","s1s4h1","s1s4p1","s1s5h1","s1s5p1"]},"anncomplete":true,"sources":[],"metas":{"m_24":{"value":"Case report","confidence":{"state":"pre-added","who":["user:jykahng13"],"prob":1}},"m_17":{"value":true,"confidence":{"state":"pre-added","who":["user:jykahng13"],"prob":1}}},"entities":[{"classId":"e_33","part":"s1s2p1","offsets":[{"start":27,"text":"wine"}],"coordinates":[],"confidence":{"state":"pre-added","who":["ml:regex"],"prob":0},"fields":{},"normalizations":{}},{"classId":"e_33","part":"s1s3p1","offsets":[{"start":0,"text":"wine"}],"coordinates":[],"confidence":{"state":"pre-added","who":["ml:regex"],"prob":0},"fields":{},"normalizations":{}},{"classId":"e_29","part":"s1s4p1","offsets":[{"start":0,"text":"warfarin"}],"coordinates":[],"confidence":{"state":"pre-added","who":["ml:regex"],"prob":0},"fields":{"f_20":{"value":true,"confidence":{"state":"pre-added","who":["user:jykahng13"],"prob":1}}},"normalizations":{}},{"classId":"e_33","part":"s1s5p1","offsets":[{"start":36,"text":"wine"}],"coordinates":[],"confidence":{"state":"pre-added","who":["ml:regex"],"prob":0},"fields":{},"normalizations":{}},{"classId":"e_29","part":"s1s5p1","offsets":[{"start":224,"text":"warfarin"}],"coordinates":[],"confidence":{"state":"pre-added","who":["user:jykahng13"],"prob":1},"fields":{},"normalizations":{}},{"classId":"e_29","part":"s1s5p1","offsets":[{"start":247,"text":"warfarin"}],"coordinates":[],"confidence":{"state":"pre-added","who":["ml:regex"],"prob":0},"fields":{"f_20":{"value":true,"confidence":{"state":"pre-added","who":["user:jykahng13"],"prob":1}}},"normalizations":{}},{"classId":"e_33","part":"s1s5p1","offsets":[{"start":287,"text":"wine"}],"coordinates":[],"confidence":{"state":"pre-added","who":["ml:regex"],"prob":0},"fields":{},"normalizations":{}},{"classId":"e_29","part":"s1s5p1","offsets":[{"start":321,"text":"warfarin"}],"coordinates":[],"confidence":{"state":"pre-added","who":["ml:regex"],"prob":0},"fields":{"f_20":{"value":true,"confidence":{"state":"pre-added","who":["user:jykahng13"],"prob":1}}},"normalizations":{}},{"classId":"e_33","part":"s1s5p1","offsets":[{"start":352,"text":"wine"}],"coordinates":[],"confidence":{"state":"pre-added","who":["ml:regex"],"prob":0},"fields":{},"normalizations":{}},{"classId":"e_29","part":"s1s5p1","offsets":[{"start":500,"text":"warfarin"}],"coordinates":[],"confidence":{"state":"pre-added","who":["ml:regex"],"prob":0},"fields":{"f_20":{"value":true,"confidence":{"state":"pre-added","who":["user:jykahng13"],"prob":1}}},"normalizations":{}},{"classId":"e_29","part":"s1s5p1","offsets":[{"start":554,"text":"warfarin"}],"coordinates":[],"confidence":{"state":"pre-added","who":["ml:regex"],"prob":0},"fields":{"f_20":{"value":true,"confidence":{"state":"pre-added","who":["user:jykahng13"],"prob":1}}},"normalizations":{}},{"classId":"e_29","part":"s1s5p1","offsets":[{"start":570,"text":"warfarin"}],"coordinates":[],"confidence":{"state":"pre-added","who":["ml:regex","user:jykahng13"],"prob":1},"fields":{},"normalizations":{}},{"classId":"e_33","part":"s1s5p1","offsets":[{"start":593,"text":"wine"}],"coordinates":[],"confidence":{"state":"pre-added","who":["ml:regex"],"prob":0},"fields":{},"normalizations":{}},{"classId":"e_29","part":"s1s5p1","offsets":[{"start":603,"text":"warfarin"}],"coordinates":[],"confidence":{"state":"pre-added","who":["ml:regex","user:jykahng13"],"prob":1},"fields":{},"normalizations":{}},{"classId":"e_33","part":"s1s5p1","offsets":[{"start":626,"text":"wine"}],"coordinates":[],"confidence":{"state":"pre-added","who":["ml:regex"],"prob":0},"fields":{},"normalizations":{}},{"classId":"e_27","part":"s1s5p1","offsets":[{"start":646,"text":"It is concluded that 10 and even 20 oz of daily mealtime wine has no effect on therapeutic hypoprothrombinemia."}],"coordinates":[],"confidence":{"state":"pre-added","who":["user:jykahng13"],"prob":1},"fields":{"f_20":{"value":true,"confidence":{"state":"pre-added","who":["user:jykahng13"],"prob":1}}},"normalizations":{}},{"classId":"e_33","part":"s1s5p1","offsets":[{"start":703,"text":"wine"}],"coordinates":[],"confidence":{"state":"pre-added","who":["user:jykahng13"],"prob":1},"fields":{},"normalizations":{}}],"relations":[{"classId":"r_35","type":"linked","directed":false,"entities":["s1s5p1|e_33|703,706","s1s5p1|e_27|646,756"],"confidence":{"state":"pre-added","who":["user:jykahng13"],"prob":1}},{"classId":"r_36","type":"linked","directed":false,"entities":["s1s5p1|e_29|603,610","s1s5p1|e_27|646,756"],"confidence":{"state":"pre-added","who":["user:jykahng13"],"prob":1}}]}