{"annotatable":{"parts":["s1s1h1","s1s1p1","s1s2h1","s1s2p1","s1s3h1","s1s3p1","s1s4h1","s1s4p1","s1s5h1","s1s5p1"]},"anncomplete":true,"sources":[],"metas":{"m_24":{"value":"in-vitro","confidence":{"state":"pre-added","who":["user:sunghocho"],"prob":1}},"m_17":{"value":true,"confidence":{"state":"pre-added","who":["user:sunghocho"],"prob":1}}},"entities":[{"classId":"e_32","part":"s1s3p1","offsets":[{"start":0,"text":"iNOS"}],"coordinates":[],"confidence":{"state":"pre-added","who":["ml:regex"],"prob":0},"fields":{},"normalizations":{}},{"classId":"e_33","part":"s1s4p1","offsets":[{"start":0,"text":"Chinese mustard"}],"coordinates":[],"confidence":{"state":"pre-added","who":["ml:regex"],"prob":0},"fields":{},"normalizations":{}},{"classId":"e_32","part":"s1s5p1","offsets":[{"start":308,"text":"interferon-gamma"}],"coordinates":[],"confidence":{"state":"pre-added","who":["user:sunghocho"],"prob":1},"fields":{},"normalizations":{}},{"classId":"e_32","part":"s1s5p1","offsets":[{"start":326,"text":"IFN-gamma"}],"coordinates":[],"confidence":{"state":"pre-added","who":["user:sunghocho"],"prob":1},"fields":{},"normalizations":{}},{"classId":"e_27","part":"s1s5p1","offsets":[{"start":509,"text":"The extracts from avocado, taro, red turnip, sereves, komatsuna, basil, mitsuba and Chinese mustard markedly inhibited iNOS activity"}],"coordinates":[],"confidence":{"state":"pre-added","who":["user:sunghocho"],"prob":1},"fields":{},"normalizations":{}},{"classId":"e_33","part":"s1s5p1","offsets":[{"start":527,"text":"avocado"}],"coordinates":[],"confidence":{"state":"pre-added","who":["user:sunghocho"],"prob":1},"fields":{},"normalizations":{}},{"classId":"e_33","part":"s1s5p1","offsets":[{"start":536,"text":"taro"}],"coordinates":[],"confidence":{"state":"pre-added","who":["user:sunghocho"],"prob":1},"fields":{},"normalizations":{}},{"classId":"e_33","part":"s1s5p1","offsets":[{"start":542,"text":"red turnip"}],"coordinates":[],"confidence":{"state":"pre-added","who":["user:sunghocho"],"prob":1},"fields":{},"normalizations":{}},{"classId":"e_33","part":"s1s5p1","offsets":[{"start":554,"text":"sereves"}],"coordinates":[],"confidence":{"state":"pre-added","who":["user:sunghocho"],"prob":1},"fields":{},"normalizations":{}},{"classId":"e_33","part":"s1s5p1","offsets":[{"start":563,"text":"komatsuna"}],"coordinates":[],"confidence":{"state":"pre-added","who":["user:sunghocho"],"prob":1},"fields":{},"normalizations":{}},{"classId":"e_33","part":"s1s5p1","offsets":[{"start":574,"text":"basil"}],"coordinates":[],"confidence":{"state":"pre-added","who":["user:sunghocho"],"prob":1},"fields":{},"normalizations":{}},{"classId":"e_33","part":"s1s5p1","offsets":[{"start":581,"text":"mitsuba"}],"coordinates":[],"confidence":{"state":"pre-added","who":["user:sunghocho"],"prob":1},"fields":{},"normalizations":{}},{"classId":"e_33","part":"s1s5p1","offsets":[{"start":593,"text":"Chinese mustard"}],"coordinates":[],"confidence":{"state":"pre-added","who":["user:sunghocho"],"prob":1},"fields":{},"normalizations":{}},{"classId":"e_32","part":"s1s5p1","offsets":[{"start":628,"text":"iNOS"}],"coordinates":[],"confidence":{"state":"pre-added","who":["user:sunghocho"],"prob":1},"fields":{},"normalizations":{}}],"relations":[{"classId":"r_35","type":"linked","directed":false,"entities":["s1s5p1|e_33|527,533","s1s5p1|e_27|509,640"],"confidence":{"state":"pre-added","who":["user:sunghocho"],"prob":1}},{"classId":"r_35","type":"linked","directed":false,"entities":["s1s5p1|e_33|536,539","s1s5p1|e_27|509,640"],"confidence":{"state":"pre-added","who":["user:sunghocho"],"prob":1}},{"classId":"r_35","type":"linked","directed":false,"entities":["s1s5p1|e_33|542,551","s1s5p1|e_27|509,640"],"confidence":{"state":"pre-added","who":["user:sunghocho"],"prob":1}},{"classId":"r_35","type":"linked","directed":false,"entities":["s1s5p1|e_33|554,560","s1s5p1|e_27|509,640"],"confidence":{"state":"pre-added","who":["user:sunghocho"],"prob":1}},{"classId":"r_35","type":"linked","directed":false,"entities":["s1s5p1|e_33|563,571","s1s5p1|e_27|509,640"],"confidence":{"state":"pre-added","who":["user:sunghocho"],"prob":1}},{"classId":"r_35","type":"linked","directed":false,"entities":["s1s5p1|e_33|574,578","s1s5p1|e_27|509,640"],"confidence":{"state":"pre-added","who":["user:sunghocho"],"prob":1}},{"classId":"r_35","type":"linked","directed":false,"entities":["s1s5p1|e_33|581,587","s1s5p1|e_27|509,640"],"confidence":{"state":"pre-added","who":["user:sunghocho"],"prob":1}},{"classId":"r_35","type":"linked","directed":false,"entities":["s1s5p1|e_33|593,607","s1s5p1|e_27|509,640"],"confidence":{"state":"pre-added","who":["user:sunghocho"],"prob":1}},{"classId":"r_42","type":"linked","directed":false,"entities":["s1s5p1|e_32|628,631","s1s5p1|e_27|509,640"],"confidence":{"state":"pre-added","who":["user:sunghocho"],"prob":1}},{"classId":"r_49","type":"linked","directed":false,"entities":["s1s5p1|e_32|326,334","s1s5p1|e_32|308,323"],"confidence":{"state":"pre-added","who":["user:sunghocho"],"prob":1}}]}