{"annotatable":{"parts":["s1s1h1","s1s1p1","s1s2h1","s1s2p1","s1s3h1","s1s3p1","s1s4h1","s1s4p1","s1s5h1","s1s5p1"]},"anncomplete":true,"sources":[],"metas":{"m_17":{"value":true,"confidence":{"state":"pre-added","who":["user:hyesu1010"],"prob":1}},"m_24":{"value":"others","confidence":{"state":"pre-added","who":["user:hyesu1010"],"prob":1}}},"entities":[{"classId":"e_33","part":"s1s1p1","offsets":[{"start":0,"text":"Resveratrol"}],"coordinates":[],"confidence":{"state":"pre-added","who":["ml:regex"],"prob":0},"fields":{},"normalizations":{}},{"classId":"e_33","part":"s1s4p1","offsets":[{"start":0,"text":"Resveratrol"}],"coordinates":[],"confidence":{"state":"pre-added","who":["user:hyesu1010"],"prob":1},"fields":{},"normalizations":{}},{"classId":"e_33","part":"s1s5p1","offsets":[{"start":130,"text":"resveratrol"}],"coordinates":[],"confidence":{"state":"pre-added","who":["ml:regex","user:hyesu1010"],"prob":1},"fields":{},"normalizations":{}},{"classId":"e_33","part":"s1s5p1","offsets":[{"start":272,"text":"resveratrol"}],"coordinates":[],"confidence":{"state":"pre-added","who":["ml:regex"],"prob":0},"fields":{},"normalizations":{}},{"classId":"e_32","part":"s1s5p1","offsets":[{"start":431,"text":"TGF-β1"}],"coordinates":[],"confidence":{"state":"pre-added","who":["ml:regex"],"prob":0},"fields":{},"normalizations":{}},{"classId":"e_33","part":"s1s5p1","offsets":[{"start":555,"text":"Resveratrol"}],"coordinates":[],"confidence":{"state":"pre-added","who":["ml:regex"],"prob":0},"fields":{},"normalizations":{}},{"classId":"e_27","part":"s1s5p1","offsets":[{"start":752,"text":"The anti-fibrotic effects of resveratrol correlated with inhibited proliferation of TECs in the interstitium and tubules, resulting in suppressed activity of the proliferation-related signalling pathways, including that of the MAPK, PI3K/Akt, Wnt/β-catenin, and JAK2/STAT3 pathways."}],"coordinates":[],"confidence":{"state":"pre-added","who":["user:hyesu1010"],"prob":1},"fields":{},"normalizations":{}},{"classId":"e_33","part":"s1s5p1","offsets":[{"start":781,"text":"resveratrol"}],"coordinates":[],"confidence":{"state":"pre-added","who":["ml:regex","user:hyesu1010"],"prob":1},"fields":{},"normalizations":{}},{"classId":"e_32","part":"s1s5p1","offsets":[{"start":979,"text":"MAPK"}],"coordinates":[],"confidence":{"state":"pre-added","who":["user:hyesu1010"],"prob":1},"fields":{},"normalizations":{}},{"classId":"e_32","part":"s1s5p1","offsets":[{"start":985,"text":"PI3K/Akt"}],"coordinates":[],"confidence":{"state":"pre-added","who":["user:hyesu1010"],"prob":1},"fields":{},"normalizations":{}},{"classId":"e_32","part":"s1s5p1","offsets":[{"start":995,"text":"Wnt/β-catenin"}],"coordinates":[],"confidence":{"state":"pre-added","who":["user:hyesu1010"],"prob":1},"fields":{},"normalizations":{}},{"classId":"e_32","part":"s1s5p1","offsets":[{"start":1014,"text":"JAK2/STAT3"}],"coordinates":[],"confidence":{"state":"pre-added","who":["user:hyesu1010"],"prob":1},"fields":{},"normalizations":{}},{"classId":"e_33","part":"s1s5p1","offsets":[{"start":1035,"text":"Resveratrol"}],"coordinates":[],"confidence":{"state":"pre-added","who":["ml:regex","user:hyesu1010"],"prob":1},"fields":{},"normalizations":{}},{"classId":"e_27","part":"s1s5p1","offsets":[{"start":1035,"text":"Resveratrol treatment suppressed TGF-β1-induced FMD and the expression of the myofibroblastic phenotype in fibroblasts in vitro by antagonizing the activation of proliferation-related signalling."}],"coordinates":[],"confidence":{"state":"pre-added","who":["user:hyesu1010"],"prob":1},"fields":{},"normalizations":{}},{"classId":"e_32","part":"s1s5p1","offsets":[{"start":1068,"text":"TGF-β1"}],"coordinates":[],"confidence":{"state":"pre-added","who":["user:hyesu1010"],"prob":1},"fields":{},"normalizations":{}},{"classId":"e_27","part":"s1s5p1","offsets":[{"start":1231,"text":"Similarly, TGF-β1-mediated overactivation of the proliferation-related signalling in TECs induced EMT and the myofibroblastic phenotype was suppressed by resveratrol."}],"coordinates":[],"confidence":{"state":"pre-added","who":["user:hyesu1010"],"prob":1},"fields":{},"normalizations":{}},{"classId":"e_32","part":"s1s5p1","offsets":[{"start":1242,"text":"TGF-β1"}],"coordinates":[],"confidence":{"state":"pre-added","who":["user:hyesu1010"],"prob":1},"fields":{},"normalizations":{}},{"classId":"e_33","part":"s1s5p1","offsets":[{"start":1385,"text":"resveratrol"}],"coordinates":[],"confidence":{"state":"pre-added","who":["ml:regex","user:hyesu1010"],"prob":1},"fields":{},"normalizations":{}},{"classId":"e_33","part":"s1s5p1","offsets":[{"start":1450,"text":"resveratrol"}],"coordinates":[],"confidence":{"state":"pre-added","who":["ml:regex"],"prob":0},"fields":{},"normalizations":{}},{"classId":"e_33","part":"s1s5p1","offsets":[{"start":1625,"text":"Resveratrol"}],"coordinates":[],"confidence":{"state":"pre-added","who":["ml:regex"],"prob":0},"fields":{},"normalizations":{}}],"relations":[{"classId":"r_35","type":"linked","directed":false,"entities":["s1s5p1|e_33|781,791","s1s5p1|e_27|752,1033"],"confidence":{"state":"pre-added","who":["user:hyesu1010"],"prob":1}},{"classId":"r_35","type":"linked","directed":false,"entities":["s1s5p1|e_33|1035,1045","s1s5p1|e_27|1035,1229"],"confidence":{"state":"pre-added","who":["user:hyesu1010"],"prob":1}},{"classId":"r_35","type":"linked","directed":false,"entities":["s1s5p1|e_33|1385,1395","s1s5p1|e_27|1231,1396"],"confidence":{"state":"pre-added","who":["user:hyesu1010"],"prob":1}},{"classId":"r_42","type":"linked","directed":false,"entities":["s1s5p1|e_32|979,982","s1s5p1|e_27|752,1033"],"confidence":{"state":"pre-added","who":["user:hyesu1010"],"prob":1}},{"classId":"r_42","type":"linked","directed":false,"entities":["s1s5p1|e_32|985,992","s1s5p1|e_27|752,1033"],"confidence":{"state":"pre-added","who":["user:hyesu1010"],"prob":1}},{"classId":"r_42","type":"linked","directed":false,"entities":["s1s5p1|e_32|995,1007","s1s5p1|e_27|752,1033"],"confidence":{"state":"pre-added","who":["user:hyesu1010"],"prob":1}},{"classId":"r_42","type":"linked","directed":false,"entities":["s1s5p1|e_32|1014,1023","s1s5p1|e_27|752,1033"],"confidence":{"state":"pre-added","who":["user:hyesu1010"],"prob":1}},{"classId":"r_42","type":"linked","directed":false,"entities":["s1s5p1|e_32|1068,1073","s1s5p1|e_27|1035,1229"],"confidence":{"state":"pre-added","who":["user:hyesu1010"],"prob":1}},{"classId":"r_42","type":"linked","directed":false,"entities":["s1s5p1|e_32|1242,1247","s1s5p1|e_27|1231,1396"],"confidence":{"state":"pre-added","who":["user:hyesu1010"],"prob":1}}]}