{"annotatable":{"parts":["s1s1h1","s1s1p1","s1s2h1","s1s2p1","s1s3h1","s1s3p1","s1s4h1","s1s4p1","s1s5h1","s1s5p1","s1s6h1","s1s6p1","s1s7h1","s1s7p1","s1s8h1","s1s8p1","s1s9h1","s1s9p1","s1s10h1","s1s10p1","s1s11h1","s1s11p1"]},"anncomplete":true,"sources":[],"metas":{"m_24":{"value":"false","confidence":{"state":"pre-added","who":["user:jykahng13"],"prob":1}},"m_17":{"value":false,"confidence":{"state":"pre-added","who":["user:jykahng13"],"prob":1}}},"entities":[{"classId":"e_51","part":"s1s2p1","offsets":[{"start":10,"text":"Se"}],"coordinates":[],"confidence":{"state":"pre-added","who":["ml:regex"],"prob":0},"fields":{},"normalizations":{}},{"classId":"e_61","part":"s1s2p1","offsets":[{"start":26,"text":"glucosinolate"}],"coordinates":[],"confidence":{"state":"pre-added","who":["ml:regex"],"prob":0},"fields":{},"normalizations":{}},{"classId":"e_33","part":"s1s2p1","offsets":[{"start":89,"text":"broccoli sprouts"}],"coordinates":[],"confidence":{"state":"pre-added","who":["user:jykahng13"],"prob":1},"fields":{},"normalizations":{}},{"classId":"e_33","part":"s1s7p1","offsets":[{"start":2,"text":"Broccoli sprouts"}],"coordinates":[],"confidence":{"state":"pre-added","who":["ml:regex"],"prob":0},"fields":{},"normalizations":{}},{"classId":"e_61","part":"s1s7p1","offsets":[{"start":92,"text":"glucosinolate"}],"coordinates":[],"confidence":{"state":"pre-added","who":["user:jykahng13"],"prob":1},"fields":{},"normalizations":{}},{"classId":"e_61","part":"s1s7p1","offsets":[{"start":107,"text":"GSL"}],"coordinates":[],"confidence":{"state":"pre-added","who":["user:jykahng13"],"prob":1},"fields":{},"normalizations":{}},{"classId":"e_51","part":"s1s7p1","offsets":[{"start":129,"text":"selenium"}],"coordinates":[],"confidence":{"state":"pre-added","who":["user:jykahng13"],"prob":1},"fields":{},"normalizations":{}},{"classId":"e_51","part":"s1s7p1","offsets":[{"start":139,"text":"Se"}],"coordinates":[],"confidence":{"state":"pre-added","who":["user:jykahng13"],"prob":1},"fields":{},"normalizations":{}},{"classId":"e_51","part":"s1s7p1","offsets":[{"start":194,"text":"Se"}],"coordinates":[],"confidence":{"state":"pre-added","who":["ml:regex"],"prob":0},"fields":{},"normalizations":{}},{"classId":"e_61","part":"s1s7p1","offsets":[{"start":200,"text":"GSL"}],"coordinates":[],"confidence":{"state":"pre-added","who":["ml:regex"],"prob":0},"fields":{},"normalizations":{}},{"classId":"e_33","part":"s1s7p1","offsets":[{"start":218,"text":"broccoli sprouts"}],"coordinates":[],"confidence":{"state":"pre-added","who":["ml:regex"],"prob":0},"fields":{},"normalizations":{}},{"classId":"e_51","part":"s1s7p1","offsets":[{"start":279,"text":"Se"}],"coordinates":[],"confidence":{"state":"pre-added","who":["ml:regex"],"prob":0},"fields":{},"normalizations":{}},{"classId":"e_51","part":"s1s7p1","offsets":[{"start":334,"text":"Se"}],"coordinates":[],"confidence":{"state":"pre-added","who":["ml:regex"],"prob":0},"fields":{},"normalizations":{}},{"classId":"e_61","part":"s1s7p1","offsets":[{"start":346,"text":"S"}],"coordinates":[],"confidence":{"state":"pre-added","who":["ml:regex"],"prob":0},"fields":{},"normalizations":{}},{"classId":"e_61","part":"s1s7p1","offsets":[{"start":350,"text":"glucosinolate"}],"coordinates":[],"confidence":{"state":"pre-added","who":["ml:regex"],"prob":0},"fields":{},"normalizations":{}},{"classId":"e_61","part":"s1s7p1","offsets":[{"start":368,"text":"sulforaphane"}],"coordinates":[],"confidence":{"state":"pre-added","who":["user:jykahng13"],"prob":1},"fields":{},"normalizations":{}},{"classId":"e_61","part":"s1s7p1","offsets":[{"start":595,"text":"GSL"}],"coordinates":[],"confidence":{"state":"pre-added","who":["ml:regex"],"prob":0},"fields":{},"normalizations":{}},{"classId":"e_61","part":"s1s7p1","offsets":[{"start":679,"text":"sulforaphane"}],"coordinates":[],"confidence":{"state":"pre-added","who":["ml:regex"],"prob":0},"fields":{},"normalizations":{}},{"classId":"e_61","part":"s1s7p1","offsets":[{"start":789,"text":"sulforaphane"}],"coordinates":[],"confidence":{"state":"pre-added","who":["ml:regex"],"prob":0},"fields":{},"normalizations":{}},{"classId":"e_51","part":"s1s7p1","offsets":[{"start":897,"text":"Se"}],"coordinates":[],"confidence":{"state":"pre-added","who":["ml:regex"],"prob":0},"fields":{},"normalizations":{}},{"classId":"e_33","part":"s1s7p1","offsets":[{"start":911,"text":"Broccoli sprouts"}],"coordinates":[],"confidence":{"state":"pre-added","who":["ml:regex"],"prob":0},"fields":{},"normalizations":{}}],"relations":[{"classId":"r_62","type":"linked","directed":false,"entities":["s1s7p1|e_61|368,379","s1s7p1|e_33|218,233"],"confidence":{"state":"pre-added","who":["user:jykahng13"],"prob":1}},{"classId":"r_63","type":"linked","directed":false,"entities":["s1s7p1|e_61|107,109","s1s7p1|e_61|92,104"],"confidence":{"state":"pre-added","who":["user:jykahng13"],"prob":1}},{"classId":"r_64","type":"linked","directed":false,"entities":["s1s7p1|e_51|129,136","s1s7p1|e_51|139,140"],"confidence":{"state":"pre-added","who":["user:jykahng13"],"prob":1}}]}