{"annotatable":{"parts":["s1s1h1","s1s1p1","s1s2h1","s1s2p1","s1s3h1","s1s3p1","s1s4h1","s1s4p1","s1s5h1","s1s5p1","s1s6h1","s1s6p1","s1s7h1","s1s7p1","s1s8h1","s1s8p1","s1s9h1","s1s9p1","s1s10h1","s1s10p1","s1s11h1","s1s11p1"]},"anncomplete":true,"sources":[],"metas":{"m_24":{"value":"false","confidence":{"state":"pre-added","who":["user:sunghocho"],"prob":1}},"m_17":{"value":false,"confidence":{"state":"pre-added","who":["user:sunghocho"],"prob":1}}},"entities":[{"classId":"e_33","part":"s1s2p1","offsets":[{"start":97,"text":"Sausages"}],"coordinates":[],"confidence":{"state":"pre-added","who":["ml:regex"],"prob":0},"fields":{},"normalizations":{}},{"classId":"e_29","part":"s1s6p1","offsets":[{"start":0,"text":"lactic acid"}],"coordinates":[],"confidence":{"state":"pre-added","who":["ml:regex"],"prob":0},"fields":{},"normalizations":{}},{"classId":"e_33","part":"s1s7p1","offsets":[{"start":15,"text":"sausages"}],"coordinates":[],"confidence":{"state":"pre-added","who":["user:sunghocho"],"prob":1},"fields":{},"normalizations":{}},{"classId":"e_29","part":"s1s7p1","offsets":[{"start":278,"text":"lactic acid"}],"coordinates":[],"confidence":{"state":"pre-added","who":["user:sunghocho"],"prob":1},"fields":{},"normalizations":{}},{"classId":"e_33","part":"s1s7p1","offsets":[{"start":446,"text":"Carum carvi"}],"coordinates":[],"confidence":{"state":"pre-added","who":["user:sunghocho"],"prob":1},"fields":{},"normalizations":{}},{"classId":"e_33","part":"s1s7p1","offsets":[{"start":459,"text":"Cinnamomum zeylanicum"}],"coordinates":[],"confidence":{"state":"pre-added","who":["user:sunghocho"],"prob":1},"fields":{},"normalizations":{}},{"classId":"e_33","part":"s1s7p1","offsets":[{"start":482,"text":"Curcuma longa"}],"coordinates":[],"confidence":{"state":"pre-added","who":["user:sunghocho"],"prob":1},"fields":{},"normalizations":{}},{"classId":"e_33","part":"s1s7p1","offsets":[{"start":497,"text":"Citrus medica"}],"coordinates":[],"confidence":{"state":"pre-added","who":["user:sunghocho"],"prob":1},"fields":{},"normalizations":{}},{"classId":"e_33","part":"s1s7p1","offsets":[{"start":516,"text":"Eugenia caryophyllata"}],"coordinates":[],"confidence":{"state":"pre-added","who":["user:sunghocho"],"prob":1},"fields":{},"normalizations":{}},{"classId":"e_33","part":"s1s7p1","offsets":[{"start":669,"text":"sausages"}],"coordinates":[],"confidence":{"state":"pre-added","who":["ml:regex"],"prob":0},"fields":{},"normalizations":{}},{"classId":"e_33","part":"s1s7p1","offsets":[{"start":1339,"text":"C. zeylanicum"}],"coordinates":[],"confidence":{"state":"pre-added","who":["user:sunghocho"],"prob":1},"fields":{},"normalizations":{}},{"classId":"e_33","part":"s1s7p1","offsets":[{"start":1365,"text":"C. carvi"}],"coordinates":[],"confidence":{"state":"pre-added","who":["user:sunghocho"],"prob":1},"fields":{},"normalizations":{}},{"classId":"e_33","part":"s1s7p1","offsets":[{"start":1378,"text":"C. medica"}],"coordinates":[],"confidence":{"state":"pre-added","who":["user:sunghocho"],"prob":1},"fields":{},"normalizations":{}},{"classId":"e_33","part":"s1s7p1","offsets":[{"start":1420,"text":"C. longa"}],"coordinates":[],"confidence":{"state":"pre-added","who":["user:sunghocho"],"prob":1},"fields":{},"normalizations":{}},{"classId":"e_33","part":"s1s7p1","offsets":[{"start":1442,"text":"C. zeylanicum"}],"coordinates":[],"confidence":{"state":"pre-added","who":["ml:regex"],"prob":0},"fields":{},"normalizations":{}},{"classId":"e_33","part":"s1s7p1","offsets":[{"start":1642,"text":"C. zeylanicum"}],"coordinates":[],"confidence":{"state":"pre-added","who":["ml:regex"],"prob":0},"fields":{},"normalizations":{}},{"classId":"e_33","part":"s1s7p1","offsets":[{"start":1697,"text":"C. zeylanicum"}],"coordinates":[],"confidence":{"state":"pre-added","who":["ml:regex"],"prob":0},"fields":{},"normalizations":{}}],"relations":[{"classId":"r_46","type":"linked","directed":false,"entities":["s1s7p1|e_33|1339,1351","s1s7p1|e_33|459,479"],"confidence":{"state":"pre-added","who":["user:sunghocho"],"prob":1}},{"classId":"r_46","type":"linked","directed":false,"entities":["s1s7p1|e_33|1365,1372","s1s7p1|e_33|446,456"],"confidence":{"state":"pre-added","who":["user:sunghocho"],"prob":1}},{"classId":"r_46","type":"linked","directed":false,"entities":["s1s7p1|e_33|1378,1386","s1s7p1|e_33|497,509"],"confidence":{"state":"pre-added","who":["user:sunghocho"],"prob":1}},{"classId":"r_46","type":"linked","directed":false,"entities":["s1s7p1|e_33|1420,1427","s1s7p1|e_33|482,494"],"confidence":{"state":"pre-added","who":["user:sunghocho"],"prob":1}}]}