{"annotatable":{"parts":["s1s1h1","s1s1p1","s1s2h1","s1s2p1","s1s3h1","s1s3p1","s1s4h1","s1s4p1","s1s5h1","s1s5p1"]},"anncomplete":true,"sources":[],"metas":{"m_24":{"value":"animal in-vivo","confidence":{"state":"pre-added","who":["user:sunghocho"],"prob":1}},"m_17":{"value":true,"confidence":{"state":"pre-added","who":["user:sunghocho"],"prob":1}}},"entities":[{"classId":"e_64","part":"s1s2p1","offsets":[{"start":62,"text":"resveratrol"}],"coordinates":[],"confidence":{"state":"pre-added","who":["ml:regex"],"prob":0},"fields":{},"normalizations":{}},{"classId":"e_64","part":"s1s4p1","offsets":[{"start":0,"text":"Resveratrol"}],"coordinates":[],"confidence":{"state":"pre-added","who":["ml:regex"],"prob":0},"fields":{},"normalizations":{}},{"classId":"e_64","part":"s1s5p1","offsets":[{"start":14,"text":"resveratrol"}],"coordinates":[],"confidence":{"state":"pre-added","who":["ml:regex"],"prob":0},"fields":{},"normalizations":{}},{"classId":"e_64","part":"s1s5p1","offsets":[{"start":177,"text":"resveratrol"}],"coordinates":[],"confidence":{"state":"pre-added","who":["ml:regex"],"prob":0},"fields":{},"normalizations":{}},{"classId":"e_64","part":"s1s5p1","offsets":[{"start":235,"text":"Resveratrol"}],"coordinates":[],"confidence":{"state":"pre-added","who":["user:sunghocho"],"prob":1},"fields":{},"normalizations":{}},{"classId":"e_27","part":"s1s5p1","offsets":[{"start":235,"text":"Resveratrol intake led to increased gene expression of mitochondrial-transcription-factor-A (TFAM), mitochondrial-protein-cytochrome-C-oxidase subunit-2 (COX2), sirtuin-1 (SIRT1), peroxisome-proliferator-activated-receptor-β/δ (PPARβ/δ) and proliferator-activated-receptor-gamma-coactivator1-α (PGC-1α) in IBAT and increased UCP1protein expression; however, peroxisome-proliferator-activated-receptor-α (PPARα) expression remained unchanged"}],"coordinates":[],"confidence":{"state":"pre-added","who":["user:sunghocho"],"prob":1},"fields":{},"normalizations":{}},{"classId":"e_32","part":"s1s5p1","offsets":[{"start":415,"text":"peroxisome-proliferator-activated-receptor-β/δ"}],"coordinates":[],"confidence":{"state":"pre-added","who":["user:sunghocho"],"prob":1},"fields":{},"normalizations":{}},{"classId":"e_32","part":"s1s5p1","offsets":[{"start":463,"text":"PPARβ/δ"}],"coordinates":[],"confidence":{"state":"pre-added","who":["user:sunghocho"],"prob":1},"fields":{},"normalizations":{}},{"classId":"e_32","part":"s1s5p1","offsets":[{"start":593,"text":"peroxisome-proliferator-activated-receptor-α"}],"coordinates":[],"confidence":{"state":"pre-added","who":["user:sunghocho"],"prob":1},"fields":{},"normalizations":{}},{"classId":"e_32","part":"s1s5p1","offsets":[{"start":639,"text":"PPARα"}],"coordinates":[],"confidence":{"state":"pre-added","who":["user:sunghocho"],"prob":1},"fields":{},"normalizations":{}},{"classId":"e_27","part":"s1s5p1","offsets":[{"start":677,"text":"In gastrocnemius muscle, resveratrol increased the gene expression of TFAM and COX2; however, no changes were observed in levels of SIRT1, PGC-1α and PPARβ/δ."}],"coordinates":[],"confidence":{"state":"pre-added","who":["user:sunghocho"],"prob":1},"fields":{"f_20":{"value":true,"confidence":{"state":"pre-added","who":["user:sunghocho"],"prob":1}}},"normalizations":{}},{"classId":"e_64","part":"s1s5p1","offsets":[{"start":702,"text":"resveratrol"}],"coordinates":[],"confidence":{"state":"pre-added","who":["ml:regex","user:sunghocho"],"prob":1},"fields":{},"normalizations":{}},{"classId":"e_32","part":"s1s5p1","offsets":[{"start":827,"text":"PPARβ/δ"}],"coordinates":[],"confidence":{"state":"pre-added","who":["ml:regex","user:sunghocho"],"prob":1},"fields":{},"normalizations":{}},{"classId":"e_64","part":"s1s5p1","offsets":[{"start":875,"text":"resveratrol"}],"coordinates":[],"confidence":{"state":"pre-added","who":["ml:regex"],"prob":0},"fields":{},"normalizations":{}},{"classId":"e_64","part":"s1s5p1","offsets":[{"start":1108,"text":"resveratrol"}],"coordinates":[],"confidence":{"state":"pre-added","who":["ml:regex"],"prob":0},"fields":{},"normalizations":{}}],"relations":[{"classId":"r_42","type":"linked","directed":false,"entities":["s1s5p1|e_32|463,469","s1s5p1|e_27|235,674"],"confidence":{"state":"pre-added","who":["user:sunghocho"],"prob":1}},{"classId":"r_42","type":"linked","directed":false,"entities":["s1s5p1|e_32|827,833","s1s5p1|e_27|677,834"],"confidence":{"state":"pre-added","who":["user:sunghocho"],"prob":1}},{"classId":"r_49","type":"linked","directed":false,"entities":["s1s5p1|e_32|415,460","s1s5p1|e_32|463,469"],"confidence":{"state":"pre-added","who":["user:sunghocho"],"prob":1}},{"classId":"r_49","type":"linked","directed":false,"entities":["s1s5p1|e_32|593,636","s1s5p1|e_32|639,643"],"confidence":{"state":"pre-added","who":["user:sunghocho"],"prob":1}},{"classId":"r_68","type":"linked","directed":false,"entities":["s1s5p1|e_64|235,245","s1s5p1|e_27|235,674"],"confidence":{"state":"pre-added","who":["user:sunghocho"],"prob":1}},{"classId":"r_68","type":"linked","directed":false,"entities":["s1s5p1|e_64|702,712","s1s5p1|e_27|677,834"],"confidence":{"state":"pre-added","who":["user:sunghocho"],"prob":1}}]}