{"annotatable":{"parts":["s1s1h1","s1s1p1","s1s2h1","s1s2p1","s1s3h1","s1s3p1","s1s4h1","s1s4p1","s1s5h1","s1s5p1"]},"anncomplete":true,"sources":[],"metas":{"m_24":{"value":"false","confidence":{"state":"pre-added","who":["user:minjilee96"],"prob":1}},"m_17":{"value":false,"confidence":{"state":"pre-added","who":["user:minjilee96"],"prob":1}}},"entities":[{"classId":"e_61","part":"s1s2p1","offsets":[{"start":65,"text":"resveratrol"}],"coordinates":[],"confidence":{"state":"pre-added","who":["ml:regex"],"prob":0},"fields":{},"normalizations":{}},{"classId":"e_61","part":"s1s5p1","offsets":[{"start":2,"text":"Resveratrol"}],"coordinates":[],"confidence":{"state":"pre-added","who":["user:minjilee96"],"prob":1},"fields":{},"normalizations":{}},{"classId":"e_61","part":"s1s5p1","offsets":[{"start":15,"text":"trans-3,4',5-trihydroxystilbene"}],"coordinates":[],"confidence":{"state":"pre-added","who":["user:minjilee96"],"prob":1},"fields":{},"normalizations":{}},{"classId":"e_33","part":"s1s5p1","offsets":[{"start":144,"text":"red wine"}],"coordinates":[],"confidence":{"state":"pre-added","who":["user:minjilee96"],"prob":1},"fields":{},"normalizations":{}},{"classId":"e_61","part":"s1s5p1","offsets":[{"start":201,"text":"resveratrol"}],"coordinates":[],"confidence":{"state":"pre-added","who":["ml:regex"],"prob":0},"fields":{},"normalizations":{}},{"classId":"e_61","part":"s1s5p1","offsets":[{"start":440,"text":"resveratrol"}],"coordinates":[],"confidence":{"state":"pre-added","who":["ml:regex"],"prob":0},"fields":{},"normalizations":{}},{"classId":"e_61","part":"s1s5p1","offsets":[{"start":1020,"text":"resveratrol"}],"coordinates":[],"confidence":{"state":"pre-added","who":["ml:regex"],"prob":0},"fields":{},"normalizations":{}}],"relations":[{"classId":"r_62","type":"linked","directed":false,"entities":["s1s5p1|e_61|2,12","s1s5p1|e_33|144,151"],"confidence":{"state":"pre-added","who":["user:minjilee96"],"prob":1}},{"classId":"r_63","type":"linked","directed":false,"entities":["s1s5p1|e_61|15,45","s1s5p1|e_61|2,12"],"confidence":{"state":"pre-added","who":["user:minjilee96"],"prob":1}}]}