{"annotatable":{"parts":["s1s1h1","s1s1p1","s1s2h1","s1s2p1","s1s3h1","s1s3p1","s1s4h1","s1s4p1","s1s5h1","s1s5p1"]},"anncomplete":true,"sources":[],"metas":{"m_24":{"value":"RCTs","confidence":{"state":"pre-added","who":["user:hyesu1010"],"prob":1}},"m_17":{"value":true,"confidence":{"state":"pre-added","who":["user:hyesu1010"],"prob":1}}},"entities":[{"classId":"e_33","part":"s1s1p1","offsets":[{"start":0,"text":"Grapefruit"}],"coordinates":[],"confidence":{"state":"pre-added","who":["ml:regex"],"prob":0},"fields":{},"normalizations":{}},{"classId":"e_29","part":"s1s1p1","offsets":[{"start":90,"text":"ticagrelor"}],"coordinates":[],"confidence":{"state":"pre-added","who":["ml:regex"],"prob":0},"fields":{},"normalizations":{}},{"classId":"e_33","part":"s1s4p1","offsets":[{"start":0,"text":"Grapefruit"}],"coordinates":[],"confidence":{"state":"pre-added","who":["user:hyesu1010"],"prob":1},"fields":{},"normalizations":{}},{"classId":"e_33","part":"s1s5p1","offsets":[{"start":35,"text":"grapefruit"}],"coordinates":[],"confidence":{"state":"pre-added","who":["ml:regex","user:hyesu1010"],"prob":1},"fields":{},"normalizations":{}},{"classId":"e_29","part":"s1s5p1","offsets":[{"start":79,"text":"ticagrelor"}],"coordinates":[],"confidence":{"state":"pre-added","who":["ml:regex"],"prob":0},"fields":{},"normalizations":{}},{"classId":"e_33","part":"s1s5p1","offsets":[{"start":215,"text":"grapefruit"}],"coordinates":[],"confidence":{"state":"pre-added","who":["ml:regex"],"prob":0},"fields":{},"normalizations":{}},{"classId":"e_29","part":"s1s5p1","offsets":[{"start":313,"text":"ticagrelor"}],"coordinates":[],"confidence":{"state":"pre-added","who":["ml:regex"],"prob":0},"fields":{},"normalizations":{}},{"classId":"e_33","part":"s1s5p1","offsets":[{"start":324,"text":"Grapefruit"}],"coordinates":[],"confidence":{"state":"pre-added","who":["ml:regex"],"prob":0},"fields":{},"normalizations":{}},{"classId":"e_34","part":"s1s5p1","offsets":[{"start":324,"text":"Grapefruit juice increased ticagrelor geometric mean peak plasma concentration (Cmax ) to 165% (95% confidence interval 147, 184%) and area under the concentration-time curve (AUC(0,∞)) to 221% of control (95% confidence interval 200, 245%)."}],"coordinates":[],"confidence":{"state":"pre-added","who":["user:hyesu1010"],"prob":1},"fields":{},"normalizations":{}},{"classId":"e_29","part":"s1s5p1","offsets":[{"start":351,"text":"ticagrelor"}],"coordinates":[],"confidence":{"state":"pre-added","who":["user:hyesu1010"],"prob":1},"fields":{},"normalizations":{}},{"classId":"e_34","part":"s1s5p1","offsets":[{"start":566,"text":"The Cmax and AUC(0,34 h) (P < 0.05) but not the AUC(0,∞) of the active metabolite C12490XX were decreased significantly."}],"coordinates":[],"confidence":{"state":"pre-added","who":["user:hyesu1010"],"prob":1},"fields":{},"normalizations":{}},{"classId":"e_33","part":"s1s5p1","offsets":[{"start":687,"text":"Grapefruit"}],"coordinates":[],"confidence":{"state":"pre-added","who":["ml:regex"],"prob":0},"fields":{},"normalizations":{}},{"classId":"e_34","part":"s1s5p1","offsets":[{"start":687,"text":"Grapefruit juice had a minor effect on ticagrelor elimination half-life prolonging it from 6.7 to 7.2 h (P = 0.036)."}],"coordinates":[],"confidence":{"state":"pre-added","who":["user:hyesu1010"],"prob":1},"fields":{},"normalizations":{}},{"classId":"e_29","part":"s1s5p1","offsets":[{"start":726,"text":"ticagrelor"}],"coordinates":[],"confidence":{"state":"pre-added","who":["user:hyesu1010"],"prob":1},"fields":{},"normalizations":{}},{"classId":"e_34","part":"s1s5p1","offsets":[{"start":804,"text":"In good correlation with the elevated plasma ticagrelor concentrations, grapefruit juice enhanced the antiplatelet effect of ticagrelor, assessed with VerifyNow® and Multiplate® methods, and postponed the recovery of platelet reactivity."}],"coordinates":[],"confidence":{"state":"pre-added","who":["user:hyesu1010"],"prob":1},"fields":{},"normalizations":{}},{"classId":"e_33","part":"s1s5p1","offsets":[{"start":876,"text":"grapefruit"}],"coordinates":[],"confidence":{"state":"pre-added","who":["ml:regex"],"prob":0},"fields":{},"normalizations":{}},{"classId":"e_29","part":"s1s5p1","offsets":[{"start":929,"text":"ticagrelor"}],"coordinates":[],"confidence":{"state":"pre-added","who":["ml:regex","user:hyesu1010"],"prob":1},"fields":{},"normalizations":{}},{"classId":"e_33","part":"s1s5p1","offsets":[{"start":1041,"text":"Grapefruit"}],"coordinates":[],"confidence":{"state":"pre-added","who":["ml:regex"],"prob":0},"fields":{},"normalizations":{}},{"classId":"e_34","part":"s1s5p1","offsets":[{"start":1041,"text":"Grapefruit juice increased ticagrelor exposure by more than two-fold, leading to an enhanced and prolonged ticagrelor antiplatelet effect."}],"coordinates":[],"confidence":{"state":"pre-added","who":["user:hyesu1010"],"prob":1},"fields":{},"normalizations":{}},{"classId":"e_29","part":"s1s5p1","offsets":[{"start":1068,"text":"ticagrelor"}],"coordinates":[],"confidence":{"state":"pre-added","who":["user:hyesu1010"],"prob":1},"fields":{},"normalizations":{}},{"classId":"e_29","part":"s1s5p1","offsets":[{"start":1148,"text":"ticagrelor"}],"coordinates":[],"confidence":{"state":"pre-added","who":["ml:regex"],"prob":0},"fields":{},"normalizations":{}},{"classId":"e_27","part":"s1s5p1","offsets":[{"start":1180,"text":"The grapefruit juice-ticagrelor interaction seems clinically important and indicates the significance of intestinal metabolism to ticagrelor pharmacokinetics."}],"coordinates":[],"confidence":{"state":"pre-added","who":["user:hyesu1010"],"prob":1},"fields":{},"normalizations":{}},{"classId":"e_33","part":"s1s5p1","offsets":[{"start":1184,"text":"grapefruit"}],"coordinates":[],"confidence":{"state":"pre-added","who":["ml:regex","user:hyesu1010"],"prob":1},"fields":{},"normalizations":{}},{"classId":"e_29","part":"s1s5p1","offsets":[{"start":1201,"text":"ticagrelor"}],"coordinates":[],"confidence":{"state":"pre-added","who":["ml:regex","user:hyesu1010"],"prob":1},"fields":{},"normalizations":{}},{"classId":"e_29","part":"s1s5p1","offsets":[{"start":1310,"text":"ticagrelor"}],"coordinates":[],"confidence":{"state":"pre-added","who":["ml:regex"],"prob":0},"fields":{},"normalizations":{}}],"relations":[{"classId":"r_35","type":"linked","directed":false,"entities":["s1s5p1|e_33|1184,1193","s1s5p1|e_27|1180,1337"],"confidence":{"state":"pre-added","who":["user:hyesu1010"],"prob":1}},{"classId":"r_36","type":"linked","directed":false,"entities":["s1s5p1|e_29|1201,1210","s1s5p1|e_27|1180,1337"],"confidence":{"state":"pre-added","who":["user:hyesu1010"],"prob":1}},{"classId":"r_37","type":"linked","directed":false,"entities":["s1s5p1|e_29|351,360","s1s5p1|e_34|324,564"],"confidence":{"state":"pre-added","who":["user:hyesu1010"],"prob":1}},{"classId":"r_37","type":"linked","directed":false,"entities":["s1s5p1|e_29|351,360","s1s5p1|e_34|566,685"],"confidence":{"state":"pre-added","who":["user:hyesu1010"],"prob":1}},{"classId":"r_37","type":"linked","directed":false,"entities":["s1s5p1|e_29|726,735","s1s5p1|e_34|687,802"],"confidence":{"state":"pre-added","who":["user:hyesu1010"],"prob":1}},{"classId":"r_37","type":"linked","directed":false,"entities":["s1s5p1|e_29|929,938","s1s5p1|e_34|804,1040"],"confidence":{"state":"pre-added","who":["user:hyesu1010"],"prob":1}},{"classId":"r_37","type":"linked","directed":false,"entities":["s1s5p1|e_29|1068,1077","s1s5p1|e_34|1041,1178"],"confidence":{"state":"pre-added","who":["user:hyesu1010"],"prob":1}}]}