{"annotatable":{"parts":["s1s1h1","s1s1p1","s1s2h1","s1s2p1","s1s3h1","s1s3p1","s1s4h1","s1s4p1","s1s5h1","s1s5p1"]},"anncomplete":false,"sources":[],"metas":{"m_17":{"value":true,"confidence":{"state":"pre-added","who":["user:hyesu1010"],"prob":1}},"m_24":{"value":"others","confidence":{"state":"pre-added","who":["user:hyesu1010"],"prob":1}}},"entities":[{"classId":"e_26","part":"s1s2p1","offsets":[{"start":0,"text":"Cytochrome P450"}],"coordinates":[],"confidence":{"state":"pre-added","who":["ml:regex"],"prob":0},"fields":{},"normalizations":{}},{"classId":"e_33","part":"s1s3p1","offsets":[{"start":0,"text":"lobster"}],"coordinates":[],"confidence":{"state":"pre-added","who":["ml:regex"],"prob":0},"fields":{},"normalizations":{}},{"classId":"e_26","part":"s1s5p1","offsets":[{"start":44,"text":"cytochrome P450"}],"coordinates":[],"confidence":{"state":"pre-added","who":["ml:regex","user:hyesu1010"],"prob":1},"fields":{},"normalizations":{}},{"classId":"e_33","part":"s1s5p1","offsets":[{"start":100,"text":"crustacean"}],"coordinates":[],"confidence":{"state":"pre-added","who":["user:hyesu1010"],"prob":1},"fields":{},"normalizations":{}},{"classId":"e_26","part":"s1s5p1","offsets":[{"start":140,"text":"monooxygenase"}],"coordinates":[],"confidence":{"state":"pre-added","who":["ml:regex"],"prob":0},"fields":{},"normalizations":{}},{"classId":"e_27","part":"s1s5p1","offsets":[{"start":262,"text":"Cytochrome P450 and monooxygenase activities have been reported in other crustacean organs including the antennal gland (green gland) and stomach."}],"coordinates":[],"confidence":{"state":"pre-added","who":["user:hyesu1010"],"prob":1},"fields":{},"normalizations":{}},{"classId":"e_26","part":"s1s5p1","offsets":[{"start":262,"text":"Cytochrome P450"}],"coordinates":[],"confidence":{"state":"pre-added","who":["user:hyesu1010"],"prob":1},"fields":{},"normalizations":{}},{"classId":"e_26","part":"s1s5p1","offsets":[{"start":282,"text":"monooxygenase"}],"coordinates":[],"confidence":{"state":"pre-added","who":["user:hyesu1010"],"prob":1},"fields":{},"normalizations":{}},{"classId":"e_33","part":"s1s5p1","offsets":[{"start":335,"text":"crustacean"}],"coordinates":[],"confidence":{"state":"pre-added","who":["ml:regex","user:hyesu1010"],"prob":1},"fields":{},"normalizations":{}},{"classId":"e_27","part":"s1s5p1","offsets":[{"start":412,"text":"NADPH cytochrome c reductase activity is often very low (typically less than 10 nmol cytochrome c reduced/min per mg microsomal protein) in hepatopancreas microsomes from crustacean species."}],"coordinates":[],"confidence":{"state":"pre-added","who":["user:hyesu1010"],"prob":1},"fields":{"f_20":{"value":true,"confidence":{"state":"pre-added","who":["user:hyesu1010"],"prob":1}}},"normalizations":{}},{"classId":"e_26","part":"s1s5p1","offsets":[{"start":412,"text":"NADPH cytochrome c reductase"}],"coordinates":[],"confidence":{"state":"pre-added","who":["user:hyesu1010"],"prob":1},"fields":{},"normalizations":{}},{"classId":"e_33","part":"s1s5p1","offsets":[{"start":583,"text":"crustacean"}],"coordinates":[],"confidence":{"state":"pre-added","who":["ml:regex","user:hyesu1010"],"prob":1},"fields":{},"normalizations":{}},{"classId":"e_27","part":"s1s5p1","offsets":[{"start":603,"text":"NADPH cytochrome P450 reductase activity has not yet been detected in crustacean hepatopancreas microsomes."}],"coordinates":[],"confidence":{"state":"pre-added","who":["user:hyesu1010"],"prob":1},"fields":{"f_20":{"value":true,"confidence":{"state":"pre-added","who":["user:hyesu1010"],"prob":1}}},"normalizations":{}},{"classId":"e_26","part":"s1s5p1","offsets":[{"start":603,"text":"NADPH cytochrome P450 reductase"}],"coordinates":[],"confidence":{"state":"pre-added","who":["user:hyesu1010"],"prob":1},"fields":{},"normalizations":{}},{"classId":"e_33","part":"s1s5p1","offsets":[{"start":673,"text":"crustacean"}],"coordinates":[],"confidence":{"state":"pre-added","who":["ml:regex","user:hyesu1010"],"prob":1},"fields":{},"normalizations":{}},{"classId":"e_26","part":"s1s5p1","offsets":[{"start":718,"text":"cytochrome P450"}],"coordinates":[],"confidence":{"state":"pre-added","who":["user:hyesu1010"],"prob":1},"fields":{},"normalizations":{}},{"classId":"e_33","part":"s1s5p1","offsets":[{"start":771,"text":"crab"}],"coordinates":[],"confidence":{"state":"pre-added","who":["user:hyesu1010"],"prob":1},"fields":{},"normalizations":{}},{"classId":"e_33","part":"s1s5p1","offsets":[{"start":798,"text":"lobster"}],"coordinates":[],"confidence":{"state":"pre-added","who":["user:hyesu1010"],"prob":1},"fields":{},"normalizations":{}},{"classId":"e_26","part":"s1s5p1","offsets":[{"start":896,"text":"cytochrome P450"}],"coordinates":[],"confidence":{"state":"pre-added","who":["ml:regex"],"prob":0},"fields":{},"normalizations":{}},{"classId":"e_33","part":"s1s5p1","offsets":[{"start":923,"text":"lobster"}],"coordinates":[],"confidence":{"state":"pre-added","who":["ml:regex"],"prob":0},"fields":{},"normalizations":{}},{"classId":"e_33","part":"s1s5p1","offsets":[{"start":1015,"text":"lobster"}],"coordinates":[],"confidence":{"state":"pre-added","who":["ml:regex"],"prob":0},"fields":{},"normalizations":{}},{"classId":"e_33","part":"s1s5p1","offsets":[{"start":1167,"text":"crustacean"}],"coordinates":[],"confidence":{"state":"pre-added","who":["ml:regex"],"prob":0},"fields":{"f_20":{"value":true,"confidence":{"state":"pre-added","who":["user:hyesu1010"],"prob":1}}},"normalizations":{}},{"classId":"e_26","part":"s1s5p1","offsets":[{"start":1557,"text":"cytochrome P450"}],"coordinates":[],"confidence":{"state":"pre-added","who":["ml:regex"],"prob":0},"fields":{},"normalizations":{}},{"classId":"e_26","part":"s1s5p1","offsets":[{"start":1583,"text":"cytochrome P450"}],"coordinates":[],"confidence":{"state":"pre-added","who":["ml:regex"],"prob":0},"fields":{},"normalizations":{}},{"classId":"e_26","part":"s1s5p1","offsets":[{"start":1743,"text":"cytochrome P450"}],"coordinates":[],"confidence":{"state":"pre-added","who":["ml:regex"],"prob":0},"fields":{},"normalizations":{}},{"classId":"e_26","part":"s1s5p1","offsets":[{"start":1904,"text":"monooxygenase"}],"coordinates":[],"confidence":{"state":"pre-added","who":["ml:regex"],"prob":0},"fields":{},"normalizations":{}}],"relations":[{"classId":"r_35","type":"linked","directed":false,"entities":["s1s5p1|e_33|335,344","s1s5p1|e_27|262,407"],"confidence":{"state":"pre-added","who":["user:hyesu1010"],"prob":1}},{"classId":"r_35","type":"linked","directed":false,"entities":["s1s5p1|e_33|583,592","s1s5p1|e_27|412,601"],"confidence":{"state":"pre-added","who":["user:hyesu1010"],"prob":1}},{"classId":"r_35","type":"linked","directed":false,"entities":["s1s5p1|e_33|673,682","s1s5p1|e_27|603,709"],"confidence":{"state":"pre-added","who":["user:hyesu1010"],"prob":1}},{"classId":"r_40","type":"linked","directed":false,"entities":["s1s5p1|e_26|44,58","s1s5p1|e_27|262,407"],"confidence":{"state":"pre-added","who":["user:hyesu1010"],"prob":1}},{"classId":"r_40","type":"linked","directed":false,"entities":["s1s5p1|e_26|282,294","s1s5p1|e_27|262,407"],"confidence":{"state":"pre-added","who":["user:hyesu1010"],"prob":1}}]}