{"annotatable":{"parts":["s1s1h1","s1s1p1","s1s2h1","s1s2p1","s1s3h1","s1s3p1","s1s4h1","s1s4p1","s1s5h1","s1s5p1","s1s6h1","s1s6p1","s1s7h1","s1s7p1","s1s8h1","s1s8p1","s1s9h1","s1s9p1","s1s10h1","s1s10p1"]},"anncomplete":true,"sources":[],"metas":{"m_17":{"value":false,"confidence":{"state":"pre-added","who":["user:hyesu1010"],"prob":1}}},"entities":[{"classId":"e_27","part":"s1s5p1","offsets":[{"start":0,"text":"cherry"}],"coordinates":[],"confidence":{"state":"pre-added","who":["user:hyesu1010"],"prob":1},"fields":{},"normalizations":{}},{"classId":"e_27","part":"s1s7p1","offsets":[{"start":418,"text":"cherry"}],"coordinates":[],"confidence":{"state":"pre-added","who":["ml:regex"],"prob":0},"fields":{},"normalizations":{}},{"classId":"e_27","part":"s1s7p1","offsets":[{"start":1366,"text":"Cherry"}],"coordinates":[],"confidence":{"state":"pre-added","who":["ml:regex"],"prob":0},"fields":{},"normalizations":{}}],"relations":[]}