{"annotatable":{"parts":["s1s1h1","s1s1p1","s1s2h1","s1s2p1","s1s3h1","s1s3p1","s1s4h1","s1s4p1","s1s5h1","s1s5p1"]},"anncomplete":true,"sources":[],"metas":{"m_24":{"value":"animal in-vivo","confidence":{"state":"pre-added","who":["user:minjilee96"],"prob":1}},"m_17":{"value":true,"confidence":{"state":"pre-added","who":["user:minjilee96"],"prob":1}}},"entities":[{"classId":"e_61","part":"s1s2p1","offsets":[{"start":0,"text":"Resveratrol"}],"coordinates":[],"confidence":{"state":"pre-added","who":["ml:regex"],"prob":0},"fields":{},"normalizations":{}},{"classId":"e_29","part":"s1s2p1","offsets":[{"start":24,"text":"Clonidine"}],"coordinates":[],"confidence":{"state":"pre-added","who":["ml:regex"],"prob":0},"fields":{},"normalizations":{}},{"classId":"e_32","part":"s1s2p1","offsets":[{"start":85,"text":"Akt"}],"coordinates":[],"confidence":{"state":"pre-added","who":["ml:regex"],"prob":0},"fields":{},"normalizations":{}},{"classId":"e_32","part":"s1s2p1","offsets":[{"start":93,"text":"Endothelial Nitric Oxide Synthase"}],"coordinates":[],"confidence":{"state":"pre-added","who":["ml:regex"],"prob":0},"fields":{},"normalizations":{}},{"classId":"e_61","part":"s1s3p1","offsets":[{"start":0,"text":"Resveratrol"}],"coordinates":[],"confidence":{"state":"pre-added","who":["ml:regex"],"prob":0},"fields":{},"normalizations":{}},{"classId":"e_29","part":"s1s4p1","offsets":[{"start":0,"text":"acetylcholine"}],"coordinates":[],"confidence":{"state":"pre-added","who":["ml:regex"],"prob":0},"fields":{},"normalizations":{}},{"classId":"e_61","part":"s1s5p1","offsets":[{"start":90,"text":"Resveratrol"}],"coordinates":[],"confidence":{"state":"pre-added","who":["user:minjilee96"],"prob":1},"fields":{},"normalizations":{}},{"classId":"e_61","part":"s1s5p1","offsets":[{"start":103,"text":"RV"}],"coordinates":[],"confidence":{"state":"pre-added","who":["ml:regex","user:minjilee96"],"prob":1},"fields":{},"normalizations":{}},{"classId":"e_32","part":"s1s5p1","offsets":[{"start":322,"text":"Akt"}],"coordinates":[],"confidence":{"state":"pre-added","who":["user:minjilee96"],"prob":1},"fields":{},"normalizations":{}},{"classId":"e_32","part":"s1s5p1","offsets":[{"start":326,"text":"endothelial nitric oxide synthase"}],"coordinates":[],"confidence":{"state":"pre-added","who":["user:minjilee96"],"prob":1},"fields":{},"normalizations":{}},{"classId":"e_32","part":"s1s5p1","offsets":[{"start":361,"text":"eNOS"}],"coordinates":[],"confidence":{"state":"pre-added","who":["ml:regex"],"prob":0},"fields":{},"normalizations":{}},{"classId":"e_61","part":"s1s5p1","offsets":[{"start":382,"text":"RV"}],"coordinates":[],"confidence":{"state":"pre-added","who":["ml:regex","user:minjilee96"],"prob":1},"fields":{},"normalizations":{}},{"classId":"e_29","part":"s1s5p1","offsets":[{"start":530,"text":"acetylcholine"}],"coordinates":[],"confidence":{"state":"pre-added","who":["user:minjilee96"],"prob":1},"fields":{},"normalizations":{}},{"classId":"e_29","part":"s1s5p1","offsets":[{"start":545,"text":"ACh"}],"coordinates":[],"confidence":{"state":"pre-added","who":["ml:regex"],"prob":0},"fields":{},"normalizations":{}},{"classId":"e_61","part":"s1s5p1","offsets":[{"start":554,"text":"RV"}],"coordinates":[],"confidence":{"state":"pre-added","who":["ml:regex"],"prob":0},"fields":{},"normalizations":{}},{"classId":"e_29","part":"s1s5p1","offsets":[{"start":571,"text":"ACh"}],"coordinates":[],"confidence":{"state":"pre-added","who":["user:minjilee96"],"prob":1},"fields":{},"normalizations":{}},{"classId":"e_27","part":"s1s5p1","offsets":[{"start":571,"text":"ACh-induced endothelium-dependent relaxation was markedly increased in controls by RV pretreatment."}],"coordinates":[],"confidence":{"state":"pre-added","who":["user:minjilee96"],"prob":1},"fields":{},"normalizations":{}},{"classId":"e_61","part":"s1s5p1","offsets":[{"start":654,"text":"RV"}],"coordinates":[],"confidence":{"state":"pre-added","who":["user:minjilee96"],"prob":1},"fields":{},"normalizations":{}},{"classId":"e_61","part":"s1s5p1","offsets":[{"start":684,"text":"RV"}],"coordinates":[],"confidence":{"state":"pre-added","who":["ml:regex"],"prob":0},"fields":{},"normalizations":{}},{"classId":"e_32","part":"s1s5p1","offsets":[{"start":726,"text":"Akt"}],"coordinates":[],"confidence":{"state":"pre-added","who":["ml:regex"],"prob":0},"fields":{},"normalizations":{}},{"classId":"e_32","part":"s1s5p1","offsets":[{"start":905,"text":"Akt"}],"coordinates":[],"confidence":{"state":"pre-added","who":["ml:regex"],"prob":0},"fields":{},"normalizations":{}},{"classId":"e_32","part":"s1s5p1","offsets":[{"start":913,"text":"eNOS"}],"coordinates":[],"confidence":{"state":"pre-added","who":["ml:regex"],"prob":0},"fields":{},"normalizations":{}},{"classId":"e_61","part":"s1s5p1","offsets":[{"start":939,"text":"RV"}],"coordinates":[],"confidence":{"state":"pre-added","who":["user:minjilee96"],"prob":1},"fields":{},"normalizations":{}},{"classId":"e_27","part":"s1s5p1","offsets":[{"start":939,"text":"RV caused the phosphorylation of Akt and eNOS in aortas, which was decreased in diabetic mice."}],"coordinates":[],"confidence":{"state":"pre-added","who":["user:minjilee96"],"prob":1},"fields":{},"normalizations":{}},{"classId":"e_32","part":"s1s5p1","offsets":[{"start":972,"text":"Akt"}],"coordinates":[],"confidence":{"state":"pre-added","who":["user:minjilee96"],"prob":1},"fields":{},"normalizations":{}},{"classId":"e_32","part":"s1s5p1","offsets":[{"start":980,"text":"eNOS"}],"coordinates":[],"confidence":{"state":"pre-added","who":["user:minjilee96"],"prob":1},"fields":{},"normalizations":{}},{"classId":"e_27","part":"s1s5p1","offsets":[{"start":1034,"text":"However, RV augmented the impaired clonidine-induced relaxation in diabetic mice."}],"coordinates":[],"confidence":{"state":"pre-added","who":["user:minjilee96"],"prob":1},"fields":{},"normalizations":{}},{"classId":"e_61","part":"s1s5p1","offsets":[{"start":1043,"text":"RV"}],"coordinates":[],"confidence":{"state":"pre-added","who":["user:minjilee96"],"prob":1},"fields":{},"normalizations":{}},{"classId":"e_29","part":"s1s5p1","offsets":[{"start":1069,"text":"clonidine"}],"coordinates":[],"confidence":{"state":"pre-added","who":["user:minjilee96"],"prob":1},"fields":{},"normalizations":{}},{"classId":"e_27","part":"s1s5p1","offsets":[{"start":1116,"text":"Interestingly, the phosphorylation of Akt and eNOS was increased under stimulation with RV and clonidine only in diabetic mice."}],"coordinates":[],"confidence":{"state":"pre-added","who":["user:minjilee96"],"prob":1},"fields":{},"normalizations":{}},{"classId":"e_32","part":"s1s5p1","offsets":[{"start":1154,"text":"Akt"}],"coordinates":[],"confidence":{"state":"pre-added","who":["user:minjilee96"],"prob":1},"fields":{},"normalizations":{}},{"classId":"e_32","part":"s1s5p1","offsets":[{"start":1162,"text":"eNOS"}],"coordinates":[],"confidence":{"state":"pre-added","who":["user:minjilee96"],"prob":1},"fields":{},"normalizations":{}},{"classId":"e_61","part":"s1s5p1","offsets":[{"start":1204,"text":"RV"}],"coordinates":[],"confidence":{"state":"pre-added","who":["user:minjilee96"],"prob":1},"fields":{},"normalizations":{}},{"classId":"e_29","part":"s1s5p1","offsets":[{"start":1211,"text":"clonidine"}],"coordinates":[],"confidence":{"state":"pre-added","who":["user:minjilee96"],"prob":1},"fields":{},"normalizations":{}},{"classId":"e_27","part":"s1s5p1","offsets":[{"start":1244,"text":"Thus, either RV or clonidine causes Akt-dependent NO-mediated relaxation, which is weaker in diabetic mice than controls."}],"coordinates":[],"confidence":{"state":"pre-added","who":["user:minjilee96"],"prob":1},"fields":{},"normalizations":{}},{"classId":"e_61","part":"s1s5p1","offsets":[{"start":1257,"text":"RV"}],"coordinates":[],"confidence":{"state":"pre-added","who":["ml:regex","user:minjilee96"],"prob":1},"fields":{},"normalizations":{}},{"classId":"e_29","part":"s1s5p1","offsets":[{"start":1263,"text":"clonidine"}],"coordinates":[],"confidence":{"state":"pre-added","who":["ml:regex","user:minjilee96"],"prob":1},"fields":{},"normalizations":{}},{"classId":"e_32","part":"s1s5p1","offsets":[{"start":1280,"text":"Akt"}],"coordinates":[],"confidence":{"state":"pre-added","who":["ml:regex","user:minjilee96"],"prob":1},"fields":{},"normalizations":{}},{"classId":"e_27","part":"s1s5p1","offsets":[{"start":1366,"text":"However, additional exposure to RV and clonidine has an augmenting effect on the Akt/eNOS signaling pathway under diabetic conditions."}],"coordinates":[],"confidence":{"state":"pre-added","who":["user:minjilee96"],"prob":1},"fields":{},"normalizations":{}},{"classId":"e_61","part":"s1s5p1","offsets":[{"start":1398,"text":"RV"}],"coordinates":[],"confidence":{"state":"pre-added","who":["user:minjilee96"],"prob":1},"fields":{},"normalizations":{}},{"classId":"e_29","part":"s1s5p1","offsets":[{"start":1405,"text":"clonidine"}],"coordinates":[],"confidence":{"state":"pre-added","who":["user:minjilee96"],"prob":1},"fields":{},"normalizations":{}},{"classId":"e_32","part":"s1s5p1","offsets":[{"start":1447,"text":"Akt"}],"coordinates":[],"confidence":{"state":"pre-added","who":["user:minjilee96"],"prob":1},"fields":{},"normalizations":{}},{"classId":"e_32","part":"s1s5p1","offsets":[{"start":1451,"text":"eNOS"}],"coordinates":[],"confidence":{"state":"pre-added","who":["user:minjilee96"],"prob":1},"fields":{},"normalizations":{}},{"classId":"e_61","part":"s1s5p1","offsets":[{"start":1501,"text":"RV"}],"coordinates":[],"confidence":{"state":"pre-added","who":["user:minjilee96"],"prob":1},"fields":{},"normalizations":{}},{"classId":"e_27","part":"s1s5p1","offsets":[{"start":1501,"text":"RV-induced Akt/eNOS activity may be a common link involved in the clonidine-induced Akt/eNOS activity, so RV and clonidine may have a synergistic eff"}],"coordinates":[],"confidence":{"state":"pre-added","who":["user:minjilee96"],"prob":1},"fields":{},"normalizations":{}},{"classId":"e_32","part":"s1s5p1","offsets":[{"start":1512,"text":"Akt"}],"coordinates":[],"confidence":{"state":"pre-added","who":["user:minjilee96"],"prob":1},"fields":{},"normalizations":{}},{"classId":"e_32","part":"s1s5p1","offsets":[{"start":1516,"text":"eNOS"}],"coordinates":[],"confidence":{"state":"pre-added","who":["user:minjilee96"],"prob":1},"fields":{},"normalizations":{}},{"classId":"e_29","part":"s1s5p1","offsets":[{"start":1567,"text":"clonidine"}],"coordinates":[],"confidence":{"state":"pre-added","who":["user:minjilee96"],"prob":1},"fields":{},"normalizations":{}},{"classId":"e_32","part":"s1s5p1","offsets":[{"start":1585,"text":"Akt"}],"coordinates":[],"confidence":{"state":"pre-added","who":["ml:regex","user:minjilee96"],"prob":1},"fields":{},"normalizations":{}},{"classId":"e_32","part":"s1s5p1","offsets":[{"start":1589,"text":"eNOS"}],"coordinates":[],"confidence":{"state":"pre-added","who":["ml:regex"],"prob":0},"fields":{},"normalizations":{}},{"classId":"e_61","part":"s1s5p1","offsets":[{"start":1607,"text":"RV"}],"coordinates":[],"confidence":{"state":"pre-added","who":["ml:regex","user:minjilee96"],"prob":1},"fields":{},"normalizations":{}},{"classId":"e_29","part":"s1s5p1","offsets":[{"start":1614,"text":"clonidine"}],"coordinates":[],"confidence":{"state":"pre-added","who":["ml:regex","user:minjilee96"],"prob":1},"fields":{},"normalizations":{}}],"relations":[{"classId":"r_36","type":"linked","directed":false,"entities":["s1s5p1|e_29|571,573","s1s5p1|e_27|571,669"],"confidence":{"state":"pre-added","who":["user:minjilee96"],"prob":1}},{"classId":"r_36","type":"linked","directed":false,"entities":["s1s5p1|e_29|1069,1077","s1s5p1|e_27|1034,1114"],"confidence":{"state":"pre-added","who":["user:minjilee96"],"prob":1}},{"classId":"r_36","type":"linked","directed":false,"entities":["s1s5p1|e_29|1211,1219","s1s5p1|e_27|1116,1242"],"confidence":{"state":"pre-added","who":["user:minjilee96"],"prob":1}},{"classId":"r_36","type":"linked","directed":false,"entities":["s1s5p1|e_29|1263,1271","s1s5p1|e_27|1244,1364"],"confidence":{"state":"pre-added","who":["user:minjilee96"],"prob":1}},{"classId":"r_36","type":"linked","directed":false,"entities":["s1s5p1|e_29|1405,1413","s1s5p1|e_27|1366,1499"],"confidence":{"state":"pre-added","who":["user:minjilee96"],"prob":1}},{"classId":"r_36","type":"linked","directed":false,"entities":["s1s5p1|e_29|1567,1575","s1s5p1|e_27|1501,1649"],"confidence":{"state":"pre-added","who":["user:minjilee96"],"prob":1}},{"classId":"r_42","type":"linked","directed":false,"entities":["s1s5p1|e_32|972,974","s1s5p1|e_27|939,1032"],"confidence":{"state":"pre-added","who":["user:minjilee96"],"prob":1}},{"classId":"r_42","type":"linked","directed":false,"entities":["s1s5p1|e_32|980,983","s1s5p1|e_27|939,1032"],"confidence":{"state":"pre-added","who":["user:minjilee96"],"prob":1}},{"classId":"r_42","type":"linked","directed":false,"entities":["s1s5p1|e_32|1154,1156","s1s5p1|e_27|1116,1242"],"confidence":{"state":"pre-added","who":["user:minjilee96"],"prob":1}},{"classId":"r_42","type":"linked","directed":false,"entities":["s1s5p1|e_32|1162,1165","s1s5p1|e_27|1116,1242"],"confidence":{"state":"pre-added","who":["user:minjilee96"],"prob":1}},{"classId":"r_42","type":"linked","directed":false,"entities":["s1s5p1|e_32|1280,1282","s1s5p1|e_27|1244,1364"],"confidence":{"state":"pre-added","who":["user:minjilee96"],"prob":1}},{"classId":"r_42","type":"linked","directed":false,"entities":["s1s5p1|e_32|1447,1449","s1s5p1|e_27|1366,1499"],"confidence":{"state":"pre-added","who":["user:minjilee96"],"prob":1}},{"classId":"r_42","type":"linked","directed":false,"entities":["s1s5p1|e_32|1451,1454","s1s5p1|e_27|1366,1499"],"confidence":{"state":"pre-added","who":["user:minjilee96"],"prob":1}},{"classId":"r_42","type":"linked","directed":false,"entities":["s1s5p1|e_32|1512,1514","s1s5p1|e_27|1501,1649"],"confidence":{"state":"pre-added","who":["user:minjilee96"],"prob":1}},{"classId":"r_42","type":"linked","directed":false,"entities":["s1s5p1|e_32|1516,1519","s1s5p1|e_27|1501,1649"],"confidence":{"state":"pre-added","who":["user:minjilee96"],"prob":1}},{"classId":"r_43","type":"linked","directed":false,"entities":["s1s5p1|e_29|530,542","s1s5p1|e_29|545,547"],"confidence":{"state":"pre-added","who":["user:minjilee96"],"prob":1}},{"classId":"r_49","type":"linked","directed":false,"entities":["s1s5p1|e_32|326,358","s1s5p1|e_32|361,364"],"confidence":{"state":"pre-added","who":["user:minjilee96"],"prob":1}},{"classId":"r_63","type":"linked","directed":false,"entities":["s1s5p1|e_61|90,100","s1s5p1|e_61|103,104"],"confidence":{"state":"pre-added","who":["user:minjilee96"],"prob":1}},{"classId":"r_65","type":"linked","directed":false,"entities":["s1s5p1|e_61|654,655","s1s5p1|e_27|571,669"],"confidence":{"state":"pre-added","who":["user:minjilee96"],"prob":1}},{"classId":"r_65","type":"linked","directed":false,"entities":["s1s5p1|e_61|939,940","s1s5p1|e_27|939,1032"],"confidence":{"state":"pre-added","who":["user:minjilee96"],"prob":1}},{"classId":"r_65","type":"linked","directed":false,"entities":["s1s5p1|e_61|1043,1044","s1s5p1|e_27|1034,1114"],"confidence":{"state":"pre-added","who":["user:minjilee96"],"prob":1}},{"classId":"r_65","type":"linked","directed":false,"entities":["s1s5p1|e_61|1204,1205","s1s5p1|e_27|1116,1242"],"confidence":{"state":"pre-added","who":["user:minjilee96"],"prob":1}},{"classId":"r_65","type":"linked","directed":false,"entities":["s1s5p1|e_61|1257,1258","s1s5p1|e_27|1244,1364"],"confidence":{"state":"pre-added","who":["user:minjilee96"],"prob":1}},{"classId":"r_65","type":"linked","directed":false,"entities":["s1s5p1|e_61|1398,1399","s1s5p1|e_27|1366,1499"],"confidence":{"state":"pre-added","who":["user:minjilee96"],"prob":1}},{"classId":"r_65","type":"linked","directed":false,"entities":["s1s5p1|e_61|1501,1502","s1s5p1|e_27|1501,1649"],"confidence":{"state":"pre-added","who":["user:minjilee96"],"prob":1}}]}