{"annotatable":{"parts":["s1s1h1","s1s1p1","s1s2h1","s1s2p1","s1s3h1","s1s3p1","s1s4h1","s1s4p1","s1s5h1","s1s5p1","s1s6h1","s1s6p1","s1s7h1","s1s7p1","s1s8h1","s1s8p1","s1s9h1","s1s9p1","s1s10h1","s1s10p1","s1s11h1","s1s11p1"]},"anncomplete":false,"sources":[],"metas":{"m_24":{"value":"animal in-vivo","confidence":{"state":"pre-added","who":["user:jykahng13"],"prob":1}},"m_17":{"value":true,"confidence":{"state":"pre-added","who":["user:jykahng13"],"prob":1}}},"entities":[{"classId":"e_61","part":"s1s2p1","offsets":[{"start":2,"text":"Silibinin"}],"coordinates":[],"confidence":{"state":"pre-added","who":["ml:regex"],"prob":0},"fields":{},"normalizations":{}},{"classId":"e_29","part":"s1s2p1","offsets":[{"start":22,"text":"zidovudine"}],"coordinates":[],"confidence":{"state":"pre-added","who":["ml:regex"],"prob":0},"fields":{},"normalizations":{}},{"classId":"e_33","part":"s1s5p1","offsets":[{"start":0,"text":"Silybum marianum"}],"coordinates":[],"confidence":{"state":"pre-added","who":["ml:regex"],"prob":0},"fields":{},"normalizations":{}},{"classId":"e_29","part":"s1s7p1","offsets":[{"start":12,"text":"zidovudine"}],"coordinates":[],"confidence":{"state":"pre-added","who":["user:jykahng13"],"prob":1},"fields":{},"normalizations":{}},{"classId":"e_29","part":"s1s7p1","offsets":[{"start":24,"text":"AZT"}],"coordinates":[],"confidence":{"state":"pre-added","who":["user:jykahng13"],"prob":1},"fields":{},"normalizations":{}},{"classId":"e_61","part":"s1s7p1","offsets":[{"start":370,"text":"silibinin"}],"coordinates":[],"confidence":{"state":"pre-added","who":["user:jykahng13"],"prob":1},"fields":{},"normalizations":{}},{"classId":"e_61","part":"s1s7p1","offsets":[{"start":381,"text":"SBN"}],"coordinates":[],"confidence":{"state":"pre-added","who":["user:jykahng13"],"prob":1},"fields":{},"normalizations":{}},{"classId":"e_33","part":"s1s7p1","offsets":[{"start":417,"text":"Silybum marianum"}],"coordinates":[],"confidence":{"state":"pre-added","who":["user:jykahng13"],"prob":1},"fields":{},"normalizations":{}},{"classId":"e_29","part":"s1s7p1","offsets":[{"start":451,"text":"AZT"}],"coordinates":[],"confidence":{"state":"pre-added","who":["ml:regex"],"prob":0},"fields":{},"normalizations":{}},{"classId":"e_29","part":"s1s7p1","offsets":[{"start":508,"text":"AZT"}],"coordinates":[],"confidence":{"state":"pre-added","who":["ml:regex"],"prob":0},"fields":{},"normalizations":{}},{"classId":"e_27","part":"s1s7p1","offsets":[{"start":1148,"text":"Simultaneous treatment of SBN (100 mg/kg b.w. p.o., daily for 45 days) significantly protected the liver against hepatotoxicity, oxidative stress and hyperlipidaemia induced by AZT, and this alleviating property is attributed to hepatoprotective, membrane-stabilizing, antioxidant and free radical scavengi"}],"coordinates":[],"confidence":{"state":"pre-added","who":["user:jykahng13"],"prob":1},"fields":{},"normalizations":{}},{"classId":"e_61","part":"s1s7p1","offsets":[{"start":1174,"text":"SBN"}],"coordinates":[],"confidence":{"state":"pre-added","who":["ml:regex","user:jykahng13"],"prob":1},"fields":{},"normalizations":{}},{"classId":"e_29","part":"s1s7p1","offsets":[{"start":1325,"text":"AZT"}],"coordinates":[],"confidence":{"state":"pre-added","who":["ml:regex","user:jykahng13"],"prob":1},"fields":{},"normalizations":{}}],"relations":[{"classId":"r_35","type":"linked","directed":false,"entities":["s1s7p1|e_33|417,432","s1s7p1|e_27|1148,1453"],"confidence":{"state":"pre-added","who":["user:jykahng13"],"prob":1}},{"classId":"r_36","type":"linked","directed":false,"entities":["s1s7p1|e_29|1325,1327","s1s7p1|e_27|1148,1453"],"confidence":{"state":"pre-added","who":["user:jykahng13"],"prob":1}},{"classId":"r_43","type":"linked","directed":false,"entities":["s1s7p1|e_29|12,21","s1s7p1|e_29|24,26"],"confidence":{"state":"pre-added","who":["user:jykahng13"],"prob":1}},{"classId":"r_62","type":"linked","directed":false,"entities":["s1s7p1|e_33|417,432","s1s7p1|e_61|381,383"],"confidence":{"state":"pre-added","who":["user:jykahng13"],"prob":1}},{"classId":"r_63","type":"linked","directed":false,"entities":["s1s7p1|e_61|381,383","s1s7p1|e_61|370,378"],"confidence":{"state":"pre-added","who":["user:jykahng13"],"prob":1}},{"classId":"r_65","type":"linked","directed":false,"entities":["s1s7p1|e_61|1174,1176","s1s7p1|e_27|1148,1453"],"confidence":{"state":"pre-added","who":["user:jykahng13"],"prob":1}}]}