{"annotatable":{"parts":["s1s1h1","s1s1p1","s1s2h1","s1s2p1","s1s3h1","s1s3p1","s1s4h1","s1s4p1","s1s5h1","s1s5p1"]},"anncomplete":true,"sources":[],"metas":{"m_24":{"value":"RCTs","confidence":{"state":"pre-added","who":["user:hyunsujeong"],"prob":1}},"m_17":{"value":true,"confidence":{"state":"pre-added","who":["user:hyunsujeong"],"prob":1}}},"entities":[{"classId":"e_33","part":"s1s2p1","offsets":[{"start":0,"text":"Coenzyme Q10"}],"coordinates":[],"confidence":{"state":"pre-added","who":["ml:regex"],"prob":0},"fields":{},"normalizations":{}},{"classId":"e_29","part":"s1s2p1","offsets":[{"start":41,"text":"insulin"}],"coordinates":[],"confidence":{"state":"pre-added","who":["ml:regex","user:hyunsujeong"],"prob":1},"fields":{},"normalizations":{}},{"classId":"e_29","part":"s1s2p1","offsets":[{"start":64,"text":"statin"}],"coordinates":[],"confidence":{"state":"pre-added","who":["ml:regex"],"prob":0},"fields":{},"normalizations":{}},{"classId":"e_33","part":"s1s3p1","offsets":[{"start":0,"text":"Coenzyme Q10"}],"coordinates":[],"confidence":{"state":"pre-added","who":["ml:regex"],"prob":0},"fields":{},"normalizations":{}},{"classId":"e_29","part":"s1s4p1","offsets":[{"start":0,"text":"simvastatin"}],"coordinates":[],"confidence":{"state":"pre-added","who":["ml:regex"],"prob":0},"fields":{},"normalizations":{}},{"classId":"e_29","part":"s1s5p1","offsets":[{"start":1,"text":"Simvastatin"}],"coordinates":[],"confidence":{"state":"pre-added","who":["ml:regex"],"prob":0},"fields":{},"normalizations":{}},{"classId":"e_32","part":"s1s5p1","offsets":[{"start":18,"text":"cholesterol"}],"coordinates":[],"confidence":{"state":"pre-added","who":["user:hyunsujeong"],"prob":1},"fields":{},"normalizations":{}},{"classId":"e_32","part":"s1s5p1","offsets":[{"start":138,"text":"cholesterol"}],"coordinates":[],"confidence":{"state":"pre-added","who":["ml:regex"],"prob":0},"fields":{},"normalizations":{}},{"classId":"e_29","part":"s1s5p1","offsets":[{"start":212,"text":"statin"}],"coordinates":[],"confidence":{"state":"pre-added","who":["user:hyunsujeong"],"prob":1},"fields":{},"normalizations":{}},{"classId":"e_33","part":"s1s5p1","offsets":[{"start":268,"text":"Coenzyme Q10"}],"coordinates":[],"confidence":{"state":"pre-added","who":["user:hyunsujeong"],"prob":1},"fields":{},"normalizations":{}},{"classId":"e_33","part":"s1s5p1","offsets":[{"start":282,"text":"CoQ10"}],"coordinates":[],"confidence":{"state":"pre-added","who":["ml:regex"],"prob":0},"fields":{},"normalizations":{}},{"classId":"e_29","part":"s1s5p1","offsets":[{"start":331,"text":"glucose"}],"coordinates":[],"confidence":{"state":"pre-added","who":["ml:regex"],"prob":0},"fields":{},"normalizations":{}},{"classId":"e_29","part":"s1s5p1","offsets":[{"start":406,"text":"glucose"}],"coordinates":[],"confidence":{"state":"pre-added","who":["ml:regex"],"prob":0},"fields":{},"normalizations":{}},{"classId":"e_33","part":"s1s5p1","offsets":[{"start":483,"text":"CoQ10"}],"coordinates":[],"confidence":{"state":"pre-added","who":["ml:regex"],"prob":0},"fields":{},"normalizations":{}},{"classId":"e_29","part":"s1s5p1","offsets":[{"start":517,"text":"glucose"}],"coordinates":[],"confidence":{"state":"pre-added","who":["ml:regex"],"prob":0},"fields":{},"normalizations":{}},{"classId":"e_29","part":"s1s5p1","offsets":[{"start":540,"text":"simvastatin"}],"coordinates":[],"confidence":{"state":"pre-added","who":["ml:regex"],"prob":0},"fields":{},"normalizations":{}},{"classId":"e_29","part":"s1s5p1","offsets":[{"start":636,"text":"simvastatin"}],"coordinates":[],"confidence":{"state":"pre-added","who":["user:hyunsujeong"],"prob":1},"fields":{},"normalizations":{}},{"classId":"e_33","part":"s1s5p1","offsets":[{"start":706,"text":"CoQ10"}],"coordinates":[],"confidence":{"state":"pre-added","who":["user:hyunsujeong"],"prob":1},"fields":{},"normalizations":{}},{"classId":"e_29","part":"s1s5p1","offsets":[{"start":752,"text":"Glucose"}],"coordinates":[],"confidence":{"state":"pre-added","who":["ml:regex"],"prob":0},"fields":{},"normalizations":{}},{"classId":"e_29","part":"s1s5p1","offsets":[{"start":822,"text":"glucose"}],"coordinates":[],"confidence":{"state":"pre-added","who":["ml:regex"],"prob":0},"fields":{},"normalizations":{}},{"classId":"e_29","part":"s1s5p1","offsets":[{"start":868,"text":"glucose"}],"coordinates":[],"confidence":{"state":"pre-added","who":["ml:regex"],"prob":0},"fields":{},"normalizations":{}},{"classId":"e_29","part":"s1s5p1","offsets":[{"start":892,"text":"Insulin"}],"coordinates":[],"confidence":{"state":"pre-added","who":["ml:regex"],"prob":0},"fields":{},"normalizations":{}},{"classId":"e_29","part":"s1s5p1","offsets":[{"start":1058,"text":"insulin"}],"coordinates":[],"confidence":{"state":"pre-added","who":["ml:regex"],"prob":0},"fields":{},"normalizations":{}},{"classId":"e_27","part":"s1s5p1","offsets":[{"start":1170,"text":"There were no changes in body composition, fasting plasma insulin, fasting plasma glucose, or 3-h glucose with intervention, but glycated hemoglobin decreased with time."}],"coordinates":[],"confidence":{"state":"pre-added","who":["user:hyunsujeong"],"prob":1},"fields":{"f_20":{"value":true,"confidence":{"state":"pre-added","who":["user:hyunsujeong"],"prob":1}}},"normalizations":{}},{"classId":"e_29","part":"s1s5p1","offsets":[{"start":1228,"text":"insulin"}],"coordinates":[],"confidence":{"state":"pre-added","who":["user:hyunsujeong"],"prob":1},"fields":{},"normalizations":{}},{"classId":"e_29","part":"s1s5p1","offsets":[{"start":1252,"text":"glucose"}],"coordinates":[],"confidence":{"state":"pre-added","who":["user:hyunsujeong"],"prob":1},"fields":{},"normalizations":{}},{"classId":"e_29","part":"s1s5p1","offsets":[{"start":1268,"text":"glucose"}],"coordinates":[],"confidence":{"state":"pre-added","who":["ml:regex"],"prob":0},"fields":{},"normalizations":{}},{"classId":"e_27","part":"s1s5p1","offsets":[{"start":1340,"text":"Glucose homeostasis measured as the area under the curve for glucose, insulin, and C-peptide during OGTT was unchanged after intervention."}],"coordinates":[],"confidence":{"state":"pre-added","who":["user:hyunsujeong"],"prob":1},"fields":{"f_20":{"value":true,"confidence":{"state":"pre-added","who":["user:hyunsujeong"],"prob":1}}},"normalizations":{}},{"classId":"e_29","part":"s1s5p1","offsets":[{"start":1340,"text":"Glucose"}],"coordinates":[],"confidence":{"state":"pre-added","who":["user:hyunsujeong"],"prob":1},"fields":{},"normalizations":{}},{"classId":"e_29","part":"s1s5p1","offsets":[{"start":1401,"text":"glucose"}],"coordinates":[],"confidence":{"state":"pre-added","who":["ml:regex","user:hyunsujeong"],"prob":1},"fields":{},"normalizations":{}},{"classId":"e_29","part":"s1s5p1","offsets":[{"start":1410,"text":"insulin"}],"coordinates":[],"confidence":{"state":"pre-added","who":["user:hyunsujeong"],"prob":1},"fields":{},"normalizations":{}},{"classId":"e_29","part":"s1s5p1","offsets":[{"start":1423,"text":"C-peptide"}],"coordinates":[],"confidence":{"state":"pre-added","who":["user:hyunsujeong"],"prob":1},"fields":{},"normalizations":{}},{"classId":"e_33","part":"s1s5p1","offsets":[{"start":1465,"text":"intervention"}],"coordinates":[],"confidence":{"state":"pre-added","who":["user:hyunsujeong"],"prob":1},"fields":{},"normalizations":{}},{"classId":"e_29","part":"s1s5p1","offsets":[{"start":1479,"text":"Insulin"}],"coordinates":[],"confidence":{"state":"pre-added","who":["user:hyunsujeong"],"prob":1},"fields":{},"normalizations":{}},{"classId":"e_27","part":"s1s5p1","offsets":[{"start":1479,"text":"Insulin secretory capacity was also unaltered after CoQ10 supplementation."}],"coordinates":[],"confidence":{"state":"pre-added","who":["user:hyunsujeong"],"prob":1},"fields":{},"normalizations":{}},{"classId":"e_33","part":"s1s5p1","offsets":[{"start":1531,"text":"CoQ10"}],"coordinates":[],"confidence":{"state":"pre-added","who":["user:hyunsujeong"],"prob":1},"fields":{},"normalizations":{}},{"classId":"e_29","part":"s1s5p1","offsets":[{"start":1554,"text":"Insulin"}],"coordinates":[],"confidence":{"state":"pre-added","who":["user:hyunsujeong"],"prob":1},"fields":{},"normalizations":{}},{"classId":"e_29","part":"s1s5p1","offsets":[{"start":1600,"text":"insulin"}],"coordinates":[],"confidence":{"state":"pre-added","who":["user:hyunsujeong"],"prob":1},"fields":{},"normalizations":{}},{"classId":"e_27","part":"s1s5p1","offsets":[{"start":1631,"text":"No changes in muscle GLUT4 content was observed after intervention."}],"coordinates":[],"confidence":{"state":"pre-added","who":["user:hyunsujeong"],"prob":1},"fields":{"f_20":{"value":true,"confidence":{"state":"pre-added","who":["user:hyunsujeong"],"prob":1}}},"normalizations":{}},{"classId":"e_28","part":"s1s5p1","offsets":[{"start":1652,"text":"GLUT4"}],"coordinates":[],"confidence":{"state":"pre-added","who":["user:hyunsujeong"],"prob":1},"fields":{},"normalizations":{}},{"classId":"e_33","part":"s1s5p1","offsets":[{"start":1685,"text":"intervention"}],"coordinates":[],"confidence":{"state":"pre-added","who":["user:hyunsujeong"],"prob":1},"fields":{},"normalizations":{}},{"classId":"e_33","part":"s1s5p1","offsets":[{"start":1699,"text":"CoQ10"}],"coordinates":[],"confidence":{"state":"pre-added","who":["user:hyunsujeong"],"prob":1},"fields":{},"normalizations":{}},{"classId":"e_27","part":"s1s5p1","offsets":[{"start":1699,"text":"CoQ10 supplementation does not change muscle GLUT4 content, insulin sensitivity, or secretory capacity, but hepatic insulin sensitivity may impr"}],"coordinates":[],"confidence":{"state":"pre-added","who":["user:hyunsujeong"],"prob":1},"fields":{},"normalizations":{}},{"classId":"e_28","part":"s1s5p1","offsets":[{"start":1744,"text":"GLUT4"}],"coordinates":[],"confidence":{"state":"pre-added","who":["user:hyunsujeong"],"prob":1},"fields":{},"normalizations":{}},{"classId":"e_29","part":"s1s5p1","offsets":[{"start":1759,"text":"insulin"}],"coordinates":[],"confidence":{"state":"pre-added","who":["user:hyunsujeong"],"prob":1},"fields":{},"normalizations":{}},{"classId":"e_29","part":"s1s5p1","offsets":[{"start":1815,"text":"insulin"}],"coordinates":[],"confidence":{"state":"pre-added","who":["ml:regex","user:hyunsujeong"],"prob":1},"fields":{},"normalizations":{}}],"relations":[{"classId":"r_35","type":"linked","directed":false,"entities":["s1s5p1|e_33|1465,1476","s1s5p1|e_27|1340,1477"],"confidence":{"state":"pre-added","who":["user:hyunsujeong"],"prob":1}},{"classId":"r_35","type":"linked","directed":false,"entities":["s1s5p1|e_33|1685,1696","s1s5p1|e_27|1631,1697"],"confidence":{"state":"pre-added","who":["user:hyunsujeong"],"prob":1}},{"classId":"r_35","type":"linked","directed":false,"entities":["s1s5p1|e_33|1699,1703","s1s5p1|e_27|1699,1842"],"confidence":{"state":"pre-added","who":["user:hyunsujeong"],"prob":1}},{"classId":"r_36","type":"linked","directed":false,"entities":["s1s5p1|e_29|1228,1234","s1s5p1|e_27|1170,1338"],"confidence":{"state":"pre-added","who":["user:hyunsujeong"],"prob":1}},{"classId":"r_36","type":"linked","directed":false,"entities":["s1s5p1|e_29|1252,1258","s1s5p1|e_27|1170,1338"],"confidence":{"state":"pre-added","who":["user:hyunsujeong"],"prob":1}},{"classId":"r_36","type":"linked","directed":false,"entities":["s1s5p1|e_29|1401,1407","s1s5p1|e_27|1340,1477"],"confidence":{"state":"pre-added","who":["user:hyunsujeong"],"prob":1}},{"classId":"r_36","type":"linked","directed":false,"entities":["s1s5p1|e_29|1410,1416","s1s5p1|e_27|1340,1477"],"confidence":{"state":"pre-added","who":["user:hyunsujeong"],"prob":1}},{"classId":"r_36","type":"linked","directed":false,"entities":["s1s5p1|e_29|1423,1431","s1s5p1|e_27|1340,1477"],"confidence":{"state":"pre-added","who":["user:hyunsujeong"],"prob":1}},{"classId":"r_36","type":"linked","directed":false,"entities":["s1s5p1|e_29|1479,1485","s1s5p1|e_27|1479,1552"],"confidence":{"state":"pre-added","who":["user:hyunsujeong"],"prob":1}},{"classId":"r_36","type":"linked","directed":false,"entities":["s1s5p1|e_29|1759,1765","s1s5p1|e_27|1699,1842"],"confidence":{"state":"pre-added","who":["user:hyunsujeong"],"prob":1}},{"classId":"r_36","type":"linked","directed":false,"entities":["s1s5p1|e_29|1815,1821","s1s5p1|e_27|1699,1842"],"confidence":{"state":"pre-added","who":["user:hyunsujeong"],"prob":1}},{"classId":"r_41","type":"linked","directed":false,"entities":["s1s5p1|e_28|1652,1656","s1s5p1|e_27|1631,1697"],"confidence":{"state":"pre-added","who":["user:hyunsujeong"],"prob":1}},{"classId":"r_41","type":"linked","directed":false,"entities":["s1s5p1|e_28|1744,1748","s1s5p1|e_27|1699,1842"],"confidence":{"state":"pre-added","who":["user:hyunsujeong"],"prob":1}},{"classId":"r_46","type":"linked","directed":false,"entities":["s1s5p1|e_33|268,279","s1s5p1|e_33|282,286"],"confidence":{"state":"pre-added","who":["user:hyunsujeong"],"prob":1}},{"classId":"r_46","type":"linked","directed":false,"entities":["s1s5p1|e_33|706,710","s1s5p1|e_33|1465,1476"],"confidence":{"state":"pre-added","who":["user:hyunsujeong"],"prob":1}},{"classId":"r_46","type":"linked","directed":false,"entities":["s1s5p1|e_33|1531,1535","s1s5p1|e_33|268,279"],"confidence":{"state":"pre-added","who":["user:hyunsujeong"],"prob":1}},{"classId":"r_46","type":"linked","directed":false,"entities":["s1s5p1|e_33|1685,1696","s1s5p1|e_33|1531,1535"],"confidence":{"state":"pre-added","who":["user:hyunsujeong"],"prob":1}}]}