{"annotatable":{"parts":["s1s1h1","s1s1p1","s1s2h1","s1s2p1","s1s3h1","s1s3p1","s1s4h1","s1s4p1","s1s5h1","s1s5p1","s1s6h1","s1s6p1","s1s7h1","s1s7p1","s1s8h1","s1s8p1","s1s9h1","s1s9p1","s1s10h1","s1s10p1","s1s11h1","s1s11p1"]},"anncomplete":true,"sources":[],"metas":{"m_24":{"value":"animal in-vivo","confidence":{"state":"pre-added","who":["user:hyunsujeong"],"prob":1}},"m_17":{"value":true,"confidence":{"state":"pre-added","who":["user:hyunsujeong"],"prob":1}}},"entities":[{"classId":"e_29","part":"s1s2p1","offsets":[{"start":34,"text":"scopolamine"}],"coordinates":[],"confidence":{"state":"pre-added","who":["ml:regex"],"prob":0},"fields":{},"normalizations":{}},{"classId":"e_33","part":"s1s5p1","offsets":[{"start":0,"text":"Hippophae rhamnoides"}],"coordinates":[],"confidence":{"state":"pre-added","who":["ml:regex"],"prob":0},"fields":{},"normalizations":{}},{"classId":"e_29","part":"s1s6p1","offsets":[{"start":0,"text":"scopolamine"}],"coordinates":[],"confidence":{"state":"pre-added","who":["ml:regex"],"prob":0},"fields":{},"normalizations":{}},{"classId":"e_33","part":"s1s7p1","offsets":[{"start":88,"text":"Hippophae rhamnoides"}],"coordinates":[],"confidence":{"state":"pre-added","who":["user:hyunsujeong"],"prob":1},"fields":{},"normalizations":{}},{"classId":"e_33","part":"s1s7p1","offsets":[{"start":113,"text":"SBT"}],"coordinates":[],"confidence":{"state":"pre-added","who":["ml:regex"],"prob":0},"fields":{},"normalizations":{}},{"classId":"e_29","part":"s1s7p1","offsets":[{"start":128,"text":"scopolamine"}],"coordinates":[],"confidence":{"state":"pre-added","who":["ml:regex","user:hyunsujeong"],"prob":1},"fields":{},"normalizations":{}},{"classId":"e_29","part":"s1s7p1","offsets":[{"start":319,"text":"Scopolamine"}],"coordinates":[],"confidence":{"state":"pre-added","who":["user:hyunsujeong"],"prob":1},"fields":{},"normalizations":{}},{"classId":"e_50","part":"s1s7p1","offsets":[{"start":319,"text":"Scopolamine administration resulted in an increase in acetylcholinesterase (AChE) activity (approximately 9% with respect to the control group) and malonaldehyde (MDA) content."}],"coordinates":[],"confidence":{"state":"pre-added","who":["user:hyunsujeong"],"prob":1},"fields":{},"normalizations":{}},{"classId":"e_29","part":"s1s7p1","offsets":[{"start":373,"text":"acetylcholinesterase"}],"coordinates":[],"confidence":{"state":"pre-added","who":["user:hyunsujeong"],"prob":1},"fields":{},"normalizations":{}},{"classId":"e_29","part":"s1s7p1","offsets":[{"start":395,"text":"AChE"}],"coordinates":[],"confidence":{"state":"pre-added","who":["user:hyunsujeong"],"prob":1},"fields":{},"normalizations":{}},{"classId":"e_29","part":"s1s7p1","offsets":[{"start":467,"text":"malonaldehyde"}],"coordinates":[],"confidence":{"state":"pre-added","who":["user:hyunsujeong"],"prob":1},"fields":{},"normalizations":{}},{"classId":"e_29","part":"s1s7p1","offsets":[{"start":482,"text":"MDA"}],"coordinates":[],"confidence":{"state":"pre-added","who":["user:hyunsujeong"],"prob":1},"fields":{},"normalizations":{}},{"classId":"e_27","part":"s1s7p1","offsets":[{"start":496,"text":"The increased AChE activity was significantly reduced in animals receiving 200 and 100 mg/kg of SBT extract."}],"coordinates":[],"confidence":{"state":"pre-added","who":["user:hyunsujeong"],"prob":1},"fields":{},"normalizations":{}},{"classId":"e_29","part":"s1s7p1","offsets":[{"start":510,"text":"AChE"}],"coordinates":[],"confidence":{"state":"pre-added","who":["user:hyunsujeong"],"prob":1},"fields":{},"normalizations":{}},{"classId":"e_33","part":"s1s7p1","offsets":[{"start":592,"text":"SBT"}],"coordinates":[],"confidence":{"state":"pre-added","who":["user:hyunsujeong"],"prob":1},"fields":{},"normalizations":{}},{"classId":"e_27","part":"s1s7p1","offsets":[{"start":605,"text":"Animals treated with SBT extract showed significantly reduced MDA level in all the doses."}],"coordinates":[],"confidence":{"state":"pre-added","who":["user:hyunsujeong"],"prob":1},"fields":{},"normalizations":{}},{"classId":"e_33","part":"s1s7p1","offsets":[{"start":626,"text":"SBT"}],"coordinates":[],"confidence":{"state":"pre-added","who":["ml:regex","user:hyunsujeong"],"prob":1},"fields":{},"normalizations":{}},{"classId":"e_29","part":"s1s7p1","offsets":[{"start":667,"text":"MDA"}],"coordinates":[],"confidence":{"state":"pre-added","who":["user:hyunsujeong"],"prob":1},"fields":{},"normalizations":{}},{"classId":"e_27","part":"s1s7p1","offsets":[{"start":695,"text":"This reduction in MDA content indicates that SBT leaf extract has potent antioxidant activities and exhibits a protective effect against oxidative damage induced by scopolamine."}],"coordinates":[],"confidence":{"state":"pre-added","who":["user:hyunsujeong"],"prob":1},"fields":{},"normalizations":{}},{"classId":"e_29","part":"s1s7p1","offsets":[{"start":713,"text":"MDA"}],"coordinates":[],"confidence":{"state":"pre-added","who":["user:hyunsujeong"],"prob":1},"fields":{},"normalizations":{}},{"classId":"e_33","part":"s1s7p1","offsets":[{"start":740,"text":"SBT"}],"coordinates":[],"confidence":{"state":"pre-added","who":["user:hyunsujeong"],"prob":1},"fields":{},"normalizations":{}},{"classId":"e_29","part":"s1s7p1","offsets":[{"start":860,"text":"scopolamine"}],"coordinates":[],"confidence":{"state":"pre-added","who":["user:hyunsujeong"],"prob":1},"fields":{},"normalizations":{}},{"classId":"e_27","part":"s1s7p1","offsets":[{"start":933,"text":"The results suggest that SBT leaf extract has potential effects against scopolamine induced cognitive impairment by regulating cholinergic marker enzyme activity (AChE activity) and promoting the antioxidant system and may be explored for its use in cognitive disord"}],"coordinates":[],"confidence":{"state":"pre-added","who":["user:hyunsujeong"],"prob":1},"fields":{},"normalizations":{}},{"classId":"e_33","part":"s1s7p1","offsets":[{"start":958,"text":"SBT"}],"coordinates":[],"confidence":{"state":"pre-added","who":["user:hyunsujeong"],"prob":1},"fields":{},"normalizations":{}},{"classId":"e_29","part":"s1s7p1","offsets":[{"start":1005,"text":"scopolamine"}],"coordinates":[],"confidence":{"state":"pre-added","who":["user:hyunsujeong"],"prob":1},"fields":{},"normalizations":{}},{"classId":"e_32","part":"s1s7p1","offsets":[{"start":1096,"text":"AChE"}],"coordinates":[],"confidence":{"state":"pre-added","who":["user:hyunsujeong"],"prob":1},"fields":{},"normalizations":{}}],"relations":[{"classId":"r_35","type":"linked","directed":false,"entities":["s1s7p1|e_33|592,594","s1s7p1|e_27|496,603"],"confidence":{"state":"pre-added","who":["user:hyunsujeong"],"prob":1}},{"classId":"r_35","type":"linked","directed":false,"entities":["s1s7p1|e_33|626,628","s1s7p1|e_27|605,693"],"confidence":{"state":"pre-added","who":["user:hyunsujeong"],"prob":1}},{"classId":"r_35","type":"linked","directed":false,"entities":["s1s7p1|e_33|740,742","s1s7p1|e_27|695,871"],"confidence":{"state":"pre-added","who":["user:hyunsujeong"],"prob":1}},{"classId":"r_35","type":"linked","directed":false,"entities":["s1s7p1|e_33|958,960","s1s7p1|e_27|933,1198"],"confidence":{"state":"pre-added","who":["user:hyunsujeong"],"prob":1}},{"classId":"r_36","type":"linked","directed":false,"entities":["s1s7p1|e_29|510,513","s1s7p1|e_27|496,603"],"confidence":{"state":"pre-added","who":["user:hyunsujeong"],"prob":1}},{"classId":"r_36","type":"linked","directed":false,"entities":["s1s7p1|e_29|667,669","s1s7p1|e_27|605,693"],"confidence":{"state":"pre-added","who":["user:hyunsujeong"],"prob":1}},{"classId":"r_36","type":"linked","directed":false,"entities":["s1s7p1|e_29|713,715","s1s7p1|e_27|695,871"],"confidence":{"state":"pre-added","who":["user:hyunsujeong"],"prob":1}},{"classId":"r_36","type":"linked","directed":false,"entities":["s1s7p1|e_29|860,870","s1s7p1|e_27|695,871"],"confidence":{"state":"pre-added","who":["user:hyunsujeong"],"prob":1}},{"classId":"r_36","type":"linked","directed":false,"entities":["s1s7p1|e_29|1005,1015","s1s7p1|e_27|933,1198"],"confidence":{"state":"pre-added","who":["user:hyunsujeong"],"prob":1}},{"classId":"r_42","type":"linked","directed":false,"entities":["s1s7p1|e_32|1096,1099","s1s7p1|e_27|933,1198"],"confidence":{"state":"pre-added","who":["user:hyunsujeong"],"prob":1}},{"classId":"r_43","type":"linked","directed":false,"entities":["s1s7p1|e_29|373,392","s1s7p1|e_29|395,398"],"confidence":{"state":"pre-added","who":["user:hyunsujeong"],"prob":1}},{"classId":"r_43","type":"linked","directed":false,"entities":["s1s7p1|e_29|467,479","s1s7p1|e_29|482,484"],"confidence":{"state":"pre-added","who":["user:hyunsujeong"],"prob":1}},{"classId":"r_46","type":"linked","directed":false,"entities":["s1s7p1|e_33|592,594","s1s7p1|e_33|88,107"],"confidence":{"state":"pre-added","who":["user:hyunsujeong"],"prob":1}},{"classId":"r_60","type":"linked","directed":false,"entities":["s1s7p1|e_29|319,329","s1s7p1|e_50|319,494"],"confidence":{"state":"pre-added","who":["user:hyunsujeong"],"prob":1}},{"classId":"r_60","type":"linked","directed":false,"entities":["s1s7p1|e_29|373,392","s1s7p1|e_50|319,494"],"confidence":{"state":"pre-added","who":["user:hyunsujeong"],"prob":1}},{"classId":"r_60","type":"linked","directed":false,"entities":["s1s7p1|e_29|467,479","s1s7p1|e_50|319,494"],"confidence":{"state":"pre-added","who":["user:hyunsujeong"],"prob":1}}]}