{"annotatable":{"parts":["s1s1h1","s1s1p1","s1s2h1","s1s2p1","s1s3h1","s1s3p1","s1s4h1","s1s4p1","s1s5h1","s1s5p1"]},"anncomplete":true,"sources":[],"metas":{"m_24":{"value":"RCTs","confidence":{"state":"pre-added","who":["user:minjilee96"],"prob":1}},"m_17":{"value":true,"confidence":{"state":"pre-added","who":["user:minjilee96"],"prob":1}}},"entities":[{"classId":"e_33","part":"s1s2p1","offsets":[{"start":0,"text":"Grapefruit juice"}],"coordinates":[],"confidence":{"state":"pre-added","who":["ml:regex"],"prob":0},"fields":{},"normalizations":{}},{"classId":"e_29","part":"s1s2p1","offsets":[{"start":56,"text":"itraconazole"}],"coordinates":[],"confidence":{"state":"pre-added","who":["ml:regex"],"prob":0},"fields":{},"normalizations":{}},{"classId":"e_29","part":"s1s4p1","offsets":[{"start":0,"text":"itraconazole"}],"coordinates":[],"confidence":{"state":"pre-added","who":["ml:regex"],"prob":0},"fields":{},"normalizations":{}},{"classId":"e_27","part":"s1s5p1","offsets":[{"start":2,"text":"The systemic availability of itraconazole capsules may be reduced secondary to elevated gastric pH and possibly by presystemic intestinal metabolism via CYP3A4."}],"coordinates":[],"confidence":{"state":"pre-added","who":["user:minjilee96"],"prob":1},"fields":{},"normalizations":{}},{"classId":"e_29","part":"s1s5p1","offsets":[{"start":31,"text":"itraconazole capsules"}],"coordinates":[],"confidence":{"state":"pre-added","who":["user:minjilee96"],"prob":1},"fields":{},"normalizations":{}},{"classId":"e_26","part":"s1s5p1","offsets":[{"start":155,"text":"CYP3A4"}],"coordinates":[],"confidence":{"state":"pre-added","who":["user:minjilee96"],"prob":1},"fields":{},"normalizations":{}},{"classId":"e_33","part":"s1s5p1","offsets":[{"start":163,"text":"Grapefruit juice"}],"coordinates":[],"confidence":{"state":"pre-added","who":["user:minjilee96"],"prob":1},"fields":{},"normalizations":{}},{"classId":"e_27","part":"s1s5p1","offsets":[{"start":163,"text":"Grapefruit juice is acidic and an inhibitor of intestinal CYP3A4."}],"coordinates":[],"confidence":{"state":"pre-added","who":["user:minjilee96"],"prob":1},"fields":{},"normalizations":{}},{"classId":"e_26","part":"s1s5p1","offsets":[{"start":221,"text":"CYP3A4"}],"coordinates":[],"confidence":{"state":"pre-added","who":["ml:regex","user:minjilee96"],"prob":1},"fields":{},"normalizations":{}},{"classId":"e_33","part":"s1s5p1","offsets":[{"start":256,"text":"grapefruit juice"}],"coordinates":[],"confidence":{"state":"pre-added","who":["ml:regex"],"prob":0},"fields":{},"normalizations":{}},{"classId":"e_29","part":"s1s5p1","offsets":[{"start":305,"text":"itraconazole"}],"coordinates":[],"confidence":{"state":"pre-added","who":["ml:regex"],"prob":0},"fields":{},"normalizations":{}},{"classId":"e_29","part":"s1s5p1","offsets":[{"start":334,"text":"itraconazole"}],"coordinates":[],"confidence":{"state":"pre-added","who":["ml:regex"],"prob":0},"fields":{},"normalizations":{}},{"classId":"e_29","part":"s1s5p1","offsets":[{"start":359,"text":"itraconazole"}],"coordinates":[],"confidence":{"state":"pre-added","who":["ml:regex"],"prob":0},"fields":{},"normalizations":{}},{"classId":"e_27","part":"s1s5p1","offsets":[{"start":483,"text":"Concurrent grapefruit juice resulted in a 43% decrease in the mean itraconazole AUC0-48 (2507 ng x hr/mL versus 1434 ng x hr/mL, p = 0.046) and a 47% decrease in the mean hydroxy-itraconazole AUC0-72 (7264 ng x hr/mL versus 3880 ng x hr/mL, p = 0.025)."}],"coordinates":[],"confidence":{"state":"pre-added","who":["user:minjilee96"],"prob":1},"fields":{},"normalizations":{}},{"classId":"e_33","part":"s1s5p1","offsets":[{"start":494,"text":"grapefruit juice"}],"coordinates":[],"confidence":{"state":"pre-added","who":["ml:regex","user:minjilee96"],"prob":1},"fields":{},"normalizations":{}},{"classId":"e_29","part":"s1s5p1","offsets":[{"start":550,"text":"itraconazole"}],"coordinates":[],"confidence":{"state":"pre-added","who":["ml:regex","user:minjilee96"],"prob":1},"fields":{},"normalizations":{}},{"classId":"e_29","part":"s1s5p1","offsets":[{"start":662,"text":"itraconazole"}],"coordinates":[],"confidence":{"state":"pre-added","who":["ml:regex"],"prob":0},"fields":{},"normalizations":{}},{"classId":"e_33","part":"s1s5p1","offsets":[{"start":736,"text":"Grapefruit juice"}],"coordinates":[],"confidence":{"state":"pre-added","who":["ml:regex","user:minjilee96"],"prob":1},"fields":{},"normalizations":{}},{"classId":"e_27","part":"s1s5p1","offsets":[{"start":736,"text":"Grapefruit juice also significantly increased the mean itraconazole Tmax (5.5 versus 4 hours)."}],"coordinates":[],"confidence":{"state":"pre-added","who":["user:minjilee96"],"prob":1},"fields":{},"normalizations":{}},{"classId":"e_29","part":"s1s5p1","offsets":[{"start":791,"text":"itraconazole"}],"coordinates":[],"confidence":{"state":"pre-added","who":["ml:regex","user:minjilee96"],"prob":1},"fields":{},"normalizations":{}},{"classId":"e_27","part":"s1s5p1","offsets":[{"start":831,"text":"We conclude that concomitant grapefruit juice does not enhance the systemic availability of itraconazole capsules, but rather appears to impair itraconazole absorption."}],"coordinates":[],"confidence":{"state":"pre-added","who":["user:minjilee96"],"prob":1},"fields":{},"normalizations":{}},{"classId":"e_33","part":"s1s5p1","offsets":[{"start":860,"text":"grapefruit juice"}],"coordinates":[],"confidence":{"state":"pre-added","who":["ml:regex","user:minjilee96"],"prob":1},"fields":{},"normalizations":{}},{"classId":"e_29","part":"s1s5p1","offsets":[{"start":923,"text":"itraconazole capsules"}],"coordinates":[],"confidence":{"state":"pre-added","who":["user:minjilee96"],"prob":1},"fields":{},"normalizations":{}},{"classId":"e_29","part":"s1s5p1","offsets":[{"start":975,"text":"itraconazole"}],"coordinates":[],"confidence":{"state":"pre-added","who":["ml:regex","user:minjilee96"],"prob":1},"fields":{},"normalizations":{}},{"classId":"e_33","part":"s1s5p1","offsets":[{"start":1023,"text":"grapefruit juice"}],"coordinates":[],"confidence":{"state":"pre-added","who":["ml:regex"],"prob":0},"fields":{},"normalizations":{}},{"classId":"e_29","part":"s1s5p1","offsets":[{"start":1104,"text":"itraconazole"}],"coordinates":[],"confidence":{"state":"pre-added","who":["ml:regex"],"prob":0},"fields":{},"normalizations":{}}],"relations":[{"classId":"r_35","type":"linked","directed":false,"entities":["s1s5p1|e_33|163,178","s1s5p1|e_27|163,227"],"confidence":{"state":"pre-added","who":["user:minjilee96"],"prob":1}},{"classId":"r_35","type":"linked","directed":false,"entities":["s1s5p1|e_33|494,509","s1s5p1|e_27|483,734"],"confidence":{"state":"pre-added","who":["user:minjilee96"],"prob":1}},{"classId":"r_35","type":"linked","directed":false,"entities":["s1s5p1|e_33|736,751","s1s5p1|e_27|736,829"],"confidence":{"state":"pre-added","who":["user:minjilee96"],"prob":1}},{"classId":"r_35","type":"linked","directed":false,"entities":["s1s5p1|e_33|860,875","s1s5p1|e_27|831,998"],"confidence":{"state":"pre-added","who":["user:minjilee96"],"prob":1}},{"classId":"r_36","type":"linked","directed":false,"entities":["s1s5p1|e_29|31,51","s1s5p1|e_27|2,161"],"confidence":{"state":"pre-added","who":["user:minjilee96"],"prob":1}},{"classId":"r_36","type":"linked","directed":false,"entities":["s1s5p1|e_29|550,561","s1s5p1|e_27|483,734"],"confidence":{"state":"pre-added","who":["user:minjilee96"],"prob":1}},{"classId":"r_36","type":"linked","directed":false,"entities":["s1s5p1|e_29|791,802","s1s5p1|e_27|736,829"],"confidence":{"state":"pre-added","who":["user:minjilee96"],"prob":1}},{"classId":"r_36","type":"linked","directed":false,"entities":["s1s5p1|e_29|923,943","s1s5p1|e_27|831,998"],"confidence":{"state":"pre-added","who":["user:minjilee96"],"prob":1}},{"classId":"r_36","type":"linked","directed":false,"entities":["s1s5p1|e_29|975,986","s1s5p1|e_27|831,998"],"confidence":{"state":"pre-added","who":["user:minjilee96"],"prob":1}},{"classId":"r_40","type":"linked","directed":false,"entities":["s1s5p1|e_26|155,160","s1s5p1|e_27|2,161"],"confidence":{"state":"pre-added","who":["user:minjilee96"],"prob":1}},{"classId":"r_40","type":"linked","directed":false,"entities":["s1s5p1|e_26|221,226","s1s5p1|e_27|163,227"],"confidence":{"state":"pre-added","who":["user:minjilee96"],"prob":1}}]}