{"annotatable":{"parts":["s1s1h1","s1s1p1","s1s2h1","s1s2p1","s1s3h1","s1s3p1","s1s4h1","s1s4p1","s1s5h1","s1s5p1"]},"anncomplete":true,"sources":[],"metas":{"m_24":{"value":"false","confidence":{"state":"pre-added","who":["user:sunghocho"],"prob":1}},"m_17":{"value":false,"confidence":{"state":"pre-added","who":["user:sunghocho"],"prob":1}}},"entities":[{"classId":"e_32","part":"s1s2p1","offsets":[{"start":48,"text":"glyceraldehyde-3-phosphate-dehydrogenase"}],"coordinates":[],"confidence":{"state":"pre-added","who":["ml:regex"],"prob":0},"fields":{},"normalizations":{}},{"classId":"e_32","part":"s1s2p1","offsets":[{"start":90,"text":"GAPDH"}],"coordinates":[],"confidence":{"state":"pre-added","who":["ml:regex"],"prob":0},"fields":{},"normalizations":{}},{"classId":"e_32","part":"s1s5p1","offsets":[{"start":744,"text":"glyceraldehyde-3-phosphate-dehydrogenase"}],"coordinates":[],"confidence":{"state":"pre-added","who":["user:sunghocho"],"prob":1},"fields":{},"normalizations":{}},{"classId":"e_32","part":"s1s5p1","offsets":[{"start":786,"text":"GAPDH"}],"coordinates":[],"confidence":{"state":"pre-added","who":["user:sunghocho"],"prob":1},"fields":{},"normalizations":{}},{"classId":"e_32","part":"s1s5p1","offsets":[{"start":947,"text":"GAPDH"}],"coordinates":[],"confidence":{"state":"pre-added","who":["ml:regex"],"prob":0},"fields":{},"normalizations":{}},{"classId":"e_32","part":"s1s5p1","offsets":[{"start":1137,"text":"GAPDH"}],"coordinates":[],"confidence":{"state":"pre-added","who":["ml:regex"],"prob":0},"fields":{},"normalizations":{}},{"classId":"e_32","part":"s1s5p1","offsets":[{"start":1254,"text":"GAPDH"}],"coordinates":[],"confidence":{"state":"pre-added","who":["ml:regex"],"prob":0},"fields":{},"normalizations":{}},{"classId":"e_32","part":"s1s5p1","offsets":[{"start":1388,"text":"GAPDH"}],"coordinates":[],"confidence":{"state":"pre-added","who":["ml:regex"],"prob":0},"fields":{},"normalizations":{}},{"classId":"e_32","part":"s1s5p1","offsets":[{"start":1505,"text":"GAPDH"}],"coordinates":[],"confidence":{"state":"pre-added","who":["ml:regex"],"prob":0},"fields":{},"normalizations":{}},{"classId":"e_32","part":"s1s5p1","offsets":[{"start":1586,"text":"GAPDH"}],"coordinates":[],"confidence":{"state":"pre-added","who":["ml:regex"],"prob":0},"fields":{},"normalizations":{}},{"classId":"e_32","part":"s1s5p1","offsets":[{"start":1620,"text":"GAPDH"}],"coordinates":[],"confidence":{"state":"pre-added","who":["ml:regex"],"prob":0},"fields":{},"normalizations":{}}],"relations":[{"classId":"r_49","type":"linked","directed":false,"entities":["s1s5p1|e_32|786,790","s1s5p1|e_32|744,783"],"confidence":{"state":"pre-added","who":["user:sunghocho"],"prob":1}}]}