{"annotatable":{"parts":["s1s1h1","s1s1p1","s1s2h1","s1s2p1","s1s3h1","s1s3p1","s1s4h1","s1s4p1","s1s5h1","s1s5p1"]},"anncomplete":true,"sources":[],"metas":{"m_24":{"value":"false","confidence":{"state":"pre-added","who":["user:jykahng13"],"prob":1}},"m_17":{"value":false,"confidence":{"state":"pre-added","who":["user:jykahng13"],"prob":1}}},"entities":[{"classId":"e_32","part":"s1s2p1","offsets":[{"start":20,"text":"P450"}],"coordinates":[],"confidence":{"state":"pre-added","who":["ml:regex"],"prob":0},"fields":{},"normalizations":{}},{"classId":"e_32","part":"s1s5p1","offsets":[{"start":130,"text":"P450"}],"coordinates":[],"confidence":{"state":"pre-added","who":["ml:regex"],"prob":0},"fields":{},"normalizations":{}},{"classId":"e_32","part":"s1s5p1","offsets":[{"start":136,"text":"P450"}],"coordinates":[],"confidence":{"state":"pre-added","who":["ml:regex"],"prob":0},"fields":{},"normalizations":{}},{"classId":"e_32","part":"s1s5p1","offsets":[{"start":198,"text":"P450"}],"coordinates":[],"confidence":{"state":"pre-added","who":["user:jykahng13"],"prob":1},"fields":{},"normalizations":{}},{"classId":"e_32","part":"s1s5p1","offsets":[{"start":207,"text":"NADPH-P450 reductase"}],"coordinates":[],"confidence":{"state":"pre-added","who":["user:jykahng13"],"prob":1},"fields":{},"normalizations":{}},{"classId":"e_32","part":"s1s5p1","offsets":[{"start":213,"text":"P450"}],"coordinates":[],"confidence":{"state":"pre-added","who":["ml:regex"],"prob":0},"fields":{},"normalizations":{}},{"classId":"e_32","part":"s1s5p1","offsets":[{"start":427,"text":"P450"}],"coordinates":[],"confidence":{"state":"pre-added","who":["ml:regex"],"prob":0},"fields":{},"normalizations":{}},{"classId":"e_32","part":"s1s5p1","offsets":[{"start":444,"text":"CYP3A4"}],"coordinates":[],"confidence":{"state":"pre-added","who":["user:jykahng13"],"prob":1},"fields":{},"normalizations":{}},{"classId":"e_32","part":"s1s5p1","offsets":[{"start":752,"text":"CYP3A4"}],"coordinates":[],"confidence":{"state":"pre-added","who":["ml:regex"],"prob":0},"fields":{},"normalizations":{}},{"classId":"e_32","part":"s1s5p1","offsets":[{"start":814,"text":"CYP3A4"}],"coordinates":[],"confidence":{"state":"pre-added","who":["ml:regex"],"prob":0},"fields":{},"normalizations":{}},{"classId":"e_32","part":"s1s5p1","offsets":[{"start":962,"text":"P450"}],"coordinates":[],"confidence":{"state":"pre-added","who":["ml:regex"],"prob":0},"fields":{},"normalizations":{}},{"classId":"e_32","part":"s1s5p1","offsets":[{"start":985,"text":"CYP3A4"}],"coordinates":[],"confidence":{"state":"pre-added","who":["ml:regex"],"prob":0},"fields":{},"normalizations":{}}],"relations":[]}