{"annotatable":{"parts":["s1s1h1","s1s1p1","s1s2h1","s1s2p1","s1s3h1","s1s3p1","s1s4h1","s1s4p1","s1s5h1","s1s5p1","s1s6h1","s1s6p1","s1s7h1","s1s7p1","s1s8h1","s1s8p1","s1s9h1","s1s9p1","s1s10h1","s1s10p1","s1s11h1","s1s11p1"]},"anncomplete":true,"sources":[{"name":"ORIG","id":"2nd_minjilee96.tsv_36","url":""}],"metas":{"m_24":{"value":"in-vitro","confidence":{"state":"pre-added","who":["user:minjilee96"],"prob":1}},"m_17":{"value":true,"confidence":{"state":"pre-added","who":["user:minjilee96"],"prob":1}}},"entities":[{"classId":"e_33","part":"s1s2p1","offsets":[{"start":56,"text":"Essential Oil of Helichrysum italicum"}],"coordinates":[],"confidence":{"state":"pre-added","who":["user:minjilee96"],"prob":1},"fields":{},"normalizations":{}},{"classId":"e_33","part":"s1s2p1","offsets":[{"start":73,"text":"Helichrysum italicum"}],"coordinates":[],"confidence":{"state":"pre-added","who":["ml:regex"],"prob":0},"fields":{},"normalizations":{}},{"classId":"e_33","part":"s1s5p1","offsets":[{"start":0,"text":"Helichrysum italicum"}],"coordinates":[],"confidence":{"state":"pre-added","who":["ml:regex"],"prob":0},"fields":{},"normalizations":{}},{"classId":"e_32","part":"s1s6p1","offsets":[{"start":0,"text":"collagenase"}],"coordinates":[],"confidence":{"state":"pre-added","who":["ml:regex"],"prob":0},"fields":{},"normalizations":{}},{"classId":"e_33","part":"s1s7p1","offsets":[{"start":77,"text":"Helichrysum italicum"}],"coordinates":[],"confidence":{"state":"pre-added","who":["user:minjilee96"],"prob":1},"fields":{},"normalizations":{}},{"classId":"e_61","part":"s1s7p1","offsets":[{"start":341,"text":"Neryl acetate"}],"coordinates":[],"confidence":{"state":"pre-added","who":["user:minjilee96"],"prob":1},"fields":{},"normalizations":{}},{"classId":"e_61","part":"s1s7p1","offsets":[{"start":459,"text":"α-pinene"}],"coordinates":[],"confidence":{"state":"pre-added","who":["user:minjilee96"],"prob":1},"fields":{},"normalizations":{}},{"classId":"e_61","part":"s1s7p1","offsets":[{"start":477,"text":"4,6,9-trimethyl-8-decene-3,5-dione"}],"coordinates":[],"confidence":{"state":"pre-added","who":["user:minjilee96"],"prob":1},"fields":{},"normalizations":{}},{"classId":"e_61","part":"s1s7p1","offsets":[{"start":514,"text":"Italidione I"}],"coordinates":[],"confidence":{"state":"pre-added","who":["user:minjilee96"],"prob":1},"fields":{},"normalizations":{}},{"classId":"e_61","part":"s1s7p1","offsets":[{"start":538,"text":"ar-curcumene"}],"coordinates":[],"confidence":{"state":"pre-added","who":["user:minjilee96"],"prob":1},"fields":{},"normalizations":{}},{"classId":"e_61","part":"s1s7p1","offsets":[{"start":555,"text":"β-selinene"}],"coordinates":[],"confidence":{"state":"pre-added","who":["user:minjilee96"],"prob":1},"fields":{},"normalizations":{}},{"classId":"e_61","part":"s1s7p1","offsets":[{"start":575,"text":"γ-curcumene"}],"coordinates":[],"confidence":{"state":"pre-added","who":["user:minjilee96"],"prob":1},"fields":{},"normalizations":{}},{"classId":"e_61","part":"s1s7p1","offsets":[{"start":596,"text":"nerol"}],"coordinates":[],"confidence":{"state":"pre-added","who":["user:minjilee96"],"prob":1},"fields":{},"normalizations":{}},{"classId":"e_61","part":"s1s7p1","offsets":[{"start":611,"text":"α-selinene"}],"coordinates":[],"confidence":{"state":"pre-added","who":["user:minjilee96"],"prob":1},"fields":{},"normalizations":{}},{"classId":"e_61","part":"s1s7p1","offsets":[{"start":631,"text":"limonene"}],"coordinates":[],"confidence":{"state":"pre-added","who":["user:minjilee96"],"prob":1},"fields":{},"normalizations":{}},{"classId":"e_61","part":"s1s7p1","offsets":[{"start":649,"text":"linalool"}],"coordinates":[],"confidence":{"state":"pre-added","who":["user:minjilee96"],"prob":1},"fields":{},"normalizations":{}},{"classId":"e_61","part":"s1s7p1","offsets":[{"start":671,"text":"2,4,6,9-tetramethyl-8-decene-3,5-dione"}],"coordinates":[],"confidence":{"state":"pre-added","who":["user:minjilee96"],"prob":1},"fields":{},"normalizations":{}},{"classId":"e_61","part":"s1s7p1","offsets":[{"start":711,"text":"Italidione II"}],"coordinates":[],"confidence":{"state":"pre-added","who":["user:minjilee96"],"prob":1},"fields":{},"normalizations":{}},{"classId":"e_27","part":"s1s7p1","offsets":[{"start":736,"text":"The oil inhibited in vitro collagenase and elastase activities, with IC50 values of 36.99?±?1.52 and 135.43?±?6.32?μg/mL, respectively."}],"coordinates":[],"confidence":{"state":"pre-added","who":["user:minjilee96"],"prob":1},"fields":{},"normalizations":{}},{"classId":"e_32","part":"s1s7p1","offsets":[{"start":763,"text":"collagenase"}],"coordinates":[],"confidence":{"state":"pre-added","who":["user:minjilee96"],"prob":1},"fields":{},"normalizations":{}},{"classId":"e_32","part":"s1s7p1","offsets":[{"start":779,"text":"elastase"}],"coordinates":[],"confidence":{"state":"pre-added","who":["user:minjilee96"],"prob":1},"fields":{},"normalizations":{}},{"classId":"e_61","part":"s1s7p1","offsets":[{"start":872,"text":"Neryl acetate"}],"coordinates":[],"confidence":{"state":"pre-added","who":["ml:regex"],"prob":0},"fields":{},"normalizations":{}},{"classId":"e_61","part":"s1s7p1","offsets":[{"start":887,"text":"nerol"}],"coordinates":[],"confidence":{"state":"pre-added","who":["ml:regex"],"prob":0},"fields":{},"normalizations":{}},{"classId":"e_61","part":"s1s7p1","offsets":[{"start":898,"text":"linalool"}],"coordinates":[],"confidence":{"state":"pre-added","who":["ml:regex"],"prob":0},"fields":{},"normalizations":{}},{"classId":"e_27","part":"s1s7p1","offsets":[{"start":1094,"text":"On the contrary, α-pinene and limonene, tested alone and in mixture, showed inhibitory activity on both collagenase and elast"}],"coordinates":[],"confidence":{"state":"pre-added","who":["user:minjilee96"],"prob":1},"fields":{},"normalizations":{}},{"classId":"e_61","part":"s1s7p1","offsets":[{"start":1111,"text":"α-pinene"}],"coordinates":[],"confidence":{"state":"pre-added","who":["ml:regex","user:minjilee96"],"prob":1},"fields":{},"normalizations":{}},{"classId":"e_61","part":"s1s7p1","offsets":[{"start":1124,"text":"limonene"}],"coordinates":[],"confidence":{"state":"pre-added","who":["ml:regex","user:minjilee96"],"prob":1},"fields":{},"normalizations":{}},{"classId":"e_32","part":"s1s7p1","offsets":[{"start":1198,"text":"collagenase"}],"coordinates":[],"confidence":{"state":"pre-added","who":["ml:regex","user:minjilee96"],"prob":1},"fields":{},"normalizations":{}}],"relations":[{"classId":"r_35","type":"linked","directed":false,"entities":["s1s2p1|e_33|56,92","s1s7p1|e_27|736,870"],"confidence":{"state":"pre-added","who":["user:minjilee96"],"prob":1}},{"classId":"r_42","type":"linked","directed":false,"entities":["s1s7p1|e_32|779,786","s1s7p1|e_27|1094,1218"],"confidence":{"state":"pre-added","who":["user:minjilee96"],"prob":1}},{"classId":"r_42","type":"linked","directed":false,"entities":["s1s7p1|e_32|1198,1208","s1s7p1|e_27|1094,1218"],"confidence":{"state":"pre-added","who":["user:minjilee96"],"prob":1}},{"classId":"r_62","type":"linked","directed":false,"entities":["s1s7p1|e_61|341,353","s1s7p1|e_33|77,96"],"confidence":{"state":"pre-added","who":["user:minjilee96"],"prob":1}},{"classId":"r_62","type":"linked","directed":false,"entities":["s1s7p1|e_61|459,466","s1s7p1|e_33|77,96"],"confidence":{"state":"pre-added","who":["user:minjilee96"],"prob":1}},{"classId":"r_62","type":"linked","directed":false,"entities":["s1s7p1|e_61|477,510","s1s7p1|e_33|77,96"],"confidence":{"state":"pre-added","who":["user:minjilee96"],"prob":1}},{"classId":"r_62","type":"linked","directed":false,"entities":["s1s7p1|e_61|538,549","s1s7p1|e_33|77,96"],"confidence":{"state":"pre-added","who":["user:minjilee96"],"prob":1}},{"classId":"r_62","type":"linked","directed":false,"entities":["s1s7p1|e_61|555,564","s1s7p1|e_33|77,96"],"confidence":{"state":"pre-added","who":["user:minjilee96"],"prob":1}},{"classId":"r_62","type":"linked","directed":false,"entities":["s1s7p1|e_61|575,585","s1s7p1|e_33|77,96"],"confidence":{"state":"pre-added","who":["user:minjilee96"],"prob":1}},{"classId":"r_62","type":"linked","directed":false,"entities":["s1s7p1|e_61|596,600","s1s7p1|e_33|77,96"],"confidence":{"state":"pre-added","who":["user:minjilee96"],"prob":1}},{"classId":"r_62","type":"linked","directed":false,"entities":["s1s7p1|e_61|611,620","s1s7p1|e_33|77,96"],"confidence":{"state":"pre-added","who":["user:minjilee96"],"prob":1}},{"classId":"r_62","type":"linked","directed":false,"entities":["s1s7p1|e_61|631,638","s1s7p1|e_33|77,96"],"confidence":{"state":"pre-added","who":["user:minjilee96"],"prob":1}},{"classId":"r_62","type":"linked","directed":false,"entities":["s1s7p1|e_61|649,656","s1s7p1|e_33|77,96"],"confidence":{"state":"pre-added","who":["user:minjilee96"],"prob":1}},{"classId":"r_62","type":"linked","directed":false,"entities":["s1s7p1|e_61|671,708","s1s7p1|e_33|77,96"],"confidence":{"state":"pre-added","who":["user:minjilee96"],"prob":1}},{"classId":"r_63","type":"linked","directed":false,"entities":["s1s7p1|e_61|514,525","s1s7p1|e_61|477,510"],"confidence":{"state":"pre-added","who":["user:minjilee96"],"prob":1}},{"classId":"r_63","type":"linked","directed":false,"entities":["s1s7p1|e_61|711,723","s1s7p1|e_61|671,708"],"confidence":{"state":"pre-added","who":["user:minjilee96"],"prob":1}},{"classId":"r_65","type":"linked","directed":false,"entities":["s1s7p1|e_61|1111,1118","s1s7p1|e_27|1094,1218"],"confidence":{"state":"pre-added","who":["user:minjilee96"],"prob":1}},{"classId":"r_65","type":"linked","directed":false,"entities":["s1s7p1|e_61|1124,1131","s1s7p1|e_27|1094,1218"],"confidence":{"state":"pre-added","who":["user:minjilee96"],"prob":1}}]}