{"annotatable":{"parts":["s1s1h1","s1s1p1","s1s2h1","s1s2p1","s1s3h1","s1s3p1","s1s4h1","s1s4p1","s1s5h1","s1s5p1"]},"anncomplete":true,"sources":[],"metas":{"m_24":{"value":"in-vitro","confidence":{"state":"pre-added","who":["user:minjilee96"],"prob":1}},"m_17":{"value":true,"confidence":{"state":"pre-added","who":["user:minjilee96"],"prob":1}}},"entities":[{"classId":"e_61","part":"s1s1p1","offsets":[{"start":0,"text":"Indicaxanthin"}],"coordinates":[],"confidence":{"state":"pre-added","who":["ml:regex"],"prob":0},"fields":{},"normalizations":{}},{"classId":"e_32","part":"s1s1p1","offsets":[{"start":23,"text":"NADPH oxidase"}],"coordinates":[],"confidence":{"state":"pre-added","who":["user:minjilee96"],"prob":1},"fields":{},"normalizations":{}},{"classId":"e_32","part":"s1s1p1","offsets":[{"start":37,"text":"(NOX)-1"}],"coordinates":[],"confidence":{"state":"pre-added","who":["user:minjilee96"],"prob":1},"fields":{},"normalizations":{}},{"classId":"e_32","part":"s1s1p1","offsets":[{"start":60,"text":"NF-κB"}],"coordinates":[],"confidence":{"state":"pre-added","who":["ml:regex"],"prob":0},"fields":{},"normalizations":{}},{"classId":"e_32","part":"s1s1p1","offsets":[{"start":166,"text":"IL-1β"}],"coordinates":[],"confidence":{"state":"pre-added","who":["user:minjilee96"],"prob":1},"fields":{},"normalizations":{}},{"classId":"e_32","part":"s1s3p1","offsets":[{"start":0,"text":"IL-6"}],"coordinates":[],"confidence":{"state":"pre-added","who":["ml:regex"],"prob":0},"fields":{},"normalizations":{}},{"classId":"e_61","part":"s1s5p1","offsets":[{"start":206,"text":"indicaxanthin"}],"coordinates":[],"confidence":{"state":"pre-added","who":["user:minjilee96"],"prob":1},"fields":{},"normalizations":{}},{"classId":"e_61","part":"s1s5p1","offsets":[{"start":221,"text":"Ind"}],"coordinates":[],"confidence":{"state":"pre-added","who":["user:minjilee96"],"prob":1},"fields":{},"normalizations":{}},{"classId":"e_33","part":"s1s5p1","offsets":[{"start":253,"text":"fruit of cactus pear"}],"coordinates":[],"confidence":{"state":"pre-added","who":["user:minjilee96"],"prob":1},"fields":{},"normalizations":{}},{"classId":"e_33","part":"s1s5p1","offsets":[{"start":275,"text":"Opuntia ficus-indica"}],"coordinates":[],"confidence":{"state":"pre-added","who":["user:minjilee96"],"prob":1},"fields":{},"normalizations":{}},{"classId":"e_32","part":"s1s5p1","offsets":[{"start":411,"text":"IL-1β"}],"coordinates":[],"confidence":{"state":"pre-added","who":["ml:regex"],"prob":0},"fields":{},"normalizations":{}},{"classId":"e_32","part":"s1s5p1","offsets":[{"start":557,"text":"IL-1β"}],"coordinates":[],"confidence":{"state":"pre-added","who":["ml:regex"],"prob":0},"fields":{},"normalizations":{}},{"classId":"e_32","part":"s1s5p1","offsets":[{"start":595,"text":"NADPH oxidase"}],"coordinates":[],"confidence":{"state":"pre-added","who":["ml:regex"],"prob":0},"fields":{},"normalizations":{}},{"classId":"e_32","part":"s1s5p1","offsets":[{"start":610,"text":"NOX-1"}],"coordinates":[],"confidence":{"state":"pre-added","who":["ml:regex"],"prob":0},"fields":{},"normalizations":{}},{"classId":"e_32","part":"s1s5p1","offsets":[{"start":735,"text":"NF-κB"}],"coordinates":[],"confidence":{"state":"pre-added","who":["ml:regex"],"prob":0},"fields":{},"normalizations":{}},{"classId":"e_27","part":"s1s5p1","offsets":[{"start":834,"text":"The co-incubation of the cells with Ind, at a nutritionally relevant concentration (5-25 μM), and IL-1β prevented the release of the pro-inflammatory cytokines IL-6 and IL-8, PGE2 and NO, the formation of ROS and the loss of thiols in a dose-dependent manner."}],"coordinates":[],"confidence":{"state":"pre-added","who":["user:minjilee96"],"prob":1},"fields":{},"normalizations":{}},{"classId":"e_61","part":"s1s5p1","offsets":[{"start":870,"text":"Ind"}],"coordinates":[],"confidence":{"state":"pre-added","who":["ml:regex","user:minjilee96"],"prob":1},"fields":{},"normalizations":{}},{"classId":"e_32","part":"s1s5p1","offsets":[{"start":932,"text":"IL-1β"}],"coordinates":[],"confidence":{"state":"pre-added","who":["user:minjilee96"],"prob":1},"fields":{},"normalizations":{}},{"classId":"e_32","part":"s1s5p1","offsets":[{"start":994,"text":"IL-6"}],"coordinates":[],"confidence":{"state":"pre-added","who":["user:minjilee96"],"prob":1},"fields":{},"normalizations":{}},{"classId":"e_32","part":"s1s5p1","offsets":[{"start":1003,"text":"IL-8"}],"coordinates":[],"confidence":{"state":"pre-added","who":["user:minjilee96"],"prob":1},"fields":{},"normalizations":{}},{"classId":"e_32","part":"s1s5p1","offsets":[{"start":1009,"text":"PGE2"}],"coordinates":[],"confidence":{"state":"pre-added","who":["user:minjilee96"],"prob":1},"fields":{},"normalizations":{}},{"classId":"e_27","part":"s1s5p1","offsets":[{"start":1094,"text":"The co-incubation of the cells with Ind and IL-1β also prevented the IL-1β-induced increase of epithelial permeability."}],"coordinates":[],"confidence":{"state":"pre-added","who":["user:minjilee96"],"prob":1},"fields":{},"normalizations":{}},{"classId":"e_61","part":"s1s5p1","offsets":[{"start":1130,"text":"Ind"}],"coordinates":[],"confidence":{"state":"pre-added","who":["ml:regex","user:minjilee96"],"prob":1},"fields":{},"normalizations":{}},{"classId":"e_32","part":"s1s5p1","offsets":[{"start":1138,"text":"IL-1β"}],"coordinates":[],"confidence":{"state":"pre-added","who":["user:minjilee96"],"prob":1},"fields":{},"normalizations":{}},{"classId":"e_32","part":"s1s5p1","offsets":[{"start":1163,"text":"IL-1β"}],"coordinates":[],"confidence":{"state":"pre-added","who":["ml:regex"],"prob":0},"fields":{},"normalizations":{}},{"classId":"e_27","part":"s1s5p1","offsets":[{"start":1214,"text":"It was also shown that the activation of NOX-1 and NF-κB was prevented by Ind and the expression of COX-2 and inducible NO synthase was reduced."}],"coordinates":[],"confidence":{"state":"pre-added","who":["user:minjilee96"],"prob":1},"fields":{},"normalizations":{}},{"classId":"e_32","part":"s1s5p1","offsets":[{"start":1255,"text":"NOX-1"}],"coordinates":[],"confidence":{"state":"pre-added","who":["user:minjilee96"],"prob":1},"fields":{},"normalizations":{}},{"classId":"e_32","part":"s1s5p1","offsets":[{"start":1265,"text":"NF-κB"}],"coordinates":[],"confidence":{"state":"pre-added","who":["user:minjilee96"],"prob":1},"fields":{},"normalizations":{}},{"classId":"e_61","part":"s1s5p1","offsets":[{"start":1288,"text":"Ind"}],"coordinates":[],"confidence":{"state":"pre-added","who":["ml:regex","user:minjilee96"],"prob":1},"fields":{},"normalizations":{}},{"classId":"e_32","part":"s1s5p1","offsets":[{"start":1314,"text":"COX-2"}],"coordinates":[],"confidence":{"state":"pre-added","who":["user:minjilee96"],"prob":1},"fields":{},"normalizations":{}},{"classId":"e_32","part":"s1s5p1","offsets":[{"start":1324,"text":"inducible NO synthase"}],"coordinates":[],"confidence":{"state":"pre-added","who":["user:minjilee96"],"prob":1},"fields":{},"normalizations":{}},{"classId":"e_61","part":"s1s5p1","offsets":[{"start":1373,"text":"Ind"}],"coordinates":[],"confidence":{"state":"pre-added","who":["ml:regex"],"prob":0},"fields":{},"normalizations":{}},{"classId":"e_61","part":"s1s5p1","offsets":[{"start":1526,"text":"Ind"}],"coordinates":[],"confidence":{"state":"pre-added","who":["ml:regex"],"prob":0},"fields":{},"normalizations":{}}],"relations":[{"classId":"r_42","type":"linked","directed":false,"entities":["s1s5p1|e_32|932,936","s1s5p1|e_27|834,1092"],"confidence":{"state":"pre-added","who":["user:minjilee96"],"prob":1}},{"classId":"r_42","type":"linked","directed":false,"entities":["s1s5p1|e_32|994,997","s1s5p1|e_27|834,1092"],"confidence":{"state":"pre-added","who":["user:minjilee96"],"prob":1}},{"classId":"r_42","type":"linked","directed":false,"entities":["s1s5p1|e_32|1003,1006","s1s5p1|e_27|834,1092"],"confidence":{"state":"pre-added","who":["user:minjilee96"],"prob":1}},{"classId":"r_42","type":"linked","directed":false,"entities":["s1s5p1|e_32|1009,1012","s1s5p1|e_27|834,1092"],"confidence":{"state":"pre-added","who":["user:minjilee96"],"prob":1}},{"classId":"r_42","type":"linked","directed":false,"entities":["s1s5p1|e_32|1138,1142","s1s5p1|e_27|1094,1212"],"confidence":{"state":"pre-added","who":["user:minjilee96"],"prob":1}},{"classId":"r_42","type":"linked","directed":false,"entities":["s1s5p1|e_32|1255,1259","s1s5p1|e_27|1214,1357"],"confidence":{"state":"pre-added","who":["user:minjilee96"],"prob":1}},{"classId":"r_42","type":"linked","directed":false,"entities":["s1s5p1|e_32|1265,1269","s1s5p1|e_27|1214,1357"],"confidence":{"state":"pre-added","who":["user:minjilee96"],"prob":1}},{"classId":"r_42","type":"linked","directed":false,"entities":["s1s5p1|e_32|1314,1318","s1s5p1|e_27|1214,1357"],"confidence":{"state":"pre-added","who":["user:minjilee96"],"prob":1}},{"classId":"r_42","type":"linked","directed":false,"entities":["s1s5p1|e_32|1324,1344","s1s5p1|e_27|1214,1357"],"confidence":{"state":"pre-added","who":["user:minjilee96"],"prob":1}},{"classId":"r_46","type":"linked","directed":false,"entities":["s1s5p1|e_33|253,272","s1s5p1|e_33|275,294"],"confidence":{"state":"pre-added","who":["user:minjilee96"],"prob":1}},{"classId":"r_49","type":"linked","directed":false,"entities":["s1s1p1|e_32|37,43","s1s1p1|e_32|23,35"],"confidence":{"state":"pre-added","who":["user:minjilee96"],"prob":1}},{"classId":"r_62","type":"linked","directed":false,"entities":["s1s5p1|e_61|206,218","s1s5p1|e_33|253,272"],"confidence":{"state":"pre-added","who":["user:minjilee96"],"prob":1}},{"classId":"r_63","type":"linked","directed":false,"entities":["s1s5p1|e_61|206,218","s1s5p1|e_61|221,223"],"confidence":{"state":"pre-added","who":["user:minjilee96"],"prob":1}},{"classId":"r_65","type":"linked","directed":false,"entities":["s1s5p1|e_61|870,872","s1s5p1|e_27|834,1092"],"confidence":{"state":"pre-added","who":["user:minjilee96"],"prob":1}},{"classId":"r_65","type":"linked","directed":false,"entities":["s1s5p1|e_61|1130,1132","s1s5p1|e_27|1094,1212"],"confidence":{"state":"pre-added","who":["user:minjilee96"],"prob":1}},{"classId":"r_65","type":"linked","directed":false,"entities":["s1s5p1|e_61|1288,1290","s1s5p1|e_27|1214,1357"],"confidence":{"state":"pre-added","who":["user:minjilee96"],"prob":1}}]}