{"annotatable":{"parts":["s1s1h1","s1s1p1","s1s2h1","s1s2p1","s1s3h1","s1s3p1","s1s4h1","s1s4p1","s1s5h1","s1s5p1"]},"anncomplete":true,"sources":[],"metas":{"m_24":{"value":"in-vitro","confidence":{"state":"pre-added","who":["user:jykahng13"],"prob":1}},"m_17":{"value":true,"confidence":{"state":"pre-added","who":["user:jykahng13"],"prob":1}}},"entities":[{"classId":"e_32","part":"s1s2p1","offsets":[{"start":18,"text":"aryl hydrocarbon receptor"}],"coordinates":[],"confidence":{"state":"pre-added","who":["ml:regex"],"prob":0},"fields":{},"normalizations":{}},{"classId":"e_33","part":"s1s2p1","offsets":[{"start":47,"text":"berberine"}],"coordinates":[],"confidence":{"state":"pre-added","who":["ml:regex"],"prob":0},"fields":{},"normalizations":{}},{"classId":"e_32","part":"s1s2p1","offsets":[{"start":60,"text":"HepG2"}],"coordinates":[],"confidence":{"state":"pre-added","who":["ml:regex"],"prob":0},"fields":{},"normalizations":{}},{"classId":"e_32","part":"s1s2p1","offsets":[{"start":102,"text":"CYP1A1"}],"coordinates":[],"confidence":{"state":"pre-added","who":["ml:regex"],"prob":0},"fields":{},"normalizations":{}},{"classId":"e_32","part":"s1s3p1","offsets":[{"start":0,"text":"CYP1A1"}],"coordinates":[],"confidence":{"state":"pre-added","who":["ml:regex"],"prob":0},"fields":{},"normalizations":{}},{"classId":"e_33","part":"s1s4p1","offsets":[{"start":0,"text":"Berberine"}],"coordinates":[],"confidence":{"state":"pre-added","who":["ml:regex","user:jykahng13"],"prob":1},"fields":{},"normalizations":{}},{"classId":"e_33","part":"s1s5p1","offsets":[{"start":0,"text":"Berberine"}],"coordinates":[],"confidence":{"state":"pre-added","who":["user:jykahng13"],"prob":1},"fields":{},"normalizations":{}},{"classId":"e_33","part":"s1s5p1","offsets":[{"start":232,"text":"berberine"}],"coordinates":[],"confidence":{"state":"pre-added","who":["ml:regex"],"prob":0},"fields":{},"normalizations":{}},{"classId":"e_32","part":"s1s5p1","offsets":[{"start":256,"text":"aryl hydrocarbon receptor"}],"coordinates":[],"confidence":{"state":"pre-added","who":["user:jykahng13"],"prob":1},"fields":{},"normalizations":{}},{"classId":"e_32","part":"s1s5p1","offsets":[{"start":283,"text":"AhR"}],"coordinates":[],"confidence":{"state":"pre-added","who":["user:jykahng13"],"prob":1},"fields":{},"normalizations":{}},{"classId":"e_32","part":"s1s5p1","offsets":[{"start":431,"text":"AhR"}],"coordinates":[],"confidence":{"state":"pre-added","who":["ml:regex"],"prob":0},"fields":{},"normalizations":{}},{"classId":"e_33","part":"s1s5p1","offsets":[{"start":466,"text":"berberine"}],"coordinates":[],"confidence":{"state":"pre-added","who":["ml:regex"],"prob":0},"fields":{},"normalizations":{}},{"classId":"e_32","part":"s1s5p1","offsets":[{"start":537,"text":"CYP1A1"}],"coordinates":[],"confidence":{"state":"pre-added","who":["user:jykahng13"],"prob":1},"fields":{},"normalizations":{}},{"classId":"e_32","part":"s1s5p1","offsets":[{"start":572,"text":"AhR"}],"coordinates":[],"confidence":{"state":"pre-added","who":["ml:regex"],"prob":0},"fields":{},"normalizations":{}},{"classId":"e_33","part":"s1s5p1","offsets":[{"start":619,"text":"Berberine"}],"coordinates":[],"confidence":{"state":"pre-added","who":["ml:regex"],"prob":0},"fields":{},"normalizations":{}},{"classId":"e_32","part":"s1s5p1","offsets":[{"start":662,"text":"AhR"}],"coordinates":[],"confidence":{"state":"pre-added","who":["ml:regex"],"prob":0},"fields":{},"normalizations":{}},{"classId":"e_33","part":"s1s5p1","offsets":[{"start":748,"text":"berberine"}],"coordinates":[],"confidence":{"state":"pre-added","who":["ml:regex"],"prob":0},"fields":{},"normalizations":{}},{"classId":"e_32","part":"s1s5p1","offsets":[{"start":854,"text":"AhR"}],"coordinates":[],"confidence":{"state":"pre-added","who":["ml:regex"],"prob":0},"fields":{},"normalizations":{}},{"classId":"e_33","part":"s1s5p1","offsets":[{"start":938,"text":"berberine"}],"coordinates":[],"confidence":{"state":"pre-added","who":["ml:regex"],"prob":0},"fields":{},"normalizations":{}},{"classId":"e_32","part":"s1s5p1","offsets":[{"start":969,"text":"AhR"}],"coordinates":[],"confidence":{"state":"pre-added","who":["ml:regex"],"prob":0},"fields":{},"normalizations":{}},{"classId":"e_27","part":"s1s5p1","offsets":[{"start":1042,"text":"We demonstrate that berberine is a potent inhibitor (IC50=2.5 microM) of CYP1A1 catalytic activity (EROD) in HepG2 cell culture and in recombinant CYP1A1 protein."}],"coordinates":[],"confidence":{"state":"pre-added","who":["user:jykahng13"],"prob":1},"fields":{},"normalizations":{}},{"classId":"e_33","part":"s1s5p1","offsets":[{"start":1062,"text":"berberine"}],"coordinates":[],"confidence":{"state":"pre-added","who":["ml:regex","user:jykahng13"],"prob":1},"fields":{},"normalizations":{}},{"classId":"e_32","part":"s1s5p1","offsets":[{"start":1115,"text":"CYP1A1"}],"coordinates":[],"confidence":{"state":"pre-added","who":["ml:regex","user:jykahng13"],"prob":1},"fields":{},"normalizations":{}},{"classId":"e_32","part":"s1s5p1","offsets":[{"start":1189,"text":"CYP1A1"}],"coordinates":[],"confidence":{"state":"pre-added","who":["ml:regex"],"prob":0},"fields":{},"normalizations":{}},{"classId":"e_33","part":"s1s5p1","offsets":[{"start":1248,"text":"berberine"}],"coordinates":[],"confidence":{"state":"pre-added","who":["ml:regex"],"prob":0},"fields":{},"normalizations":{}},{"classId":"e_32","part":"s1s5p1","offsets":[{"start":1348,"text":"CYP1A1"}],"coordinates":[],"confidence":{"state":"pre-added","who":["ml:regex"],"prob":0},"fields":{},"normalizations":{}},{"classId":"e_32","part":"s1s5p1","offsets":[{"start":1482,"text":"AhR"}],"coordinates":[],"confidence":{"state":"pre-added","who":["ml:regex"],"prob":0},"fields":{},"normalizations":{}},{"classId":"e_33","part":"s1s5p1","offsets":[{"start":1497,"text":"berberine"}],"coordinates":[],"confidence":{"state":"pre-added","who":["ml:regex"],"prob":0},"fields":{},"normalizations":{}}],"relations":[{"classId":"r_35","type":"linked","directed":false,"entities":["s1s5p1|e_33|1062,1070","s1s5p1|e_27|1042,1203"],"confidence":{"state":"pre-added","who":["user:jykahng13"],"prob":1}},{"classId":"r_42","type":"linked","directed":false,"entities":["s1s5p1|e_32|1115,1120","s1s5p1|e_27|1042,1203"],"confidence":{"state":"pre-added","who":["user:jykahng13"],"prob":1}},{"classId":"r_49","type":"linked","directed":false,"entities":["s1s5p1|e_32|283,285","s1s5p1|e_32|256,280"],"confidence":{"state":"pre-added","who":["user:jykahng13"],"prob":1}}]}