{"annotatable":{"parts":["s1s1h1","s1s1p1","s1s2h1","s1s2p1","s1s3h1","s1s3p1","s1s4h1","s1s4p1","s1s5h1","s1s5p1","s1s6h1","s1s6p1","s1s7h1","s1s7p1","s1s8h1","s1s8p1","s1s9h1","s1s9p1","s1s10h1","s1s10p1","s1s11h1","s1s11p1"]},"anncomplete":true,"sources":[{"name":"ORIG","id":"2nd_minjilee96.tsv_25","url":""}],"metas":{"m_24":{"value":"in-vitro","confidence":{"state":"pre-added","who":["user:minjilee96"],"prob":1}},"m_17":{"value":true,"confidence":{"state":"pre-added","who":["user:minjilee96"],"prob":1}}},"entities":[{"classId":"e_33","part":"s1s2p1","offsets":[{"start":10,"text":"Viola mandshurica"}],"coordinates":[],"confidence":{"state":"pre-added","who":["user:minjilee96"],"prob":1},"fields":{},"normalizations":{}},{"classId":"e_33","part":"s1s5p1","offsets":[{"start":0,"text":"Viola mandshurica"}],"coordinates":[],"confidence":{"state":"pre-added","who":["ml:regex"],"prob":0},"fields":{},"normalizations":{}},{"classId":"e_33","part":"s1s7p1","offsets":[{"start":29,"text":"chloroform extract of fermented Viola mandshurica"}],"coordinates":[],"confidence":{"state":"pre-added","who":["user:minjilee96"],"prob":1},"fields":{},"normalizations":{}},{"classId":"e_33","part":"s1s7p1","offsets":[{"start":80,"text":"CEFV"}],"coordinates":[],"confidence":{"state":"pre-added","who":["ml:regex"],"prob":0},"fields":{},"normalizations":{}},{"classId":"e_33","part":"s1s7p1","offsets":[{"start":123,"text":"CEFV"}],"coordinates":[],"confidence":{"state":"pre-added","who":["user:minjilee96"],"prob":1},"fields":{},"normalizations":{}},{"classId":"e_27","part":"s1s7p1","offsets":[{"start":123,"text":"CEFV treatment significantly decreased melanin content and tyrosinase activity in dose-dependent manners."}],"coordinates":[],"confidence":{"state":"pre-added","who":["user:minjilee96"],"prob":1},"fields":{},"normalizations":{}},{"classId":"e_32","part":"s1s7p1","offsets":[{"start":182,"text":"tyrosinase"}],"coordinates":[],"confidence":{"state":"pre-added","who":["user:minjilee96"],"prob":1},"fields":{},"normalizations":{}},{"classId":"e_33","part":"s1s7p1","offsets":[{"start":285,"text":"CEFV"}],"coordinates":[],"confidence":{"state":"pre-added","who":["ml:regex"],"prob":0},"fields":{},"normalizations":{}},{"classId":"e_32","part":"s1s7p1","offsets":[{"start":389,"text":"tyrosinase"}],"coordinates":[],"confidence":{"state":"pre-added","who":["ml:regex"],"prob":0},"fields":{},"normalizations":{}},{"classId":"e_32","part":"s1s7p1","offsets":[{"start":401,"text":"tyrosinase"}],"coordinates":[],"confidence":{"state":"pre-added","who":["ml:regex"],"prob":0},"fields":{},"normalizations":{}},{"classId":"e_32","part":"s1s7p1","offsets":[{"start":401,"text":"tyrosinase-related protein-1"}],"coordinates":[],"confidence":{"state":"pre-added","who":["user:minjilee96"],"prob":1},"fields":{},"normalizations":{}},{"classId":"e_32","part":"s1s7p1","offsets":[{"start":431,"text":"TRP-1"}],"coordinates":[],"confidence":{"state":"pre-added","who":["user:minjilee96"],"prob":1},"fields":{},"normalizations":{}},{"classId":"e_32","part":"s1s7p1","offsets":[{"start":439,"text":"TRP-2"}],"coordinates":[],"confidence":{"state":"pre-added","who":["user:minjilee96"],"prob":1},"fields":{},"normalizations":{}},{"classId":"e_32","part":"s1s7p1","offsets":[{"start":450,"text":"microphthalmia-associated transcription factor"}],"coordinates":[],"confidence":{"state":"pre-added","who":["user:minjilee96"],"prob":1},"fields":{},"normalizations":{}},{"classId":"e_32","part":"s1s7p1","offsets":[{"start":498,"text":"MITF"}],"coordinates":[],"confidence":{"state":"pre-added","who":["user:minjilee96"],"prob":1},"fields":{},"normalizations":{}},{"classId":"e_33","part":"s1s7p1","offsets":[{"start":505,"text":"CEFV"}],"coordinates":[],"confidence":{"state":"pre-added","who":["ml:regex","user:minjilee96"],"prob":1},"fields":{},"normalizations":{}},{"classId":"e_27","part":"s1s7p1","offsets":[{"start":505,"text":"CEFV strongly inhibited mRNA as well as the protein expression of tyrosinase and MITF, but had no significant effect on TRP-1 or TRP-2 expressions."}],"coordinates":[],"confidence":{"state":"pre-added","who":["user:minjilee96"],"prob":1},"fields":{},"normalizations":{}},{"classId":"e_32","part":"s1s7p1","offsets":[{"start":571,"text":"tyrosinase"}],"coordinates":[],"confidence":{"state":"pre-added","who":["ml:regex","user:minjilee96"],"prob":1},"fields":{},"normalizations":{}},{"classId":"e_32","part":"s1s7p1","offsets":[{"start":586,"text":"MITF"}],"coordinates":[],"confidence":{"state":"pre-added","who":["user:minjilee96"],"prob":1},"fields":{},"normalizations":{}},{"classId":"e_32","part":"s1s7p1","offsets":[{"start":625,"text":"TRP-1"}],"coordinates":[],"confidence":{"state":"pre-added","who":["user:minjilee96"],"prob":1},"fields":{},"normalizations":{}},{"classId":"e_32","part":"s1s7p1","offsets":[{"start":634,"text":"TRP-2"}],"coordinates":[],"confidence":{"state":"pre-added","who":["user:minjilee96"],"prob":1},"fields":{},"normalizations":{}},{"classId":"e_27","part":"s1s7p1","offsets":[{"start":653,"text":"It markedly decreased the phosphorylation of cAMP responsive element binding protein (CREB), and induced the duration of extracellular signal-regulated kinase (ERK) activation, leading to reduction of MITF expression and subsequently that of tyrosinase."}],"coordinates":[],"confidence":{"state":"pre-added","who":["user:minjilee96"],"prob":1},"fields":{},"normalizations":{}},{"classId":"e_32","part":"s1s7p1","offsets":[{"start":698,"text":"cAMP responsive element binding protein"}],"coordinates":[],"confidence":{"state":"pre-added","who":["user:minjilee96"],"prob":1},"fields":{},"normalizations":{}},{"classId":"e_32","part":"s1s7p1","offsets":[{"start":739,"text":"CREB"}],"coordinates":[],"confidence":{"state":"pre-added","who":["user:minjilee96"],"prob":1},"fields":{},"normalizations":{}},{"classId":"e_32","part":"s1s7p1","offsets":[{"start":774,"text":"extracellular signal-regulated kinase"}],"coordinates":[],"confidence":{"state":"pre-added","who":["user:minjilee96"],"prob":1},"fields":{},"normalizations":{}},{"classId":"e_32","part":"s1s7p1","offsets":[{"start":813,"text":"ERK"}],"coordinates":[],"confidence":{"state":"pre-added","who":["user:minjilee96"],"prob":1},"fields":{},"normalizations":{}},{"classId":"e_32","part":"s1s7p1","offsets":[{"start":854,"text":"MITF"}],"coordinates":[],"confidence":{"state":"pre-added","who":["ml:regex","user:minjilee96"],"prob":1},"fields":{},"normalizations":{}},{"classId":"e_32","part":"s1s7p1","offsets":[{"start":895,"text":"tyrosinase"}],"coordinates":[],"confidence":{"state":"pre-added","who":["ml:regex","user:minjilee96"],"prob":1},"fields":{},"normalizations":{}},{"classId":"e_27","part":"s1s7p1","offsets":[{"start":907,"text":"Therefore, we suggest that CEFV induces downregulation of melanogenesis through decreased CREB phosphorylation and ERK activat"}],"coordinates":[],"confidence":{"state":"pre-added","who":["user:minjilee96"],"prob":1},"fields":{},"normalizations":{}},{"classId":"e_33","part":"s1s7p1","offsets":[{"start":934,"text":"CEFV"}],"coordinates":[],"confidence":{"state":"pre-added","who":["ml:regex","user:minjilee96"],"prob":1},"fields":{},"normalizations":{}},{"classId":"e_32","part":"s1s7p1","offsets":[{"start":997,"text":"CREB"}],"coordinates":[],"confidence":{"state":"pre-added","who":["ml:regex","user:minjilee96"],"prob":1},"fields":{},"normalizations":{}},{"classId":"e_32","part":"s1s7p1","offsets":[{"start":1022,"text":"ERK"}],"coordinates":[],"confidence":{"state":"pre-added","who":["ml:regex","user:minjilee96"],"prob":1},"fields":{},"normalizations":{}}],"relations":[{"classId":"r_35","type":"linked","directed":false,"entities":["s1s7p1|e_33|123,126","s1s7p1|e_27|123,227"],"confidence":{"state":"pre-added","who":["user:minjilee96"],"prob":1}},{"classId":"r_35","type":"linked","directed":false,"entities":["s1s7p1|e_33|505,508","s1s7p1|e_27|505,651"],"confidence":{"state":"pre-added","who":["user:minjilee96"],"prob":1}},{"classId":"r_35","type":"linked","directed":false,"entities":["s1s7p1|e_33|505,508","s1s7p1|e_27|653,905"],"confidence":{"state":"pre-added","who":["user:minjilee96"],"prob":1}},{"classId":"r_35","type":"linked","directed":false,"entities":["s1s7p1|e_33|934,937","s1s7p1|e_27|907,1032"],"confidence":{"state":"pre-added","who":["user:minjilee96"],"prob":1}},{"classId":"r_42","type":"linked","directed":false,"entities":["s1s7p1|e_32|182,191","s1s7p1|e_27|123,227"],"confidence":{"state":"pre-added","who":["user:minjilee96"],"prob":1}},{"classId":"r_42","type":"linked","directed":false,"entities":["s1s7p1|e_32|571,580","s1s7p1|e_27|505,651"],"confidence":{"state":"pre-added","who":["user:minjilee96"],"prob":1}},{"classId":"r_42","type":"linked","directed":false,"entities":["s1s7p1|e_32|586,589","s1s7p1|e_27|505,651"],"confidence":{"state":"pre-added","who":["user:minjilee96"],"prob":1}},{"classId":"r_42","type":"linked","directed":false,"entities":["s1s7p1|e_32|625,629","s1s7p1|e_27|505,651"],"confidence":{"state":"pre-added","who":["user:minjilee96"],"prob":1}},{"classId":"r_42","type":"linked","directed":false,"entities":["s1s7p1|e_32|634,638","s1s7p1|e_27|505,651"],"confidence":{"state":"pre-added","who":["user:minjilee96"],"prob":1}},{"classId":"r_42","type":"linked","directed":false,"entities":["s1s7p1|e_32|698,736","s1s7p1|e_27|653,905"],"confidence":{"state":"pre-added","who":["user:minjilee96"],"prob":1}},{"classId":"r_42","type":"linked","directed":false,"entities":["s1s7p1|e_32|774,810","s1s7p1|e_27|653,905"],"confidence":{"state":"pre-added","who":["user:minjilee96"],"prob":1}},{"classId":"r_42","type":"linked","directed":false,"entities":["s1s7p1|e_32|854,857","s1s7p1|e_27|653,905"],"confidence":{"state":"pre-added","who":["user:minjilee96"],"prob":1}},{"classId":"r_42","type":"linked","directed":false,"entities":["s1s7p1|e_32|895,904","s1s7p1|e_27|653,905"],"confidence":{"state":"pre-added","who":["user:minjilee96"],"prob":1}},{"classId":"r_42","type":"linked","directed":false,"entities":["s1s7p1|e_32|997,1000","s1s7p1|e_27|907,1032"],"confidence":{"state":"pre-added","who":["user:minjilee96"],"prob":1}},{"classId":"r_42","type":"linked","directed":false,"entities":["s1s7p1|e_32|1022,1024","s1s7p1|e_27|907,1032"],"confidence":{"state":"pre-added","who":["user:minjilee96"],"prob":1}},{"classId":"r_46","type":"linked","directed":false,"entities":["s1s7p1|e_33|29,77","s1s7p1|e_33|80,83"],"confidence":{"state":"pre-added","who":["user:minjilee96"],"prob":1}},{"classId":"r_49","type":"linked","directed":false,"entities":["s1s7p1|e_32|431,435","s1s7p1|e_32|401,428"],"confidence":{"state":"pre-added","who":["user:minjilee96"],"prob":1}},{"classId":"r_49","type":"linked","directed":false,"entities":["s1s7p1|e_32|498,501","s1s7p1|e_32|450,495"],"confidence":{"state":"pre-added","who":["user:minjilee96"],"prob":1}},{"classId":"r_49","type":"linked","directed":false,"entities":["s1s7p1|e_32|739,742","s1s7p1|e_32|698,736"],"confidence":{"state":"pre-added","who":["user:minjilee96"],"prob":1}},{"classId":"r_49","type":"linked","directed":false,"entities":["s1s7p1|e_32|813,815","s1s7p1|e_32|774,810"],"confidence":{"state":"pre-added","who":["user:minjilee96"],"prob":1}}]}