{"annotatable":{"parts":["s1s1h1","s1s1p1","s1s2h1","s1s2p1","s1s3h1","s1s3p1","s1s4h1","s1s4p1","s1s5h1","s1s5p1"]},"anncomplete":true,"sources":[],"metas":{"m_24":{"value":"in-vitro","confidence":{"state":"pre-added","who":["user:minjilee96"],"prob":1}},"m_17":{"value":true,"confidence":{"state":"pre-added","who":["user:minjilee96"],"prob":1}}},"entities":[{"classId":"e_26","part":"s1s1p1","offsets":[{"start":48,"text":"CYP17"}],"coordinates":[],"confidence":{"state":"pre-added","who":["ml:regex"],"prob":0},"fields":{},"normalizations":{}},{"classId":"e_26","part":"s1s3p1","offsets":[{"start":0,"text":"CYP17"}],"coordinates":[],"confidence":{"state":"pre-added","who":["ml:regex"],"prob":0},"fields":{},"normalizations":{}},{"classId":"e_61","part":"s1s4p1","offsets":[{"start":0,"text":"Resveratrol"}],"coordinates":[],"confidence":{"state":"pre-added","who":["ml:regex"],"prob":0},"fields":{},"normalizations":{}},{"classId":"e_26","part":"s1s5p1","offsets":[{"start":16,"text":"17α-hydroxylase/17,20-lyase"}],"coordinates":[],"confidence":{"state":"pre-added","who":["user:minjilee96"],"prob":1},"fields":{},"normalizations":{}},{"classId":"e_26","part":"s1s5p1","offsets":[{"start":45,"text":"CYP17"}],"coordinates":[],"confidence":{"state":"pre-added","who":["ml:regex"],"prob":0},"fields":{},"normalizations":{}},{"classId":"e_26","part":"s1s5p1","offsets":[{"start":224,"text":"CYP17"}],"coordinates":[],"confidence":{"state":"pre-added","who":["ml:regex"],"prob":0},"fields":{},"normalizations":{}},{"classId":"e_26","part":"s1s5p1","offsets":[{"start":399,"text":"CYP17"}],"coordinates":[],"confidence":{"state":"pre-added","who":["ml:regex"],"prob":0},"fields":{},"normalizations":{}},{"classId":"e_26","part":"s1s5p1","offsets":[{"start":502,"text":"CYP17"}],"coordinates":[],"confidence":{"state":"pre-added","who":["ml:regex"],"prob":0},"fields":{},"normalizations":{}},{"classId":"e_61","part":"s1s5p1","offsets":[{"start":615,"text":"Resveratrol"}],"coordinates":[],"confidence":{"state":"pre-added","who":["user:minjilee96"],"prob":1},"fields":{},"normalizations":{}},{"classId":"e_27","part":"s1s5p1","offsets":[{"start":615,"text":"Resveratrol was the most potent CYP17 inhibitor with an approximate IC50 of 4 μM, and the inhibition might weigh on the 17α-hydroxylase activity more than the 17,20-lyase activity."}],"coordinates":[],"confidence":{"state":"pre-added","who":["user:minjilee96"],"prob":1},"fields":{},"normalizations":{}},{"classId":"e_26","part":"s1s5p1","offsets":[{"start":647,"text":"CYP17"}],"coordinates":[],"confidence":{"state":"pre-added","who":["user:minjilee96"],"prob":1},"fields":{},"normalizations":{}},{"classId":"e_32","part":"s1s5p1","offsets":[{"start":735,"text":"17α-hydroxylase"}],"coordinates":[],"confidence":{"state":"pre-added","who":["user:minjilee96"],"prob":1},"fields":{},"normalizations":{}},{"classId":"e_32","part":"s1s5p1","offsets":[{"start":774,"text":"17,20-lyase"}],"coordinates":[],"confidence":{"state":"pre-added","who":["user:minjilee96"],"prob":1},"fields":{},"normalizations":{}},{"classId":"e_61","part":"s1s5p1","offsets":[{"start":796,"text":"Resveratrol"}],"coordinates":[],"confidence":{"state":"pre-added","who":["ml:regex","user:minjilee96"],"prob":1},"fields":{},"normalizations":{}},{"classId":"e_27","part":"s1s5p1","offsets":[{"start":796,"text":"Resveratrol also inhibited 21α-hydroxylase (CYP21) essential for corticosteroid biosynthesis but to a lesser extent, thus preventing the occurrence of cortisol elevation following CYP17 blockade."}],"coordinates":[],"confidence":{"state":"pre-added","who":["user:minjilee96"],"prob":1},"fields":{},"normalizations":{}},{"classId":"e_26","part":"s1s5p1","offsets":[{"start":823,"text":"21α-hydroxylase"}],"coordinates":[],"confidence":{"state":"pre-added","who":["user:minjilee96"],"prob":1},"fields":{},"normalizations":{}},{"classId":"e_26","part":"s1s5p1","offsets":[{"start":840,"text":"CYP21"}],"coordinates":[],"confidence":{"state":"pre-added","who":["user:minjilee96"],"prob":1},"fields":{},"normalizations":{}},{"classId":"e_26","part":"s1s5p1","offsets":[{"start":976,"text":"CYP17"}],"coordinates":[],"confidence":{"state":"pre-added","who":["ml:regex"],"prob":0},"fields":{},"normalizations":{}},{"classId":"e_27","part":"s1s5p1","offsets":[{"start":992,"text":"Although transcriptional down-regulation was important for α-naphthoflavone-mediated CYP17 inhibition, resveratrol inhibited CYP17 and CYP21 mainly at the level of enzyme activity rather than enzyme abundance and cytochrome P450 electron transfer."}],"coordinates":[],"confidence":{"state":"pre-added","who":["user:minjilee96"],"prob":1},"fields":{},"normalizations":{}},{"classId":"e_26","part":"s1s5p1","offsets":[{"start":1077,"text":"CYP17"}],"coordinates":[],"confidence":{"state":"pre-added","who":["ml:regex"],"prob":0},"fields":{},"normalizations":{}},{"classId":"e_61","part":"s1s5p1","offsets":[{"start":1095,"text":"resveratrol"}],"coordinates":[],"confidence":{"state":"pre-added","who":["ml:regex","user:minjilee96"],"prob":1},"fields":{},"normalizations":{}},{"classId":"e_26","part":"s1s5p1","offsets":[{"start":1117,"text":"CYP17"}],"coordinates":[],"confidence":{"state":"pre-added","who":["ml:regex","user:minjilee96"],"prob":1},"fields":{},"normalizations":{}},{"classId":"e_26","part":"s1s5p1","offsets":[{"start":1127,"text":"CYP21"}],"coordinates":[],"confidence":{"state":"pre-added","who":["user:minjilee96"],"prob":1},"fields":{},"normalizations":{}},{"classId":"e_61","part":"s1s5p1","offsets":[{"start":1240,"text":"Daidzein"}],"coordinates":[],"confidence":{"state":"pre-added","who":["user:minjilee96"],"prob":1},"fields":{},"normalizations":{}},{"classId":"e_27","part":"s1s5p1","offsets":[{"start":1240,"text":"Daidzein also inhibited CYP17 and CYP21 although less potent than resveratrol."}],"coordinates":[],"confidence":{"state":"pre-added","who":["user:minjilee96"],"prob":1},"fields":{},"normalizations":{}},{"classId":"e_26","part":"s1s5p1","offsets":[{"start":1264,"text":"CYP17"}],"coordinates":[],"confidence":{"state":"pre-added","who":["ml:regex","user:minjilee96"],"prob":1},"fields":{},"normalizations":{}},{"classId":"e_26","part":"s1s5p1","offsets":[{"start":1274,"text":"CYP21"}],"coordinates":[],"confidence":{"state":"pre-added","who":["user:minjilee96"],"prob":1},"fields":{},"normalizations":{}},{"classId":"e_61","part":"s1s5p1","offsets":[{"start":1306,"text":"resveratrol"}],"coordinates":[],"confidence":{"state":"pre-added","who":["ml:regex"],"prob":0},"fields":{},"normalizations":{}},{"classId":"e_61","part":"s1s5p1","offsets":[{"start":1319,"text":"Daidzein"}],"coordinates":[],"confidence":{"state":"pre-added","who":["ml:regex","user:minjilee96"],"prob":1},"fields":{},"normalizations":{}},{"classId":"e_27","part":"s1s5p1","offsets":[{"start":1319,"text":"Daidzein was the only polyphenol showing inhibition of 3β-hydroxysteroid dehydrogenase type II (3βHSD2)."}],"coordinates":[],"confidence":{"state":"pre-added","who":["user:minjilee96"],"prob":1},"fields":{},"normalizations":{}},{"classId":"e_26","part":"s1s5p1","offsets":[{"start":1374,"text":"3β-hydroxysteroid dehydrogenase type II"}],"coordinates":[],"confidence":{"state":"pre-added","who":["user:minjilee96"],"prob":1},"fields":{},"normalizations":{}},{"classId":"e_26","part":"s1s5p1","offsets":[{"start":1415,"text":"3βHSD2"}],"coordinates":[],"confidence":{"state":"pre-added","who":["user:minjilee96"],"prob":1},"fields":{},"normalizations":{}},{"classId":"e_27","part":"s1s5p1","offsets":[{"start":1424,"text":"The exceptional 3βHSD2 inhibition led to dehydroepiandrosterone accumulation alongside daidzein-caused androgen biosynthetic impairment."}],"coordinates":[],"confidence":{"state":"pre-added","who":["user:minjilee96"],"prob":1},"fields":{},"normalizations":{}},{"classId":"e_26","part":"s1s5p1","offsets":[{"start":1440,"text":"3βHSD2"}],"coordinates":[],"confidence":{"state":"pre-added","who":["ml:regex","user:minjilee96"],"prob":1},"fields":{},"normalizations":{}},{"classId":"e_61","part":"s1s5p1","offsets":[{"start":1511,"text":"daidzein"}],"coordinates":[],"confidence":{"state":"pre-added","who":["ml:regex","user:minjilee96"],"prob":1},"fields":{},"normalizations":{}},{"classId":"e_26","part":"s1s5p1","offsets":[{"start":1711,"text":"CYP17"}],"coordinates":[],"confidence":{"state":"pre-added","who":["ml:regex"],"prob":0},"fields":{},"normalizations":{}},{"classId":"e_61","part":"s1s5p1","offsets":[{"start":1973,"text":"resveratrol"}],"coordinates":[],"confidence":{"state":"pre-added","who":["ml:regex"],"prob":0},"fields":{},"normalizations":{}}],"relations":[{"classId":"r_40","type":"linked","directed":false,"entities":["s1s5p1|e_26|647,651","s1s5p1|e_27|615,794"],"confidence":{"state":"pre-added","who":["user:minjilee96"],"prob":1}},{"classId":"r_40","type":"linked","directed":false,"entities":["s1s5p1|e_26|823,837","s1s5p1|e_27|796,990"],"confidence":{"state":"pre-added","who":["user:minjilee96"],"prob":1}},{"classId":"r_40","type":"linked","directed":false,"entities":["s1s5p1|e_26|1117,1121","s1s5p1|e_27|992,1238"],"confidence":{"state":"pre-added","who":["user:minjilee96"],"prob":1}},{"classId":"r_40","type":"linked","directed":false,"entities":["s1s5p1|e_26|1127,1131","s1s5p1|e_27|992,1238"],"confidence":{"state":"pre-added","who":["user:minjilee96"],"prob":1}},{"classId":"r_40","type":"linked","directed":false,"entities":["s1s5p1|e_26|1264,1268","s1s5p1|e_27|1240,1317"],"confidence":{"state":"pre-added","who":["user:minjilee96"],"prob":1}},{"classId":"r_40","type":"linked","directed":false,"entities":["s1s5p1|e_26|1274,1278","s1s5p1|e_27|1240,1317"],"confidence":{"state":"pre-added","who":["user:minjilee96"],"prob":1}},{"classId":"r_40","type":"linked","directed":false,"entities":["s1s5p1|e_26|1374,1412","s1s5p1|e_27|1319,1422"],"confidence":{"state":"pre-added","who":["user:minjilee96"],"prob":1}},{"classId":"r_40","type":"linked","directed":false,"entities":["s1s5p1|e_26|1440,1445","s1s5p1|e_27|1424,1559"],"confidence":{"state":"pre-added","who":["user:minjilee96"],"prob":1}},{"classId":"r_42","type":"linked","directed":false,"entities":["s1s5p1|e_32|735,749","s1s5p1|e_27|615,794"],"confidence":{"state":"pre-added","who":["user:minjilee96"],"prob":1}},{"classId":"r_42","type":"linked","directed":false,"entities":["s1s5p1|e_32|774,784","s1s5p1|e_27|615,794"],"confidence":{"state":"pre-added","who":["user:minjilee96"],"prob":1}},{"classId":"r_47","type":"linked","directed":false,"entities":["s1s5p1|e_26|16,42","s1s5p1|e_26|45,49"],"confidence":{"state":"pre-added","who":["user:minjilee96"],"prob":1}},{"classId":"r_47","type":"linked","directed":false,"entities":["s1s5p1|e_26|840,844","s1s5p1|e_26|823,837"],"confidence":{"state":"pre-added","who":["user:minjilee96"],"prob":1}},{"classId":"r_47","type":"linked","directed":false,"entities":["s1s5p1|e_26|1415,1420","s1s5p1|e_26|1374,1412"],"confidence":{"state":"pre-added","who":["user:minjilee96"],"prob":1}},{"classId":"r_65","type":"linked","directed":false,"entities":["s1s5p1|e_61|615,625","s1s5p1|e_27|615,794"],"confidence":{"state":"pre-added","who":["user:minjilee96"],"prob":1}},{"classId":"r_65","type":"linked","directed":false,"entities":["s1s5p1|e_61|796,806","s1s5p1|e_27|796,990"],"confidence":{"state":"pre-added","who":["user:minjilee96"],"prob":1}},{"classId":"r_65","type":"linked","directed":false,"entities":["s1s5p1|e_61|1095,1105","s1s5p1|e_27|992,1238"],"confidence":{"state":"pre-added","who":["user:minjilee96"],"prob":1}},{"classId":"r_65","type":"linked","directed":false,"entities":["s1s5p1|e_61|1240,1247","s1s5p1|e_27|1240,1317"],"confidence":{"state":"pre-added","who":["user:minjilee96"],"prob":1}},{"classId":"r_65","type":"linked","directed":false,"entities":["s1s5p1|e_61|1319,1326","s1s5p1|e_27|1319,1422"],"confidence":{"state":"pre-added","who":["user:minjilee96"],"prob":1}},{"classId":"r_65","type":"linked","directed":false,"entities":["s1s5p1|e_61|1511,1518","s1s5p1|e_27|1424,1559"],"confidence":{"state":"pre-added","who":["user:minjilee96"],"prob":1}}]}