{"annotatable":{"parts":["s1s1h1","s1s1p1","s1s2h1","s1s2p1","s1s3h1","s1s3p1","s1s4h1","s1s4p1","s1s5h1","s1s5p1"]},"anncomplete":true,"sources":[],"metas":{"m_24":{"value":"in-vitro","confidence":{"state":"pre-added","who":["user:sunghocho"],"prob":1}},"m_17":{"value":true,"confidence":{"state":"pre-added","who":["user:sunghocho"],"prob":1}}},"entities":[{"classId":"e_64","part":"s1s1p1","offsets":[{"start":0,"text":"Gambogic acid"}],"coordinates":[],"confidence":{"state":"pre-added","who":["ml:regex"],"prob":0},"fields":{},"normalizations":{}},{"classId":"e_32","part":"s1s3p1","offsets":[{"start":0,"text":"VEGF"}],"coordinates":[],"confidence":{"state":"pre-added","who":["ml:regex"],"prob":0},"fields":{},"normalizations":{}},{"classId":"e_64","part":"s1s5p1","offsets":[{"start":31,"text":"gambogic acid"}],"coordinates":[],"confidence":{"state":"pre-added","who":["user:sunghocho"],"prob":1},"fields":{},"normalizations":{}},{"classId":"e_64","part":"s1s5p1","offsets":[{"start":46,"text":"GA"}],"coordinates":[],"confidence":{"state":"pre-added","who":["ml:regex","user:sunghocho"],"prob":1},"fields":{},"normalizations":{}},{"classId":"e_33","part":"s1s5p1","offsets":[{"start":130,"text":"Garcinia hanburryi"}],"coordinates":[],"confidence":{"state":"pre-added","who":["user:sunghocho"],"prob":1},"fields":{},"normalizations":{}},{"classId":"e_64","part":"s1s5p1","offsets":[{"start":307,"text":"GA"}],"coordinates":[],"confidence":{"state":"pre-added","who":["ml:regex"],"prob":0},"fields":{},"normalizations":{}},{"classId":"e_64","part":"s1s5p1","offsets":[{"start":330,"text":"GA"}],"coordinates":[],"confidence":{"state":"pre-added","who":["ml:regex","user:sunghocho"],"prob":1},"fields":{},"normalizations":{}},{"classId":"e_27","part":"s1s5p1","offsets":[{"start":330,"text":"GA inhibits the VEGF-stimulated proliferation, migration and tube formation of human umbilical vein endothelial cells (HUVECs) as well as microvessel sprouting from rat aortic rings in vitro"}],"coordinates":[],"confidence":{"state":"pre-added","who":["user:sunghocho"],"prob":1},"fields":{},"normalizations":{}},{"classId":"e_32","part":"s1s5p1","offsets":[{"start":346,"text":"VEGF"}],"coordinates":[],"confidence":{"state":"pre-added","who":["user:sunghocho"],"prob":1},"fields":{},"normalizations":{}},{"classId":"e_64","part":"s1s5p1","offsets":[{"start":532,"text":"GA"}],"coordinates":[],"confidence":{"state":"pre-added","who":["ml:regex"],"prob":0},"fields":{},"normalizations":{}},{"classId":"e_27","part":"s1s5p1","offsets":[{"start":624,"text":"The results also indicated that GA decreases VEGF production of cultured tumor cells and inhibits VEGF-induced tyrosine phosphorylation of KDR/Flk-1"}],"coordinates":[],"confidence":{"state":"pre-added","who":["user:sunghocho"],"prob":1},"fields":{},"normalizations":{}},{"classId":"e_64","part":"s1s5p1","offsets":[{"start":656,"text":"GA"}],"coordinates":[],"confidence":{"state":"pre-added","who":["user:sunghocho"],"prob":1},"fields":{},"normalizations":{}},{"classId":"e_32","part":"s1s5p1","offsets":[{"start":669,"text":"VEGF"}],"coordinates":[],"confidence":{"state":"pre-added","who":["ml:regex","user:sunghocho"],"prob":1},"fields":{},"normalizations":{}},{"classId":"e_32","part":"s1s5p1","offsets":[{"start":722,"text":"VEGF"}],"coordinates":[],"confidence":{"state":"pre-added","who":["ml:regex"],"prob":0},"fields":{},"normalizations":{}},{"classId":"e_32","part":"s1s5p1","offsets":[{"start":863,"text":"VEGF"}],"coordinates":[],"confidence":{"state":"pre-added","who":["ml:regex"],"prob":0},"fields":{},"normalizations":{}},{"classId":"e_64","part":"s1s5p1","offsets":[{"start":973,"text":"GA"}],"coordinates":[],"confidence":{"state":"pre-added","who":["ml:regex"],"prob":0},"fields":{},"normalizations":{}}],"relations":[{"classId":"r_42","type":"linked","directed":false,"entities":["s1s5p1|e_32|346,349","s1s5p1|e_27|330,519"],"confidence":{"state":"pre-added","who":["user:sunghocho"],"prob":1}},{"classId":"r_42","type":"linked","directed":false,"entities":["s1s5p1|e_32|669,672","s1s5p1|e_27|624,771"],"confidence":{"state":"pre-added","who":["user:sunghocho"],"prob":1}},{"classId":"r_65","type":"linked","directed":false,"entities":["s1s5p1|e_33|130,147","s1s5p1|e_64|31,43"],"confidence":{"state":"pre-added","who":["user:sunghocho"],"prob":1}},{"classId":"r_66","type":"linked","directed":false,"entities":["s1s5p1|e_64|46,47","s1s5p1|e_64|31,43"],"confidence":{"state":"pre-added","who":["user:sunghocho"],"prob":1}},{"classId":"r_68","type":"linked","directed":false,"entities":["s1s5p1|e_64|330,331","s1s5p1|e_27|330,519"],"confidence":{"state":"pre-added","who":["user:sunghocho"],"prob":1}},{"classId":"r_68","type":"linked","directed":false,"entities":["s1s5p1|e_64|656,657","s1s5p1|e_27|624,771"],"confidence":{"state":"pre-added","who":["user:sunghocho"],"prob":1}}]}