{"annotatable":{"parts":["s1s1h1","s1s1p1","s1s2h1","s1s2p1","s1s3h1","s1s3p1","s1s4h1","s1s4p1","s1s5h1","s1s5p1"]},"anncomplete":true,"sources":[],"metas":{"m_24":{"value":"false","confidence":{"state":"pre-added","who":["user:sunghocho"],"prob":1}},"m_17":{"value":false,"confidence":{"state":"pre-added","who":["user:sunghocho"],"prob":1}}},"entities":[{"classId":"e_64","part":"s1s2p1","offsets":[{"start":0,"text":"Salvianic acid A"}],"coordinates":[],"confidence":{"state":"pre-added","who":["ml:regex"],"prob":0},"fields":{},"normalizations":{}},{"classId":"e_64","part":"s1s5p1","offsets":[{"start":2,"text":"Salvianic acid A"}],"coordinates":[],"confidence":{"state":"pre-added","who":["user:sunghocho"],"prob":1},"fields":{},"normalizations":{}},{"classId":"e_64","part":"s1s5p1","offsets":[{"start":20,"text":"SAA"}],"coordinates":[],"confidence":{"state":"pre-added","who":["user:sunghocho"],"prob":1},"fields":{},"normalizations":{}},{"classId":"e_33","part":"s1s5p1","offsets":[{"start":70,"text":"Salvia miltiorrhiza bunge"}],"coordinates":[],"confidence":{"state":"pre-added","who":["user:sunghocho"],"prob":1},"fields":{},"normalizations":{}},{"classId":"e_64","part":"s1s5p1","offsets":[{"start":234,"text":"SAA"}],"coordinates":[],"confidence":{"state":"pre-added","who":["ml:regex"],"prob":0},"fields":{},"normalizations":{}},{"classId":"e_64","part":"s1s5p1","offsets":[{"start":349,"text":"SAA"}],"coordinates":[],"confidence":{"state":"pre-added","who":["ml:regex"],"prob":0},"fields":{},"normalizations":{}},{"classId":"e_64","part":"s1s5p1","offsets":[{"start":498,"text":"SAA"}],"coordinates":[],"confidence":{"state":"pre-added","who":["ml:regex"],"prob":0},"fields":{},"normalizations":{}},{"classId":"e_32","part":"s1s5p1","offsets":[{"start":611,"text":"mitochondrial cytochrome C"}],"coordinates":[],"confidence":{"state":"pre-added","who":["user:sunghocho"],"prob":1},"fields":{},"normalizations":{}},{"classId":"e_32","part":"s1s5p1","offsets":[{"start":666,"text":"caspase-3"}],"coordinates":[],"confidence":{"state":"pre-added","who":["user:sunghocho"],"prob":1},"fields":{},"normalizations":{}},{"classId":"e_32","part":"s1s5p1","offsets":[{"start":715,"text":"Bax"}],"coordinates":[],"confidence":{"state":"pre-added","who":["user:sunghocho"],"prob":1},"fields":{},"normalizations":{}},{"classId":"e_32","part":"s1s5p1","offsets":[{"start":723,"text":"P53"}],"coordinates":[],"confidence":{"state":"pre-added","who":["user:sunghocho"],"prob":1},"fields":{},"normalizations":{}},{"classId":"e_32","part":"s1s5p1","offsets":[{"start":763,"text":"Bcl-2"}],"coordinates":[],"confidence":{"state":"pre-added","who":["user:sunghocho"],"prob":1},"fields":{},"normalizations":{}},{"classId":"e_64","part":"s1s5p1","offsets":[{"start":790,"text":"SAA"}],"coordinates":[],"confidence":{"state":"pre-added","who":["ml:regex"],"prob":0},"fields":{},"normalizations":{}},{"classId":"e_64","part":"s1s5p1","offsets":[{"start":898,"text":"SAA"}],"coordinates":[],"confidence":{"state":"pre-added","who":["ml:regex"],"prob":0},"fields":{},"normalizations":{}},{"classId":"e_64","part":"s1s5p1","offsets":[{"start":1143,"text":"SAA"}],"coordinates":[],"confidence":{"state":"pre-added","who":["ml:regex"],"prob":0},"fields":{},"normalizations":{}},{"classId":"e_64","part":"s1s5p1","offsets":[{"start":1281,"text":"SAA"}],"coordinates":[],"confidence":{"state":"pre-added","who":["ml:regex"],"prob":0},"fields":{},"normalizations":{}}],"relations":[{"classId":"r_65","type":"linked","directed":false,"entities":["s1s5p1|e_33|70,94","s1s5p1|e_64|2,17"],"confidence":{"state":"pre-added","who":["user:sunghocho"],"prob":1}},{"classId":"r_66","type":"linked","directed":false,"entities":["s1s5p1|e_64|20,22","s1s5p1|e_64|2,17"],"confidence":{"state":"pre-added","who":["user:sunghocho"],"prob":1}}]}