{"annotatable":{"parts":["s1s1h1","s1s1p1","s1s2h1","s1s2p1","s1s3h1","s1s3p1","s1s4h1","s1s4p1","s1s5h1","s1s5p1","s1s6h1","s1s6p1","s1s7h1","s1s7p1","s1s8h1","s1s8p1","s1s9h1","s1s9p1","s1s10h1","s1s10p1"]},"anncomplete":true,"sources":[],"metas":{"m_17":{"value":true,"confidence":{"state":"pre-added","who":["user:hyesu1010"],"prob":1}},"m_24":{"value":"animal in-vivo","confidence":{"state":"pre-added","who":["user:hyesu1010"],"prob":1}}},"entities":[{"classId":"e_33","part":"s1s2p1","offsets":[{"start":2,"text":"Glycyrrhizin"}],"coordinates":[],"confidence":{"state":"pre-added","who":["ml:regex"],"prob":0},"fields":{},"normalizations":{}},{"classId":"e_33","part":"s1s2p1","offsets":[{"start":39,"text":"licorice"}],"coordinates":[],"confidence":{"state":"pre-added","who":["ml:regex"],"prob":0},"fields":{},"normalizations":{}},{"classId":"e_33","part":"s1s5p1","offsets":[{"start":0,"text":"licorice"}],"coordinates":[],"confidence":{"state":"pre-added","who":["ml:regex"],"prob":0},"fields":{},"normalizations":{}},{"classId":"e_29","part":"s1s6p1","offsets":[{"start":0,"text":"interferon"}],"coordinates":[],"confidence":{"state":"pre-added","who":["ml:regex"],"prob":0},"fields":{},"normalizations":{}},{"classId":"e_33","part":"s1s7p1","offsets":[{"start":26,"text":"glycyrrhizin"}],"coordinates":[],"confidence":{"state":"pre-added","who":["user:hyesu1010"],"prob":1},"fields":{},"normalizations":{}},{"classId":"e_33","part":"s1s7p1","offsets":[{"start":40,"text":"GR"}],"coordinates":[],"confidence":{"state":"pre-added","who":["user:hyesu1010"],"prob":1},"fields":{},"normalizations":{}},{"classId":"e_33","part":"s1s7p1","offsets":[{"start":68,"text":"licorice"}],"coordinates":[],"confidence":{"state":"pre-added","who":["user:hyesu1010"],"prob":1},"fields":{},"normalizations":{}},{"classId":"e_33","part":"s1s7p1","offsets":[{"start":263,"text":"GR"}],"coordinates":[],"confidence":{"state":"pre-added","who":["ml:regex"],"prob":0},"fields":{"f_20":{"value":true,"confidence":{"state":"pre-added","who":["user:hyesu1010"],"prob":1}}},"normalizations":{}},{"classId":"e_33","part":"s1s7p1","offsets":[{"start":655,"text":"GR"}],"coordinates":[],"confidence":{"state":"pre-added","who":["ml:regex"],"prob":0},"fields":{"f_20":{"value":true,"confidence":{"state":"pre-added","who":["user:hyesu1010"],"prob":1}}},"normalizations":{}},{"classId":"e_33","part":"s1s7p1","offsets":[{"start":752,"text":"GR"}],"coordinates":[],"confidence":{"state":"pre-added","who":["ml:regex"],"prob":0},"fields":{"f_20":{"value":true,"confidence":{"state":"pre-added","who":["user:hyesu1010"],"prob":1}}},"normalizations":{}},{"classId":"e_33","part":"s1s7p1","offsets":[{"start":870,"text":"GR"}],"coordinates":[],"confidence":{"state":"pre-added","who":["ml:regex"],"prob":0},"fields":{"f_20":{"value":true,"confidence":{"state":"pre-added","who":["user:hyesu1010"],"prob":1}}},"normalizations":{}},{"classId":"e_33","part":"s1s7p1","offsets":[{"start":1096,"text":"GR"}],"coordinates":[],"confidence":{"state":"pre-added","who":["ml:regex"],"prob":0},"fields":{"f_20":{"value":true,"confidence":{"state":"pre-added","who":["user:hyesu1010"],"prob":1}}},"normalizations":{}},{"classId":"e_27","part":"s1s7p1","offsets":[{"start":1113,"text":"In addition, the antiviral activities of GR on influenza virus infection in mice were not demonstrated when it was administered to infected mice in combination with anti-gamma interferon (anti-IFN-gamma) monoclonal antibody."}],"coordinates":[],"confidence":{"state":"pre-added","who":["user:hyesu1010"],"prob":1},"fields":{"f_20":{"value":true,"confidence":{"state":"pre-added","who":["user:hyesu1010"],"prob":1}}},"normalizations":{}},{"classId":"e_33","part":"s1s7p1","offsets":[{"start":1154,"text":"GR"}],"coordinates":[],"confidence":{"state":"pre-added","who":["user:hyesu1010"],"prob":1},"fields":{},"normalizations":{}},{"classId":"e_29","part":"s1s7p1","offsets":[{"start":1289,"text":"interferon"}],"coordinates":[],"confidence":{"state":"pre-added","who":["user:hyesu1010"],"prob":1},"fields":{},"normalizations":{}},{"classId":"e_33","part":"s1s7p1","offsets":[{"start":1365,"text":"GR"}],"coordinates":[],"confidence":{"state":"pre-added","who":["ml:regex"],"prob":0},"fields":{"f_20":{"value":true,"confidence":{"state":"pre-added","who":["user:hyesu1010"],"prob":1}}},"normalizations":{}}],"relations":[{"classId":"r_35","type":"linked","directed":false,"entities":["s1s7p1|e_33|26,37","s1s7p1|e_27|1113,1336"],"confidence":{"state":"pre-added","who":["user:hyesu1010"],"prob":1}},{"classId":"r_35","type":"linked","directed":false,"entities":["s1s7p1|e_33|1154,1155","s1s7p1|e_27|1113,1336"],"confidence":{"state":"pre-added","who":["user:hyesu1010"],"prob":1}},{"classId":"r_36","type":"linked","directed":false,"entities":["s1s7p1|e_29|1289,1298","s1s7p1|e_27|1113,1336"],"confidence":{"state":"pre-added","who":["user:hyesu1010"],"prob":1}},{"classId":"r_46","type":"linked","directed":false,"entities":["s1s7p1|e_33|40,41","s1s7p1|e_33|26,37"],"confidence":{"state":"pre-added","who":["user:hyesu1010"],"prob":1}},{"classId":"r_46","type":"linked","directed":false,"entities":["s1s7p1|e_33|68,75","s1s7p1|e_33|26,37"],"confidence":{"state":"pre-added","who":["user:hyesu1010"],"prob":1}}]}