{"annotatable":{"parts":["s1s1h1","s1s1p1","s1s2h1","s1s2p1","s1s3h1","s1s3p1","s1s4h1","s1s4p1","s1s5h1","s1s5p1"]},"anncomplete":true,"sources":[],"metas":{"m_24":{"value":"animal in-vivo","confidence":{"state":"pre-added","who":["user:jykahng13"],"prob":1}},"m_17":{"value":true,"confidence":{"state":"pre-added","who":["user:jykahng13"],"prob":1}}},"entities":[{"classId":"e_33","part":"s1s2p1","offsets":[{"start":116,"text":"Malva sylvestris"}],"coordinates":[],"confidence":{"state":"pre-added","who":["ml:regex"],"prob":0},"fields":{},"normalizations":{}},{"classId":"e_33","part":"s1s3p1","offsets":[{"start":0,"text":"Malva sylvestris"}],"coordinates":[],"confidence":{"state":"pre-added","who":["ml:regex"],"prob":0},"fields":{},"normalizations":{}},{"classId":"e_33","part":"s1s5p1","offsets":[{"start":2,"text":"Malva sylvestris"}],"coordinates":[],"confidence":{"state":"pre-added","who":["user:jykahng13"],"prob":1},"fields":{},"normalizations":{}},{"classId":"e_33","part":"s1s5p1","offsets":[{"start":225,"text":"Malva sylvestris"}],"coordinates":[],"confidence":{"state":"pre-added","who":["ml:regex"],"prob":0},"fields":{},"normalizations":{}},{"classId":"e_29","part":"s1s5p1","offsets":[{"start":255,"text":"lithium carbonate"}],"coordinates":[],"confidence":{"state":"pre-added","who":["user:jykahng13"],"prob":1},"fields":{},"normalizations":{}},{"classId":"e_33","part":"s1s5p1","offsets":[{"start":328,"text":"Malva sylvestris"}],"coordinates":[],"confidence":{"state":"pre-added","who":["ml:regex"],"prob":0},"fields":{},"normalizations":{}},{"classId":"e_29","part":"s1s5p1","offsets":[{"start":420,"text":"lithium carbonate"}],"coordinates":[],"confidence":{"state":"pre-added","who":["ml:regex"],"prob":0},"fields":{},"normalizations":{}},{"classId":"e_29","part":"s1s5p1","offsets":[{"start":480,"text":"Lithium carbonate"}],"coordinates":[],"confidence":{"state":"pre-added","who":["ml:regex","user:jykahng13"],"prob":1},"fields":{},"normalizations":{}},{"classId":"e_30","part":"s1s5p1","offsets":[{"start":480,"text":"Lithium carbonate treatment significantly (p&lt;0.01) decreased the weight of testes, accessory sex organ and heart, sperm count and motility, and serum testosterone level. In addition, exposure to lithium carbonate significantly (p&lt;0.01) increased lipid peroxidation level (LPO) and decreased superoxide dismutase (SOD), catalase (CAT), and glutathione peroxidase (GPx) activities in testes and heart."}],"coordinates":[],"confidence":{"state":"pre-added","who":["user:jykahng13"],"prob":1},"fields":{},"normalizations":{}},{"classId":"e_29","part":"s1s5p1","offsets":[{"start":678,"text":"lithium carbonate"}],"coordinates":[],"confidence":{"state":"pre-added","who":["ml:regex","user:jykahng13"],"prob":1},"fields":{},"normalizations":{}},{"classId":"e_27","part":"s1s5p1","offsets":[{"start":886,"text":"Treatment with M. sylvestris extract affords substantial protection in testes and heart by altering all the parameters to near normal levels that were further confirmed by histological examination."}],"coordinates":[],"confidence":{"state":"pre-added","who":["user:jykahng13"],"prob":1},"fields":{},"normalizations":{}},{"classId":"e_33","part":"s1s5p1","offsets":[{"start":901,"text":"M. sylvestris"}],"coordinates":[],"confidence":{"state":"pre-added","who":["user:jykahng13"],"prob":1},"fields":{},"normalizations":{}},{"classId":"e_33","part":"s1s5p1","offsets":[{"start":1109,"text":"M. Sylvestris"}],"coordinates":[],"confidence":{"state":"pre-added","who":["ml:regex"],"prob":0},"fields":{},"normalizations":{}}],"relations":[{"classId":"r_35","type":"linked","directed":false,"entities":["s1s5p1|e_33|901,913","s1s5p1|e_27|886,1082"],"confidence":{"state":"pre-added","who":["user:jykahng13"],"prob":1}},{"classId":"r_36","type":"linked","directed":false,"entities":["s1s5p1|e_29|480,496","s1s5p1|e_27|886,1082"],"confidence":{"state":"pre-added","who":["user:jykahng13"],"prob":1}},{"classId":"r_36","type":"linked","directed":false,"entities":["s1s5p1|e_29|678,694","s1s5p1|e_27|886,1082"],"confidence":{"state":"pre-added","who":["user:jykahng13"],"prob":1}},{"classId":"r_38","type":"linked","directed":false,"entities":["s1s5p1|e_30|480,884","s1s5p1|e_27|886,1082"],"confidence":{"state":"pre-added","who":["user:jykahng13"],"prob":1}},{"classId":"r_46","type":"linked","directed":false,"entities":["s1s5p1|e_33|901,913","s1s5p1|e_33|225,240"],"confidence":{"state":"pre-added","who":["user:jykahng13"],"prob":1}}]}