{"annotatable":{"parts":["s1s1h1","s1s1p1","s1s2h1","s1s2p1","s1s3h1","s1s3p1","s1s4h1","s1s4p1","s1s5h1","s1s5p1","s1s6h1","s1s6p1","s1s7h1","s1s7p1","s1s8h1","s1s8p1","s1s9h1","s1s9p1","s1s10h1","s1s10p1","s1s11h1","s1s11p1"]},"anncomplete":true,"sources":[{"name":"ORIG","id":"2nd_minjilee96.tsv_29","url":""}],"metas":{"m_24":{"value":"animal in-vivo","confidence":{"state":"pre-added","who":["user:minjilee96"],"prob":1}},"m_17":{"value":true,"confidence":{"state":"pre-added","who":["user:minjilee96"],"prob":1}}},"entities":[{"classId":"e_32","part":"s1s2p1","offsets":[{"start":6,"text":"Fruit Juice of Opuntia dillenii Haw"}],"coordinates":[],"confidence":{"state":"pre-added","who":["ml:regex"],"prob":0},"fields":{},"normalizations":{}},{"classId":"e_29","part":"s1s2p1","offsets":[{"start":54,"text":"Acetic Acid"}],"coordinates":[],"confidence":{"state":"pre-added","who":["ml:regex"],"prob":0},"fields":{},"normalizations":{}},{"classId":"e_29","part":"s1s6p1","offsets":[{"start":0,"text":"sulfasalazine"}],"coordinates":[],"confidence":{"state":"pre-added","who":["ml:regex"],"prob":0},"fields":{},"normalizations":{}},{"classId":"e_33","part":"s1s7p1","offsets":[{"start":69,"text":"fruit juice of Opuntia dillenii"}],"coordinates":[],"confidence":{"state":"pre-added","who":["user:minjilee96"],"prob":1},"fields":{},"normalizations":{}},{"classId":"e_33","part":"s1s7p1","offsets":[{"start":107,"text":"FJOD"}],"coordinates":[],"confidence":{"state":"pre-added","who":["ml:regex"],"prob":0},"fields":{},"normalizations":{}},{"classId":"e_29","part":"s1s7p1","offsets":[{"start":116,"text":"acetic acid"}],"coordinates":[],"confidence":{"state":"pre-added","who":["ml:regex"],"prob":0},"fields":{},"normalizations":{}},{"classId":"e_33","part":"s1s7p1","offsets":[{"start":170,"text":"FJOD"}],"coordinates":[],"confidence":{"state":"pre-added","who":["ml:regex"],"prob":0},"fields":{},"normalizations":{}},{"classId":"e_29","part":"s1s7p1","offsets":[{"start":197,"text":"sulfasalazine"}],"coordinates":[],"confidence":{"state":"pre-added","who":["ml:regex"],"prob":0},"fields":{},"normalizations":{}},{"classId":"e_29","part":"s1s7p1","offsets":[{"start":328,"text":"acetic acid"}],"coordinates":[],"confidence":{"state":"pre-added","who":["user:minjilee96"],"prob":1},"fields":{},"normalizations":{}},{"classId":"e_33","part":"s1s7p1","offsets":[{"start":498,"text":"FJOD"}],"coordinates":[],"confidence":{"state":"pre-added","who":["user:minjilee96"],"prob":1},"fields":{},"normalizations":{}},{"classId":"e_27","part":"s1s7p1","offsets":[{"start":498,"text":"FJOD and sulfasalazine treatment significantly attenuated the macroscopic damage, clinical activity score, and wet weight of the colon when compared to disease control and further showed significantly reduced levels of myeloperoxidase, malondialdehyde, and serum lactate dehydrogenase and enhanced colonic levels of reduced glutathione."}],"coordinates":[],"confidence":{"state":"pre-added","who":["user:minjilee96"],"prob":1},"fields":{},"normalizations":{}},{"classId":"e_29","part":"s1s7p1","offsets":[{"start":507,"text":"sulfasalazine"}],"coordinates":[],"confidence":{"state":"pre-added","who":["user:minjilee96"],"prob":1},"fields":{},"normalizations":{}},{"classId":"e_32","part":"s1s7p1","offsets":[{"start":717,"text":"myeloperoxidase"}],"coordinates":[],"confidence":{"state":"pre-added","who":["user:minjilee96"],"prob":1},"fields":{},"normalizations":{}},{"classId":"e_33","part":"s1s7p1","offsets":[{"start":860,"text":"FJOD"}],"coordinates":[],"confidence":{"state":"pre-added","who":["ml:regex"],"prob":0},"fields":{},"normalizations":{}},{"classId":"e_61","part":"s1s7p1","offsets":[{"start":1009,"text":"phenolics"}],"coordinates":[],"confidence":{"state":"pre-added","who":["user:minjilee96"],"prob":1},"fields":{},"normalizations":{}},{"classId":"e_61","part":"s1s7p1","offsets":[{"start":1020,"text":"flavonoids"}],"coordinates":[],"confidence":{"state":"pre-added","who":["user:minjilee96"],"prob":1},"fields":{},"normalizations":{}},{"classId":"e_61","part":"s1s7p1","offsets":[{"start":1036,"text":"betalains"}],"coordinates":[],"confidence":{"state":"pre-added","who":["user:minjilee96"],"prob":1},"fields":{},"normalizations":{}}],"relations":[{"classId":"r_35","type":"linked","directed":false,"entities":["s1s7p1|e_33|498,501","s1s7p1|e_27|498,833"],"confidence":{"state":"pre-added","who":["user:minjilee96"],"prob":1}},{"classId":"r_36","type":"linked","directed":false,"entities":["s1s7p1|e_29|507,519","s1s7p1|e_27|498,833"],"confidence":{"state":"pre-added","who":["user:minjilee96"],"prob":1}},{"classId":"r_42","type":"linked","directed":false,"entities":["s1s7p1|e_32|717,731","s1s7p1|e_27|498,833"],"confidence":{"state":"pre-added","who":["user:minjilee96"],"prob":1}},{"classId":"r_46","type":"linked","directed":false,"entities":["s1s7p1|e_33|69,99","s1s7p1|e_33|107,110"],"confidence":{"state":"pre-added","who":["user:minjilee96"],"prob":1}},{"classId":"r_62","type":"linked","directed":false,"entities":["s1s7p1|e_61|1009,1017","s1s7p1|e_33|69,99"],"confidence":{"state":"pre-added","who":["user:minjilee96"],"prob":1}},{"classId":"r_62","type":"linked","directed":false,"entities":["s1s7p1|e_61|1020,1029","s1s7p1|e_33|69,99"],"confidence":{"state":"pre-added","who":["user:minjilee96"],"prob":1}},{"classId":"r_62","type":"linked","directed":false,"entities":["s1s7p1|e_61|1036,1044","s1s7p1|e_33|69,99"],"confidence":{"state":"pre-added","who":["user:minjilee96"],"prob":1}}]}