{"annotatable":{"parts":["s1s1h1","s1s1p1","s1s2h1","s1s2p1","s1s3h1","s1s3p1","s1s4h1","s1s4p1","s1s5h1","s1s5p1","s1s6h1","s1s6p1","s1s7h1","s1s7p1","s1s8h1","s1s8p1","s1s9h1","s1s9p1","s1s10h1","s1s10p1","s1s11h1","s1s11p1"]},"anncomplete":true,"sources":[],"metas":{"m_24":{"value":"animal in-vivo","confidence":{"state":"pre-added","who":["user:hyunsujeong"],"prob":1}},"m_17":{"value":true,"confidence":{"state":"pre-added","who":["user:hyunsujeong"],"prob":1}}},"entities":[{"classId":"e_61","part":"s1s2p1","offsets":[{"start":0,"text":"Salvianolic acid B"}],"coordinates":[],"confidence":{"state":"pre-added","who":["ml:regex"],"prob":0},"fields":{},"normalizations":{}},{"classId":"e_33","part":"s1s5p1","offsets":[{"start":0,"text":"Salvia"}],"coordinates":[],"confidence":{"state":"pre-added","who":["ml:regex"],"prob":0},"fields":{},"normalizations":{}},{"classId":"e_61","part":"s1s7p1","offsets":[{"start":75,"text":"Salvianolic acid B"}],"coordinates":[],"confidence":{"state":"pre-added","who":["user:hyunsujeong"],"prob":1},"fields":{},"normalizations":{}},{"classId":"e_61","part":"s1s7p1","offsets":[{"start":95,"text":"Sal B"}],"coordinates":[],"confidence":{"state":"pre-added","who":["user:hyunsujeong"],"prob":1},"fields":{},"normalizations":{}},{"classId":"e_33","part":"s1s7p1","offsets":[{"start":145,"text":"Salvia miltiorrhiza"}],"coordinates":[],"confidence":{"state":"pre-added","who":["user:hyunsujeong"],"prob":1},"fields":{},"normalizations":{}},{"classId":"e_61","part":"s1s7p1","offsets":[{"start":301,"text":"Sal B"}],"coordinates":[],"confidence":{"state":"pre-added","who":["ml:regex"],"prob":0},"fields":{},"normalizations":{}},{"classId":"e_61","part":"s1s7p1","offsets":[{"start":590,"text":"Sal B"}],"coordinates":[],"confidence":{"state":"pre-added","who":["ml:regex"],"prob":0},"fields":{},"normalizations":{}},{"classId":"e_27","part":"s1s7p1","offsets":[{"start":656,"text":"Phosphorylation (Ser 1177) of endothelial nitric oxide synthase (eNOS) was significantly restored in Sal B treated diabetic rats, accompanied by an evident recovery of NO metabolites."}],"coordinates":[],"confidence":{"state":"pre-added","who":["user:hyunsujeong"],"prob":1},"fields":{},"normalizations":{}},{"classId":"e_32","part":"s1s7p1","offsets":[{"start":686,"text":"endothelial nitric oxide synthase"}],"coordinates":[],"confidence":{"state":"pre-added","who":["user:hyunsujeong"],"prob":1},"fields":{},"normalizations":{}},{"classId":"e_32","part":"s1s7p1","offsets":[{"start":721,"text":"eNOS"}],"coordinates":[],"confidence":{"state":"pre-added","who":["user:hyunsujeong"],"prob":1},"fields":{},"normalizations":{}},{"classId":"e_61","part":"s1s7p1","offsets":[{"start":757,"text":"Sal B"}],"coordinates":[],"confidence":{"state":"pre-added","who":["user:hyunsujeong"],"prob":1},"fields":{},"normalizations":{}},{"classId":"e_29","part":"s1s7p1","offsets":[{"start":824,"text":"NO"}],"coordinates":[],"confidence":{"state":"pre-added","who":["user:hyunsujeong"],"prob":1},"fields":{},"normalizations":{}},{"classId":"e_27","part":"s1s7p1","offsets":[{"start":840,"text":"Sal B effectively reduced vascular endothelial cell apoptosis, with Bcl-2 protein up-regulated and Bax protein down-regulated markedly."}],"coordinates":[],"confidence":{"state":"pre-added","who":["user:hyunsujeong"],"prob":1},"fields":{},"normalizations":{}},{"classId":"e_61","part":"s1s7p1","offsets":[{"start":840,"text":"Sal B"}],"coordinates":[],"confidence":{"state":"pre-added","who":["user:hyunsujeong"],"prob":1},"fields":{},"normalizations":{}},{"classId":"e_32","part":"s1s7p1","offsets":[{"start":908,"text":"Bcl-2"}],"coordinates":[],"confidence":{"state":"pre-added","who":["user:hyunsujeong"],"prob":1},"fields":{},"normalizations":{}},{"classId":"e_32","part":"s1s7p1","offsets":[{"start":939,"text":"Bax"}],"coordinates":[],"confidence":{"state":"pre-added","who":["user:hyunsujeong"],"prob":1},"fields":{},"normalizations":{}},{"classId":"e_61","part":"s1s7p1","offsets":[{"start":991,"text":"Sal B"}],"coordinates":[],"confidence":{"state":"pre-added","who":["ml:regex"],"prob":0},"fields":{},"normalizations":{}},{"classId":"e_27","part":"s1s7p1","offsets":[{"start":1165,"text":"Protein levels of NOX2 and NOX4, two main isoforms of NADPH oxidase known as the major source of reactive oxygen species in the vasculature, were markedly decreased in Sal B treated groups."}],"coordinates":[],"confidence":{"state":"pre-added","who":["user:hyunsujeong"],"prob":1},"fields":{},"normalizations":{}},{"classId":"e_32","part":"s1s7p1","offsets":[{"start":1183,"text":"NOX2"}],"coordinates":[],"confidence":{"state":"pre-added","who":["user:hyunsujeong"],"prob":1},"fields":{},"normalizations":{}},{"classId":"e_32","part":"s1s7p1","offsets":[{"start":1192,"text":"NOX4"}],"coordinates":[],"confidence":{"state":"pre-added","who":["user:hyunsujeong"],"prob":1},"fields":{},"normalizations":{}},{"classId":"e_32","part":"s1s7p1","offsets":[{"start":1219,"text":"NADPH oxidase"}],"coordinates":[],"confidence":{"state":"pre-added","who":["user:hyunsujeong"],"prob":1},"fields":{},"normalizations":{}},{"classId":"e_61","part":"s1s7p1","offsets":[{"start":1333,"text":"Sal B"}],"coordinates":[],"confidence":{"state":"pre-added","who":["user:hyunsujeong"],"prob":1},"fields":{},"normalizations":{}},{"classId":"e_61","part":"s1s7p1","offsets":[{"start":1383,"text":"Sal B"}],"coordinates":[],"confidence":{"state":"pre-added","who":["ml:regex"],"prob":0},"fields":{},"normalizations":{}},{"classId":"e_61","part":"s1s7p1","offsets":[{"start":1475,"text":"Sal B"}],"coordinates":[],"confidence":{"state":"pre-added","who":["ml:regex"],"prob":0},"fields":{},"normalizations":{}}],"relations":[{"classId":"r_36","type":"linked","directed":false,"entities":["s1s7p1|e_29|824,825","s1s7p1|e_27|656,838"],"confidence":{"state":"pre-added","who":["user:hyunsujeong"],"prob":1}},{"classId":"r_42","type":"linked","directed":false,"entities":["s1s7p1|e_32|721,724","s1s7p1|e_27|656,838"],"confidence":{"state":"pre-added","who":["user:hyunsujeong"],"prob":1}},{"classId":"r_42","type":"linked","directed":false,"entities":["s1s7p1|e_32|908,912","s1s7p1|e_27|840,974"],"confidence":{"state":"pre-added","who":["user:hyunsujeong"],"prob":1}},{"classId":"r_42","type":"linked","directed":false,"entities":["s1s7p1|e_32|939,941","s1s7p1|e_27|840,974"],"confidence":{"state":"pre-added","who":["user:hyunsujeong"],"prob":1}},{"classId":"r_42","type":"linked","directed":false,"entities":["s1s7p1|e_32|1183,1186","s1s7p1|e_27|1165,1353"],"confidence":{"state":"pre-added","who":["user:hyunsujeong"],"prob":1}},{"classId":"r_42","type":"linked","directed":false,"entities":["s1s7p1|e_32|1192,1195","s1s7p1|e_27|1165,1353"],"confidence":{"state":"pre-added","who":["user:hyunsujeong"],"prob":1}},{"classId":"r_42","type":"linked","directed":false,"entities":["s1s7p1|e_32|1219,1231","s1s7p1|e_27|1165,1353"],"confidence":{"state":"pre-added","who":["user:hyunsujeong"],"prob":1}},{"classId":"r_49","type":"linked","directed":false,"entities":["s1s7p1|e_32|686,718","s1s7p1|e_32|721,724"],"confidence":{"state":"pre-added","who":["user:hyunsujeong"],"prob":1}},{"classId":"r_62","type":"linked","directed":false,"entities":["s1s7p1|e_33|145,163","s1s7p1|e_61|95,99"],"confidence":{"state":"pre-added","who":["user:hyunsujeong"],"prob":1}},{"classId":"r_63","type":"linked","directed":false,"entities":["s1s7p1|e_61|95,99","s1s7p1|e_61|75,92"],"confidence":{"state":"pre-added","who":["user:hyunsujeong"],"prob":1}},{"classId":"r_66","type":"linked","directed":false,"entities":["s1s7p1|e_61|757,761","s1s7p1|e_27|656,838"],"confidence":{"state":"pre-added","who":["user:hyunsujeong"],"prob":1}},{"classId":"r_66","type":"linked","directed":false,"entities":["s1s7p1|e_61|1333,1337","s1s7p1|e_27|1165,1353"],"confidence":{"state":"pre-added","who":["user:hyunsujeong"],"prob":1}}]}