{"annotatable":{"parts":["s1s1h1","s1s1p1","s1s2h1","s1s2p1","s1s3h1","s1s3p1","s1s4h1","s1s4p1","s1s5h1","s1s5p1"]},"anncomplete":true,"sources":[],"metas":{"m_24":{"value":"false","confidence":{"state":"pre-added","who":["user:hyunsujeong"],"prob":1}},"m_17":{"value":false,"confidence":{"state":"pre-added","who":["user:hyunsujeong"],"prob":1}}},"entities":[{"classId":"e_29","part":"s1s4p1","offsets":[{"start":0,"text":"lipase"}],"coordinates":[],"confidence":{"state":"pre-added","who":["ml:regex"],"prob":0},"fields":{},"normalizations":{}},{"classId":"e_61","part":"s1s5p1","offsets":[{"start":547,"text":"oleic"}],"coordinates":[],"confidence":{"state":"pre-added","who":["user:hyunsujeong"],"prob":1},"fields":{},"normalizations":{}},{"classId":"e_61","part":"s1s5p1","offsets":[{"start":554,"text":"linoleic"}],"coordinates":[],"confidence":{"state":"pre-added","who":["user:hyunsujeong"],"prob":1},"fields":{},"normalizations":{}},{"classId":"e_61","part":"s1s5p1","offsets":[{"start":567,"text":"lauric acids"}],"coordinates":[],"confidence":{"state":"pre-added","who":["user:hyunsujeong"],"prob":1},"fields":{},"normalizations":{}},{"classId":"e_29","part":"s1s5p1","offsets":[{"start":601,"text":"lipase"}],"coordinates":[],"confidence":{"state":"pre-added","who":["user:hyunsujeong"],"prob":1},"fields":{},"normalizations":{}},{"classId":"e_61","part":"s1s5p1","offsets":[{"start":749,"text":"oleic"}],"coordinates":[],"confidence":{"state":"pre-added","who":["ml:regex"],"prob":0},"fields":{},"normalizations":{}},{"classId":"e_29","part":"s1s5p1","offsets":[{"start":1113,"text":"lipase"}],"coordinates":[],"confidence":{"state":"pre-added","who":["ml:regex"],"prob":0},"fields":{},"normalizations":{}},{"classId":"e_61","part":"s1s5p1","offsets":[{"start":1192,"text":"oleic"}],"coordinates":[],"confidence":{"state":"pre-added","who":["ml:regex"],"prob":0},"fields":{},"normalizations":{}},{"classId":"e_61","part":"s1s5p1","offsets":[{"start":1199,"text":"linoleic"}],"coordinates":[],"confidence":{"state":"pre-added","who":["ml:regex"],"prob":0},"fields":{},"normalizations":{}},{"classId":"e_61","part":"s1s5p1","offsets":[{"start":1212,"text":"lauric acids"}],"coordinates":[],"confidence":{"state":"pre-added","who":["ml:regex"],"prob":0},"fields":{},"normalizations":{}},{"classId":"e_61","part":"s1s5p1","offsets":[{"start":1520,"text":"oleic"}],"coordinates":[],"confidence":{"state":"pre-added","who":["ml:regex"],"prob":0},"fields":{},"normalizations":{}}],"relations":[]}