{"annotatable":{"parts":["s1s1h1","s1s1p1","s1s2h1","s1s2p1","s1s3h1","s1s3p1","s1s4h1","s1s4p1","s1s5h1","s1s5p1"]},"anncomplete":true,"sources":[],"metas":{"m_24":{"value":"false","confidence":{"state":"pre-added","who":["user:sunghocho"],"prob":1}},"m_17":{"value":false,"confidence":{"state":"pre-added","who":["user:sunghocho"],"prob":1}}},"entities":[{"classId":"e_33","part":"s1s3p1","offsets":[{"start":0,"text":"wine"}],"coordinates":[],"confidence":{"state":"pre-added","who":["user:sunghocho"],"prob":1},"fields":{},"normalizations":{}},{"classId":"e_29","part":"s1s4p1","offsets":[{"start":0,"text":"sulfur"}],"coordinates":[],"confidence":{"state":"pre-added","who":["user:sunghocho"],"prob":1},"fields":{},"normalizations":{}},{"classId":"e_33","part":"s1s5p1","offsets":[{"start":395,"text":"wine"}],"coordinates":[],"confidence":{"state":"pre-added","who":["ml:regex"],"prob":0},"fields":{},"normalizations":{}},{"classId":"e_64","part":"s1s5p1","offsets":[{"start":557,"text":"3-methylcatechol"}],"coordinates":[],"confidence":{"state":"pre-added","who":["user:sunghocho"],"prob":1},"fields":{},"normalizations":{}},{"classId":"e_64","part":"s1s5p1","offsets":[{"start":575,"text":"cyanidin 3-O-6″-p-coumaroyl-glucoside"}],"coordinates":[],"confidence":{"state":"pre-added","who":["user:sunghocho"],"prob":1},"fields":{},"normalizations":{}},{"classId":"e_64","part":"s1s5p1","offsets":[{"start":614,"text":"delphinidin 3-O-glucoside"}],"coordinates":[],"confidence":{"state":"pre-added","who":["user:sunghocho"],"prob":1},"fields":{},"normalizations":{}},{"classId":"e_64","part":"s1s5p1","offsets":[{"start":641,"text":"quercetin 3-O-glucosyl-xyloside"}],"coordinates":[],"confidence":{"state":"pre-added","who":["user:sunghocho"],"prob":1},"fields":{},"normalizations":{}},{"classId":"e_64","part":"s1s5p1","offsets":[{"start":674,"text":"dihydroquercetin"}],"coordinates":[],"confidence":{"state":"pre-added","who":["user:sunghocho"],"prob":1},"fields":{},"normalizations":{}},{"classId":"e_64","part":"s1s5p1","offsets":[{"start":696,"text":"quercetin 3-O-glucuronide"}],"coordinates":[],"confidence":{"state":"pre-added","who":["user:sunghocho"],"prob":1},"fields":{},"normalizations":{}},{"classId":"e_29","part":"s1s5p1","offsets":[{"start":948,"text":"sulfur"}],"coordinates":[],"confidence":{"state":"pre-added","who":["ml:regex"],"prob":0},"fields":{},"normalizations":{}}],"relations":[]}