{"annotatable": {"parts": ["s1s1h1", "s1s1p1", "s1s2h1", "s1s2p1", "s1s3h1", "s1s3p1", "s1s4h1", "s1s4p1", "s1s5h1", "s1s5p1", "s1s6h1", "s1s6p1", "s1s7h1", "s1s7p1", "s1s8h1", "s1s8p1", "s1s9h1", "s1s9p1", "s1s10h1", "s1s10p1", "s1s11h1", "s1s11p1"]}, "anncomplete": true, "sources": [], "metas": {"m_24": {"value": "animal in-vivo", "confidence": {"state": "pre-added", "who": ["user:annotator4"], "prob": 1}}, "m_17": {"value": true, "confidence": {"state": "pre-added", "who": ["user:annotator4"], "prob": 1}}}, "entities": [{"classId": "e_33", "part": "s1s2p1", "offsets": [{"start": 0, "text": "Parkia speciosa"}], "coordinates": [], "confidence": {"state": "pre-added", "who": ["ml:regex"], "prob": 0}, "fields": {}, "normalizations": {}}, {"classId": "e_29", "part": "s1s2p1", "offsets": [{"start": 81, "text": "N(G)-nitro-l-arginine methyl ester"}], "coordinates": [], "confidence": {"state": "pre-added", "who": ["ml:regex"], "prob": 0}, "fields": {}, "normalizations": {}}, {"classId": "e_33", "part": "s1s5p1", "offsets": [{"start": 0, "text": "Parkia speciosa"}], "coordinates": [], "confidence": {"state": "pre-added", "who": ["ml:regex"], "prob": 0}, "fields": {}, "normalizations": {}}, {"classId": "e_29", "part": "s1s6p1", "offsets": [{"start": 0, "text": "nicardipine"}], "coordinates": [], "confidence": {"state": "pre-added", "who": ["ml:regex"], "prob": 0}, "fields": {}, "normalizations": {}}, {"classId": "e_33", "part": "s1s7p1", "offsets": [{"start": 2, "text": "Parkia speciosa"}], "coordinates": [], "confidence": {"state": "pre-added", "who": ["ml:regex"], "prob": 0}, "fields": {}, "normalizations": {}}, {"classId": "e_29", "part": "s1s7p1", "offsets": [{"start": 343, "text": "N(G)-nitro-l-arginine methyl ester"}], "coordinates": [], "confidence": {"state": "pre-added", "who": ["user:annotator4"], "prob": 1}, "fields": {}, "normalizations": {}}, {"classId": "e_29", "part": "s1s7p1", "offsets": [{"start": 379, "text": "l-NAME"}], "coordinates": [], "confidence": {"state": "pre-added", "who": ["ml:regex", "user:annotator4"], "prob": 1}, "fields": {}, "normalizations": {}}, {"classId": "e_29", "part": "s1s7p1", "offsets": [{"start": 504, "text": "l-NAME"}], "coordinates": [], "confidence": {"state": "pre-added", "who": ["ml:regex"], "prob": 0}, "fields": {}, "normalizations": {}}, {"classId": "e_33", "part": "s1s7p1", "offsets": [{"start": 584, "text": "Parkia speciosa"}], "coordinates": [], "confidence": {"state": "pre-added", "who": ["user:annotator4"], "prob": 1}, "fields": {}, "normalizations": {}}, {"classId": "e_29", "part": "s1s7p1", "offsets": [{"start": 653, "text": "nicardipine"}], "coordinates": [], "confidence": {"state": "pre-added", "who": ["ml:regex"], "prob": 0}, "fields": {}, "normalizations": {}}, {"classId": "e_29", "part": "s1s7p1", "offsets": [{"start": 701, "text": "l-NAME"}], "coordinates": [], "confidence": {"state": "pre-added", "who": ["ml:regex", "user:annotator4"], "prob": 1}, "fields": {}, "normalizations": {}}, {"classId": "e_29", "part": "s1s7p1", "offsets": [{"start": 747, "text": "l-NAME"}], "coordinates": [], "confidence": {"state": "pre-added", "who": ["user:annotator4"], "prob": 1}, "fields": {}, "normalizations": {}}, {"classId": "e_50", "part": "s1s7p1", "offsets": [{"start": 747, "text": "l-NAME reduced plasma nitric oxide level and therefore, increased systolic blood pressure, angiotensin-converting enzyme and NADPH oxidase activities as well as lipid peroxidation in the heart."}], "coordinates": [], "confidence": {"state": "pre-added", "who": ["user:annotator4"], "prob": 1}, "fields": {}, "normalizations": {}}, {"classId": "e_32", "part": "s1s7p1", "offsets": [{"start": 838, "text": "angiotensin-converting enzyme"}], "coordinates": [], "confidence": {"state": "pre-added", "who": ["user:annotator4"], "prob": 1}, "fields": {}, "normalizations": {}}, {"classId": "e_32", "part": "s1s7p1", "offsets": [{"start": 872, "text": "NADPH oxidase"}], "coordinates": [], "confidence": {"state": "pre-added", "who": ["user:annotator4"], "prob": 1}, "fields": {}, "normalizations": {}}, {"classId": "e_33", "part": "s1s7p1", "offsets": [{"start": 941, "text": "Parkia speciosa"}], "coordinates": [], "confidence": {"state": "pre-added", "who": ["user:annotator4"], "prob": 1}, "fields": {}, "normalizations": {}}, {"classId": "e_27", "part": "s1s7p1", "offsets": [{"start": 941, "text": "Parkia speciosa extract and nicardipine treatments had significantly prevented the elevations of blood pressure, angiotensin-converting enzyme, NADPH oxidase activities and lipid peroxidation in the heart induced by the l-NAME."}], "coordinates": [], "confidence": {"state": "pre-added", "who": ["user:annotator4"], "prob": 1}, "fields": {}, "normalizations": {}}, {"classId": "e_29", "part": "s1s7p1", "offsets": [{"start": 969, "text": "nicardipine"}], "coordinates": [], "confidence": {"state": "pre-added", "who": ["user:annotator4"], "prob": 1}, "fields": {}, "normalizations": {}}, {"classId": "e_32", "part": "s1s7p1", "offsets": [{"start": 1054, "text": "angiotensin-converting enzyme"}], "coordinates": [], "confidence": {"state": "pre-added", "who": ["ml:regex", "user:annotator4"], "prob": 1}, "fields": {}, "normalizations": {}}, {"classId": "e_32", "part": "s1s7p1", "offsets": [{"start": 1085, "text": "NADPH oxidase"}], "coordinates": [], "confidence": {"state": "pre-added", "who": ["ml:regex", "user:annotator4"], "prob": 1}, "fields": {}, "normalizations": {}}, {"classId": "e_29", "part": "s1s7p1", "offsets": [{"start": 1161, "text": "l-NAME"}], "coordinates": [], "confidence": {"state": "pre-added", "who": ["ml:regex", "user:annotator4"], "prob": 1}, "fields": {}, "normalizations": {}}, {"classId": "e_33", "part": "s1s7p1", "offsets": [{"start": 1169, "text": "Parkia speciosa"}], "coordinates": [], "confidence": {"state": "pre-added", "who": ["user:annotator4"], "prob": 1}, "fields": {}, "normalizations": {}}, {"classId": "e_50", "part": "s1s7p1", "offsets": [{"start": 1169, "text": "Parkia speciosa extract but not nicardipine prevented the reduction in plasma nitric oxide level caused by l-NAME."}], "coordinates": [], "confidence": {"state": "pre-added", "who": ["user:annotator4"], "prob": 1}, "fields": {"f_56": {"value": true, "confidence": {"state": "pre-added", "who": ["user:annotator4"], "prob": 1}}}, "normalizations": {}}, {"classId": "e_29", "part": "s1s7p1", "offsets": [{"start": 1201, "text": "nicardipine"}], "coordinates": [], "confidence": {"state": "pre-added", "who": ["ml:regex", "user:annotator4"], "prob": 1}, "fields": {}, "normalizations": {}}, {"classId": "e_29", "part": "s1s7p1", "offsets": [{"start": 1276, "text": "l-NAME"}], "coordinates": [], "confidence": {"state": "pre-added", "who": ["ml:regex", "user:annotator4"], "prob": 1}, "fields": {}, "normalizations": {}}, {"classId": "e_27", "part": "s1s7p1", "offsets": [{"start": 1284, "text": "In conclusion, Parkia speciosa empty pods methanolic extract has a potential to prevent the development of hypertension possibly by preventing the loss of plasma nitric oxide, as well as has cardioprotective effects by reducing angiotensin-converting enzyme activity and"}], "coordinates": [], "confidence": {"state": "pre-added", "who": ["user:annotator4"], "prob": 1}, "fields": {}, "normalizations": {}}, {"classId": "e_33", "part": "s1s7p1", "offsets": [{"start": 1299, "text": "Parkia speciosa"}], "coordinates": [], "confidence": {"state": "pre-added", "who": ["user:annotator4"], "prob": 1}, "fields": {}, "normalizations": {}}, {"classId": "e_32", "part": "s1s7p1", "offsets": [{"start": 1512, "text": "angiotensin-converting enzyme"}], "coordinates": [], "confidence": {"state": "pre-added", "who": ["ml:regex", "user:annotator4"], "prob": 1}, "fields": {}, "normalizations": {}}], "relations": [{"classId": "r_35", "type": "linked", "directed": false, "entities": ["s1s7p1|e_33|941,955", "s1s7p1|e_27|941,1167"], "confidence": {"state": "pre-added", "who": ["user:annotator4"], "prob": 1}}, {"classId": "r_35", "type": "linked", "directed": false, "entities": ["s1s7p1|e_33|1299,1313", "s1s7p1|e_27|1284,1553"], "confidence": {"state": "pre-added", "who": ["user:annotator4"], "prob": 1}}, {"classId": "r_36", "type": "linked", "directed": false, "entities": ["s1s7p1|e_29|969,979", "s1s7p1|e_27|941,1167"], "confidence": {"state": "pre-added", "who": ["user:annotator4"], "prob": 1}}, {"classId": "r_36", "type": "linked", "directed": false, "entities": ["s1s7p1|e_29|1161,1166", "s1s7p1|e_27|941,1167"], "confidence": {"state": "pre-added", "who": ["user:annotator4"], "prob": 1}}, {"classId": "r_42", "type": "linked", "directed": false, "entities": ["s1s7p1|e_32|1054,1082", "s1s7p1|e_27|941,1167"], "confidence": {"state": "pre-added", "who": ["user:annotator4"], "prob": 1}}, {"classId": "r_42", "type": "linked", "directed": false, "entities": ["s1s7p1|e_32|1085,1097", "s1s7p1|e_27|941,1167"], "confidence": {"state": "pre-added", "who": ["user:annotator4"], "prob": 1}}, {"classId": "r_43", "type": "linked", "directed": false, "entities": ["s1s7p1|e_29|343,376", "s1s7p1|e_29|379,384"], "confidence": {"state": "pre-added", "who": ["user:annotator4"], "prob": 1}}, {"classId": "r_59", "type": "linked", "directed": false, "entities": ["s1s7p1|e_32|838,866", "s1s7p1|e_50|747,939"], "confidence": {"state": "pre-added", "who": ["user:annotator4"], "prob": 1}}, {"classId": "r_59", "type": "linked", "directed": false, "entities": ["s1s7p1|e_32|872,884", "s1s7p1|e_50|747,939"], "confidence": {"state": "pre-added", "who": ["user:annotator4"], "prob": 1}}, {"classId": "r_60", "type": "linked", "directed": false, "entities": ["s1s7p1|e_29|747,752", "s1s7p1|e_50|747,939"], "confidence": {"state": "pre-added", "who": ["user:annotator4"], "prob": 1}}, {"classId": "r_60", "type": "linked", "directed": false, "entities": ["s1s7p1|e_29|1201,1211", "s1s7p1|e_50|1169,1282"], "confidence": {"state": "pre-added", "who": ["user:annotator4"], "prob": 1}}, {"classId": "r_60", "type": "linked", "directed": false, "entities": ["s1s7p1|e_29|1276,1281", "s1s7p1|e_50|1169,1282"], "confidence": {"state": "pre-added", "who": ["user:annotator4"], "prob": 1}}]}