{"annotatable": {"parts": ["s1s1h1", "s1s1p1", "s1s2h1", "s1s2p1", "s1s3h1", "s1s3p1", "s1s4h1", "s1s4p1", "s1s5h1", "s1s5p1", "s1s6h1", "s1s6p1", "s1s7h1", "s1s7p1", "s1s8h1", "s1s8p1", "s1s9h1", "s1s9p1", "s1s10h1", "s1s10p1"]}, "anncomplete": true, "sources": [], "metas": {"m_17": {"value": true, "confidence": {"state": "pre-added", "who": ["user:annotator1"], "prob": 1}}, "m_24": {"value": "animal in-vivo", "confidence": {"state": "pre-added", "who": ["user:annotator1"], "prob": 1}}}, "entities": [{"classId": "e_33", "part": "s1s2p1", "offsets": [{"start": 22, "text": "Rosavin"}], "coordinates": [], "confidence": {"state": "pre-added", "who": ["ml:regex"], "prob": 0}, "fields": {}, "normalizations": {}}, {"classId": "e_29", "part": "s1s2p1", "offsets": [{"start": 33, "text": "bleomycin"}], "coordinates": [], "confidence": {"state": "pre-added", "who": ["ml:regex"], "prob": 0}, "fields": {}, "normalizations": {}}, {"classId": "e_33", "part": "s1s5p1", "offsets": [{"start": 0, "text": "Rhodiola"}], "coordinates": [], "confidence": {"state": "pre-added", "who": ["ml:regex"], "prob": 0}, "fields": {}, "normalizations": {}}, {"classId": "e_29", "part": "s1s6p1", "offsets": [{"start": 0, "text": "bleomycin"}], "coordinates": [], "confidence": {"state": "pre-added", "who": ["ml:regex"], "prob": 0}, "fields": {}, "normalizations": {}}, {"classId": "e_33", "part": "s1s7p1", "offsets": [{"start": 419, "text": "Rosavin"}], "coordinates": [], "confidence": {"state": "pre-added", "who": ["ml:regex", "user:annotator1"], "prob": 1}, "fields": {}, "normalizations": {}}, {"classId": "e_33", "part": "s1s7p1", "offsets": [{"start": 474, "text": "Rhodiola"}], "coordinates": [], "confidence": {"state": "pre-added", "who": ["user:annotator1"], "prob": 1}, "fields": {}, "normalizations": {}}, {"classId": "e_33", "part": "s1s7p1", "offsets": [{"start": 666, "text": "Rosavin"}], "coordinates": [], "confidence": {"state": "pre-added", "who": ["ml:regex"], "prob": 0}, "fields": {}, "normalizations": {}}, {"classId": "e_29", "part": "s1s7p1", "offsets": [{"start": 721, "text": "bleomycin"}], "coordinates": [], "confidence": {"state": "pre-added", "who": ["ml:regex"], "prob": 0}, "fields": {}, "normalizations": {}}, {"classId": "e_27", "part": "s1s7p1", "offsets": [{"start": 740, "text": "The results indicated that Rosavin could significantly ameliorate the lung index and Pathological structure of mice with Pulmonary fibrosis by bleomycin-induced."}], "coordinates": [], "confidence": {"state": "pre-added", "who": ["user:annotator1"], "prob": 1}, "fields": {}, "normalizations": {}}, {"classId": "e_33", "part": "s1s7p1", "offsets": [{"start": 767, "text": "Rosavin"}], "coordinates": [], "confidence": {"state": "pre-added", "who": ["user:annotator1"], "prob": 1}, "fields": {}, "normalizations": {}}, {"classId": "e_29", "part": "s1s7p1", "offsets": [{"start": 883, "text": "bleomycin"}], "coordinates": [], "confidence": {"state": "pre-added", "who": ["user:annotator1"], "prob": 1}, "fields": {}, "normalizations": {}}, {"classId": "e_27", "part": "s1s7p1", "offsets": [{"start": 902, "text": "Additionally, Rosavin could evidently decreased inflammatory cells infiltration in bronchoalveolar lavage fluid and pro-inflammatory cytokines expression in lung tissue specimens induced by bleomycin."}], "coordinates": [], "confidence": {"state": "pre-added", "who": ["user:annotator1"], "prob": 1}, "fields": {}, "normalizations": {}}, {"classId": "e_33", "part": "s1s7p1", "offsets": [{"start": 916, "text": "Rosavin"}], "coordinates": [], "confidence": {"state": "pre-added", "who": ["ml:regex", "user:annotator1"], "prob": 1}, "fields": {}, "normalizations": {}}, {"classId": "e_29", "part": "s1s7p1", "offsets": [{"start": 1092, "text": "bleomycin"}], "coordinates": [], "confidence": {"state": "pre-added", "who": ["ml:regex", "user:annotator1"], "prob": 1}, "fields": {}, "normalizations": {}}, {"classId": "e_33", "part": "s1s7p1", "offsets": [{"start": 1103, "text": "Rosavin"}], "coordinates": [], "confidence": {"state": "pre-added", "who": ["ml:regex", "user:annotator1"], "prob": 1}, "fields": {}, "normalizations": {}}, {"classId": "e_27", "part": "s1s7p1", "offsets": [{"start": 1103, "text": "Rosavin could down-regulate the expression of hydroxyproline and malondialdehyde and increased the activities of superoxide dismutase, glutathione peroxidase in lung tissue."}], "coordinates": [], "confidence": {"state": "pre-added", "who": ["user:annotator1"], "prob": 1}, "fields": {}, "normalizations": {}}, {"classId": "e_26", "part": "s1s7p1", "offsets": [{"start": 1216, "text": "superoxide dismutase"}], "coordinates": [], "confidence": {"state": "pre-added", "who": ["user:annotator1"], "prob": 1}, "fields": {}, "normalizations": {}}, {"classId": "e_32", "part": "s1s7p1", "offsets": [{"start": 1238, "text": "glutathione peroxidase"}], "coordinates": [], "confidence": {"state": "pre-added", "who": ["user:annotator1"], "prob": 1}, "fields": {}, "normalizations": {}}, {"classId": "e_27", "part": "s1s7p1", "offsets": [{"start": 1277, "text": "The expression of Nrf2 were increased, and the expression of NF-\u03baB p65, TGF-\u03b21 and \u03b1-SMA were inhibited."}], "coordinates": [], "confidence": {"state": "pre-added", "who": ["user:annotator1"], "prob": 1}, "fields": {}, "normalizations": {}}, {"classId": "e_32", "part": "s1s7p1", "offsets": [{"start": 1295, "text": "Nrf2"}], "coordinates": [], "confidence": {"state": "pre-added", "who": ["user:annotator1"], "prob": 1}, "fields": {}, "normalizations": {}}, {"classId": "e_32", "part": "s1s7p1", "offsets": [{"start": 1338, "text": "NF-\u03baB"}], "coordinates": [], "confidence": {"state": "pre-added", "who": ["user:annotator1"], "prob": 1}, "fields": {}, "normalizations": {}}, {"classId": "e_32", "part": "s1s7p1", "offsets": [{"start": 1349, "text": "TGF-\u03b21"}], "coordinates": [], "confidence": {"state": "pre-added", "who": ["user:annotator1"], "prob": 1}, "fields": {}, "normalizations": {}}, {"classId": "e_33", "part": "s1s7p1", "offsets": [{"start": 1456, "text": "rosavin"}], "coordinates": [], "confidence": {"state": "pre-added", "who": ["ml:regex"], "prob": 0}, "fields": {}, "normalizations": {}}, {"classId": "e_29", "part": "s1s7p1", "offsets": [{"start": 1467, "text": "bleomycin"}], "coordinates": [], "confidence": {"state": "pre-added", "who": ["ml:regex"], "prob": 0}, "fields": {}, "normalizations": {}}, {"classId": "e_33", "part": "s1s7p1", "offsets": [{"start": 1548, "text": "Rosavin"}], "coordinates": [], "confidence": {"state": "pre-added", "who": ["ml:regex"], "prob": 0}, "fields": {}, "normalizations": {}}], "relations": [{"classId": "r_35", "type": "linked", "directed": false, "entities": ["s1s7p1|e_33|767,773", "s1s7p1|e_27|740,900"], "confidence": {"state": "pre-added", "who": ["user:annotator1"], "prob": 1}}, {"classId": "r_35", "type": "linked", "directed": false, "entities": ["s1s7p1|e_33|916,922", "s1s7p1|e_27|902,1101"], "confidence": {"state": "pre-added", "who": ["user:annotator1"], "prob": 1}}, {"classId": "r_35", "type": "linked", "directed": false, "entities": ["s1s7p1|e_33|916,922", "s1s7p1|e_27|1277,1380"], "confidence": {"state": "pre-added", "who": ["user:annotator1"], "prob": 1}}, {"classId": "r_35", "type": "linked", "directed": false, "entities": ["s1s7p1|e_33|1103,1109", "s1s7p1|e_27|1103,1275"], "confidence": {"state": "pre-added", "who": ["user:annotator1"], "prob": 1}}, {"classId": "r_36", "type": "linked", "directed": false, "entities": ["s1s7p1|e_29|883,891", "s1s7p1|e_27|740,900"], "confidence": {"state": "pre-added", "who": ["user:annotator1"], "prob": 1}}, {"classId": "r_36", "type": "linked", "directed": false, "entities": ["s1s7p1|e_29|1092,1100", "s1s7p1|e_27|902,1101"], "confidence": {"state": "pre-added", "who": ["user:annotator1"], "prob": 1}}, {"classId": "r_36", "type": "linked", "directed": false, "entities": ["s1s7p1|e_29|1092,1100", "s1s7p1|e_27|1103,1275"], "confidence": {"state": "pre-added", "who": ["user:annotator1"], "prob": 1}}, {"classId": "r_36", "type": "linked", "directed": false, "entities": ["s1s7p1|e_29|1092,1100", "s1s7p1|e_27|1277,1380"], "confidence": {"state": "pre-added", "who": ["user:annotator1"], "prob": 1}}, {"classId": "r_40", "type": "linked", "directed": false, "entities": ["s1s7p1|e_26|1216,1235", "s1s7p1|e_27|1103,1275"], "confidence": {"state": "pre-added", "who": ["user:annotator1"], "prob": 1}}, {"classId": "r_42", "type": "linked", "directed": false, "entities": ["s1s7p1|e_32|1238,1259", "s1s7p1|e_27|1103,1275"], "confidence": {"state": "pre-added", "who": ["user:annotator1"], "prob": 1}}, {"classId": "r_42", "type": "linked", "directed": false, "entities": ["s1s7p1|e_32|1295,1298", "s1s7p1|e_27|1277,1380"], "confidence": {"state": "pre-added", "who": ["user:annotator1"], "prob": 1}}, {"classId": "r_42", "type": "linked", "directed": false, "entities": ["s1s7p1|e_32|1338,1342", "s1s7p1|e_27|1277,1380"], "confidence": {"state": "pre-added", "who": ["user:annotator1"], "prob": 1}}, {"classId": "r_42", "type": "linked", "directed": false, "entities": ["s1s7p1|e_32|1349,1354", "s1s7p1|e_27|1277,1380"], "confidence": {"state": "pre-added", "who": ["user:annotator1"], "prob": 1}}, {"classId": "r_46", "type": "linked", "directed": false, "entities": ["s1s7p1|e_33|419,425", "s1s7p1|e_33|474,481"], "confidence": {"state": "pre-added", "who": ["user:annotator1"], "prob": 1}}]}