{"annotatable": {"parts": ["s1s1h1", "s1s1p1", "s1s2h1", "s1s2p1", "s1s3h1", "s1s3p1", "s1s4h1", "s1s4p1", "s1s5h1", "s1s5p1"]}, "anncomplete": true, "sources": [], "metas": {"m_24": {"value": "others", "confidence": {"state": "pre-added", "who": ["user:annotator1"], "prob": 1}}, "m_17": {"value": true, "confidence": {"state": "pre-added", "who": ["user:annotator1"], "prob": 1}}}, "entities": [{"classId": "e_61", "part": "s1s1p1", "offsets": [{"start": 74, "text": "DA-9801"}], "coordinates": [], "confidence": {"state": "pre-added", "who": ["ml:regex"], "prob": 0}, "fields": {}, "normalizations": {}}, {"classId": "e_33", "part": "s1s1p1", "offsets": [{"start": 98, "text": "dioscorea"}], "coordinates": [], "confidence": {"state": "pre-added", "who": ["ml:regex"], "prob": 0}, "fields": {}, "normalizations": {}}, {"classId": "e_28", "part": "s1s3p1", "offsets": [{"start": 0, "text": "OAT3"}], "coordinates": [], "confidence": {"state": "pre-added", "who": ["ml:regex"], "prob": 0}, "fields": {"f_20": {"value": true, "confidence": {"state": "pre-added", "who": ["user:annotator1"], "prob": 1}}}, "normalizations": {}}, {"classId": "e_33", "part": "s1s4p1", "offsets": [{"start": 0, "text": "Dioscorea"}], "coordinates": [], "confidence": {"state": "pre-added", "who": ["ml:regex"], "prob": 0}, "fields": {}, "normalizations": {}}, {"classId": "e_61", "part": "s1s5p1", "offsets": [{"start": 450, "text": "DA-9801"}], "coordinates": [], "confidence": {"state": "pre-added", "who": ["user:annotator1"], "prob": 1}, "fields": {}, "normalizations": {}}, {"classId": "e_33", "part": "s1s5p1", "offsets": [{"start": 512, "text": "Dioscorea"}], "coordinates": [], "confidence": {"state": "pre-added", "who": ["user:annotator1"], "prob": 1}, "fields": {}, "normalizations": {}}, {"classId": "e_61", "part": "s1s5p1", "offsets": [{"start": 686, "text": "DA-9801"}], "coordinates": [], "confidence": {"state": "pre-added", "who": ["ml:regex"], "prob": 0}, "fields": {}, "normalizations": {}}, {"classId": "e_28", "part": "s1s5p1", "offsets": [{"start": 724, "text": "organic cation transporter"}], "coordinates": [], "confidence": {"state": "pre-added", "who": ["user:annotator1"], "prob": 1}, "fields": {}, "normalizations": {}}, {"classId": "e_28", "part": "s1s5p1", "offsets": [{"start": 752, "text": "OCT"}], "coordinates": [], "confidence": {"state": "pre-added", "who": ["user:annotator1"], "prob": 1}, "fields": {}, "normalizations": {}}, {"classId": "e_28", "part": "s1s5p1", "offsets": [{"start": 759, "text": "OCT2"}], "coordinates": [], "confidence": {"state": "pre-added", "who": ["user:annotator1"], "prob": 1}, "fields": {}, "normalizations": {}}, {"classId": "e_28", "part": "s1s5p1", "offsets": [{"start": 765, "text": "organic anion transporter"}], "coordinates": [], "confidence": {"state": "pre-added", "who": ["user:annotator1"], "prob": 1}, "fields": {}, "normalizations": {}}, {"classId": "e_28", "part": "s1s5p1", "offsets": [{"start": 792, "text": "OAT"}], "coordinates": [], "confidence": {"state": "pre-added", "who": ["user:annotator1"], "prob": 1}, "fields": {}, "normalizations": {}}, {"classId": "e_28", "part": "s1s5p1", "offsets": [{"start": 799, "text": "OAT3"}], "coordinates": [], "confidence": {"state": "pre-added", "who": ["user:annotator1"], "prob": 1}, "fields": {}, "normalizations": {}}, {"classId": "e_28", "part": "s1s5p1", "offsets": [{"start": 805, "text": "organic anion transporting polypeptide"}], "coordinates": [], "confidence": {"state": "pre-added", "who": ["user:annotator1"], "prob": 1}, "fields": {}, "normalizations": {}}, {"classId": "e_28", "part": "s1s5p1", "offsets": [{"start": 845, "text": "OATP"}], "coordinates": [], "confidence": {"state": "pre-added", "who": ["user:annotator1"], "prob": 1}, "fields": {}, "normalizations": {}}, {"classId": "e_28", "part": "s1s5p1", "offsets": [{"start": 855, "text": "OATP1B3"}], "coordinates": [], "confidence": {"state": "pre-added", "who": ["user:annotator1"], "prob": 1}, "fields": {}, "normalizations": {}}, {"classId": "e_28", "part": "s1s5p1", "offsets": [{"start": 864, "text": "P-glycoprotein"}], "coordinates": [], "confidence": {"state": "pre-added", "who": ["user:annotator1"], "prob": 1}, "fields": {}, "normalizations": {}}, {"classId": "e_28", "part": "s1s5p1", "offsets": [{"start": 880, "text": "P-gp"}], "coordinates": [], "confidence": {"state": "pre-added", "who": ["user:annotator1"], "prob": 1}, "fields": {}, "normalizations": {}}, {"classId": "e_61", "part": "s1s5p1", "offsets": [{"start": 992, "text": "DA-9801"}], "coordinates": [], "confidence": {"state": "pre-added", "who": ["ml:regex"], "prob": 0}, "fields": {}, "normalizations": {}}, {"classId": "e_61", "part": "s1s5p1", "offsets": [{"start": 1109, "text": "DA-9801"}], "coordinates": [], "confidence": {"state": "pre-added", "who": ["ml:regex"], "prob": 0}, "fields": {}, "normalizations": {}}, {"classId": "e_27", "part": "s1s5p1", "offsets": [{"start": 1109, "text": "DA-9801 inhibited the in vitro transport activities of OCT1, OCT2, OAT3, and OATP1B1, with IC50 values of 106, 174, 48.1, and 273 \u03bcg/mL, respectively, while the other transporters were not inhibited by 300 \u03bcg/mL DA-9801."}], "coordinates": [], "confidence": {"state": "pre-added", "who": ["user:annotator1"], "prob": 1}, "fields": {}, "normalizations": {}}, {"classId": "e_28", "part": "s1s5p1", "offsets": [{"start": 1164, "text": "OCT1"}], "coordinates": [], "confidence": {"state": "pre-added", "who": ["user:annotator1"], "prob": 1}, "fields": {}, "normalizations": {}}, {"classId": "e_28", "part": "s1s5p1", "offsets": [{"start": 1170, "text": "OCT2"}], "coordinates": [], "confidence": {"state": "pre-added", "who": ["user:annotator1"], "prob": 1}, "fields": {}, "normalizations": {}}, {"classId": "e_28", "part": "s1s5p1", "offsets": [{"start": 1176, "text": "OAT3"}], "coordinates": [], "confidence": {"state": "pre-added", "who": ["user:annotator1"], "prob": 1}, "fields": {}, "normalizations": {}}, {"classId": "e_28", "part": "s1s5p1", "offsets": [{"start": 1186, "text": "OATP1B1"}], "coordinates": [], "confidence": {"state": "pre-added", "who": ["user:annotator1"], "prob": 1}, "fields": {}, "normalizations": {}}, {"classId": "e_61", "part": "s1s5p1", "offsets": [{"start": 1321, "text": "DA-9801"}], "coordinates": [], "confidence": {"state": "pre-added", "who": ["ml:regex"], "prob": 0}, "fields": {}, "normalizations": {}}, {"classId": "e_61", "part": "s1s5p1", "offsets": [{"start": 1379, "text": "DA-9801"}], "coordinates": [], "confidence": {"state": "pre-added", "who": ["ml:regex"], "prob": 0}, "fields": {}, "normalizations": {}}, {"classId": "e_28", "part": "s1s5p1", "offsets": [{"start": 1390, "text": "OCT1"}], "coordinates": [], "confidence": {"state": "pre-added", "who": ["ml:regex"], "prob": 0}, "fields": {}, "normalizations": {}}, {"classId": "e_28", "part": "s1s5p1", "offsets": [{"start": 1396, "text": "OCT2"}], "coordinates": [], "confidence": {"state": "pre-added", "who": ["ml:regex"], "prob": 0}, "fields": {}, "normalizations": {}}, {"classId": "e_28", "part": "s1s5p1", "offsets": [{"start": 1406, "text": "OAT3"}], "coordinates": [], "confidence": {"state": "pre-added", "who": ["ml:regex"], "prob": 0}, "fields": {"f_20": {"value": true, "confidence": {"state": "pre-added", "who": ["user:annotator1"], "prob": 1}}}, "normalizations": {}}, {"classId": "e_29", "part": "s1s5p1", "offsets": [{"start": 1510, "text": "cimetidine"}], "coordinates": [], "confidence": {"state": "pre-added", "who": ["ml:regex"], "prob": 0}, "fields": {}, "normalizations": {}}, {"classId": "e_28", "part": "s1s5p1", "offsets": [{"start": 1538, "text": "OCT1"}], "coordinates": [], "confidence": {"state": "pre-added", "who": ["ml:regex"], "prob": 0}, "fields": {}, "normalizations": {}}, {"classId": "e_28", "part": "s1s5p1", "offsets": [{"start": 1544, "text": "OCT2"}], "coordinates": [], "confidence": {"state": "pre-added", "who": ["ml:regex"], "prob": 0}, "fields": {}, "normalizations": {}}, {"classId": "e_28", "part": "s1s5p1", "offsets": [{"start": 1554, "text": "OAT3"}], "coordinates": [], "confidence": {"state": "pre-added", "who": ["ml:regex"], "prob": 0}, "fields": {"f_20": {"value": true, "confidence": {"state": "pre-added", "who": ["user:annotator1"], "prob": 1}}}, "normalizations": {}}, {"classId": "e_29", "part": "s1s5p1", "offsets": [{"start": 1567, "text": "furosemide"}], "coordinates": [], "confidence": {"state": "pre-added", "who": ["ml:regex", "user:annotator1"], "prob": 1}, "fields": {}, "normalizations": {}}, {"classId": "e_28", "part": "s1s5p1", "offsets": [{"start": 1604, "text": "OAT3"}], "coordinates": [], "confidence": {"state": "pre-added", "who": ["ml:regex"], "prob": 0}, "fields": {"f_20": {"value": true, "confidence": {"state": "pre-added", "who": ["user:annotator1"], "prob": 1}}}, "normalizations": {}}, {"classId": "e_61", "part": "s1s5p1", "offsets": [{"start": 1634, "text": "DA-9801"}], "coordinates": [], "confidence": {"state": "pre-added", "who": ["ml:regex"], "prob": 0}, "fields": {}, "normalizations": {}}, {"classId": "e_27", "part": "s1s5p1", "offsets": [{"start": 1680, "text": "Pre-dose of DA-9801 5 min or 2 h prior to cimetidine administration decreased the Cmax of cimetidine in rats."}], "coordinates": [], "confidence": {"state": "pre-added", "who": ["user:annotator1"], "prob": 1}, "fields": {}, "normalizations": {}}, {"classId": "e_61", "part": "s1s5p1", "offsets": [{"start": 1692, "text": "DA-9801"}], "coordinates": [], "confidence": {"state": "pre-added", "who": ["ml:regex"], "prob": 0}, "fields": {}, "normalizations": {}}, {"classId": "e_29", "part": "s1s5p1", "offsets": [{"start": 1722, "text": "cimetidine"}], "coordinates": [], "confidence": {"state": "pre-added", "who": ["user:annotator1"], "prob": 1}, "fields": {}, "normalizations": {}}, {"classId": "e_29", "part": "s1s5p1", "offsets": [{"start": 1770, "text": "cimetidine"}], "coordinates": [], "confidence": {"state": "pre-added", "who": ["ml:regex"], "prob": 0}, "fields": {}, "normalizations": {}}, {"classId": "e_27", "part": "s1s5p1", "offsets": [{"start": 1790, "text": "However, DA-9801 did not affect the elimination parameters such as half-life, clearance, or amount excreted in the urine, suggesting that it did not inhibit elimination process of cimetidine, which is governed by OCT1, OCT2, and OAT3."}], "coordinates": [], "confidence": {"state": "pre-added", "who": ["user:annotator1"], "prob": 1}, "fields": {"f_20": {"value": true, "confidence": {"state": "pre-added", "who": ["user:annotator1"], "prob": 1}}}, "normalizations": {}}, {"classId": "e_61", "part": "s1s5p1", "offsets": [{"start": 1799, "text": "DA-9801"}], "coordinates": [], "confidence": {"state": "pre-added", "who": ["ml:regex"], "prob": 0}, "fields": {}, "normalizations": {}}, {"classId": "e_29", "part": "s1s5p1", "offsets": [{"start": 1970, "text": "cimetidine"}], "coordinates": [], "confidence": {"state": "pre-added", "who": ["ml:regex", "user:annotator1"], "prob": 1}, "fields": {}, "normalizations": {}}, {"classId": "e_28", "part": "s1s5p1", "offsets": [{"start": 2003, "text": "OCT1"}], "coordinates": [], "confidence": {"state": "pre-added", "who": ["user:annotator1"], "prob": 1}, "fields": {}, "normalizations": {}}, {"classId": "e_28", "part": "s1s5p1", "offsets": [{"start": 2009, "text": "OCT2"}], "coordinates": [], "confidence": {"state": "pre-added", "who": ["user:annotator1"], "prob": 1}, "fields": {}, "normalizations": {}}, {"classId": "e_28", "part": "s1s5p1", "offsets": [{"start": 2019, "text": "OAT3"}], "coordinates": [], "confidence": {"state": "pre-added", "who": ["user:annotator1"], "prob": 1}, "fields": {}, "normalizations": {}}, {"classId": "e_27", "part": "s1s5p1", "offsets": [{"start": 2025, "text": "Moreover, DA-9801 did not affect the pharmacokinetic characteristics of furosemide, as evidenced by its unchanged pharmacokinetic parameters."}], "coordinates": [], "confidence": {"state": "pre-added", "who": ["user:annotator1"], "prob": 1}, "fields": {"f_20": {"value": true, "confidence": {"state": "pre-added", "who": ["user:annotator1"], "prob": 1}}}, "normalizations": {}}, {"classId": "e_61", "part": "s1s5p1", "offsets": [{"start": 2035, "text": "DA-9801"}], "coordinates": [], "confidence": {"state": "pre-added", "who": ["ml:regex"], "prob": 0}, "fields": {}, "normalizations": {}}, {"classId": "e_29", "part": "s1s5p1", "offsets": [{"start": 2097, "text": "furosemide"}], "coordinates": [], "confidence": {"state": "pre-added", "who": ["user:annotator1"], "prob": 1}, "fields": {}, "normalizations": {}}, {"classId": "e_27", "part": "s1s5p1", "offsets": [{"start": 2166, "text": "Inhibitory effects of DA-9801 on OCT1, OCT2, and OAT3 observed in vitro may not necessarily translate into in vivo herb-drug interactions in rats even at its maximum effective dose."}], "coordinates": [], "confidence": {"state": "pre-added", "who": ["user:annotator1"], "prob": 1}, "fields": {}, "normalizations": {}}, {"classId": "e_61", "part": "s1s5p1", "offsets": [{"start": 2188, "text": "DA-9801"}], "coordinates": [], "confidence": {"state": "pre-added", "who": ["ml:regex"], "prob": 0}, "fields": {}, "normalizations": {}}, {"classId": "e_28", "part": "s1s5p1", "offsets": [{"start": 2199, "text": "OCT1"}], "coordinates": [], "confidence": {"state": "pre-added", "who": ["user:annotator1"], "prob": 1}, "fields": {}, "normalizations": {}}, {"classId": "e_28", "part": "s1s5p1", "offsets": [{"start": 2205, "text": "OCT2"}], "coordinates": [], "confidence": {"state": "pre-added", "who": ["user:annotator1"], "prob": 1}, "fields": {}, "normalizations": {}}, {"classId": "e_28", "part": "s1s5p1", "offsets": [{"start": 2215, "text": "OAT3"}], "coordinates": [], "confidence": {"state": "pre-added", "who": ["user:annotator1"], "prob": 1}, "fields": {}, "normalizations": {}}], "relations": [{"classId": "r_35", "type": "linked", "directed": false, "entities": ["s1s5p1|e_33|512,520", "s1s5p1|e_27|1109,1328"], "confidence": {"state": "pre-added", "who": ["user:annotator1"], "prob": 1}}, {"classId": "r_35", "type": "linked", "directed": false, "entities": ["s1s5p1|e_33|512,520", "s1s5p1|e_27|1680,1788"], "confidence": {"state": "pre-added", "who": ["user:annotator1"], "prob": 1}}, {"classId": "r_35", "type": "linked", "directed": false, "entities": ["s1s5p1|e_33|512,520", "s1s5p1|e_27|1790,2023"], "confidence": {"state": "pre-added", "who": ["user:annotator1"], "prob": 1}}, {"classId": "r_35", "type": "linked", "directed": false, "entities": ["s1s5p1|e_33|512,520", "s1s5p1|e_27|2025,2165"], "confidence": {"state": "pre-added", "who": ["user:annotator1"], "prob": 1}}, {"classId": "r_35", "type": "linked", "directed": false, "entities": ["s1s5p1|e_33|512,520", "s1s5p1|e_27|2166,2346"], "confidence": {"state": "pre-added", "who": ["user:annotator1"], "prob": 1}}, {"classId": "r_36", "type": "linked", "directed": false, "entities": ["s1s5p1|e_29|1722,1731", "s1s5p1|e_27|1680,1788"], "confidence": {"state": "pre-added", "who": ["user:annotator1"], "prob": 1}}, {"classId": "r_36", "type": "linked", "directed": false, "entities": ["s1s5p1|e_29|1970,1979", "s1s5p1|e_27|1790,2023"], "confidence": {"state": "pre-added", "who": ["user:annotator1"], "prob": 1}}, {"classId": "r_36", "type": "linked", "directed": false, "entities": ["s1s5p1|e_29|2097,2106", "s1s5p1|e_27|2025,2165"], "confidence": {"state": "pre-added", "who": ["user:annotator1"], "prob": 1}}, {"classId": "r_41", "type": "linked", "directed": false, "entities": ["s1s5p1|e_28|1164,1167", "s1s5p1|e_27|1109,1328"], "confidence": {"state": "pre-added", "who": ["user:annotator1"], "prob": 1}}, {"classId": "r_41", "type": "linked", "directed": false, "entities": ["s1s5p1|e_28|1170,1173", "s1s5p1|e_27|1109,1328"], "confidence": {"state": "pre-added", "who": ["user:annotator1"], "prob": 1}}, {"classId": "r_41", "type": "linked", "directed": false, "entities": ["s1s5p1|e_28|1176,1179", "s1s5p1|e_27|1109,1328"], "confidence": {"state": "pre-added", "who": ["user:annotator1"], "prob": 1}}, {"classId": "r_41", "type": "linked", "directed": false, "entities": ["s1s5p1|e_28|1186,1192", "s1s5p1|e_27|1109,1328"], "confidence": {"state": "pre-added", "who": ["user:annotator1"], "prob": 1}}, {"classId": "r_41", "type": "linked", "directed": false, "entities": ["s1s5p1|e_28|2003,2006", "s1s5p1|e_27|1790,2023"], "confidence": {"state": "pre-added", "who": ["user:annotator1"], "prob": 1}}, {"classId": "r_41", "type": "linked", "directed": false, "entities": ["s1s5p1|e_28|2009,2012", "s1s5p1|e_27|1790,2023"], "confidence": {"state": "pre-added", "who": ["user:annotator1"], "prob": 1}}, {"classId": "r_41", "type": "linked", "directed": false, "entities": ["s1s5p1|e_28|2019,2022", "s1s5p1|e_27|1790,2023"], "confidence": {"state": "pre-added", "who": ["user:annotator1"], "prob": 1}}, {"classId": "r_41", "type": "linked", "directed": false, "entities": ["s1s5p1|e_28|2199,2202", "s1s5p1|e_27|2166,2346"], "confidence": {"state": "pre-added", "who": ["user:annotator1"], "prob": 1}}, {"classId": "r_41", "type": "linked", "directed": false, "entities": ["s1s5p1|e_28|2205,2208", "s1s5p1|e_27|2166,2346"], "confidence": {"state": "pre-added", "who": ["user:annotator1"], "prob": 1}}, {"classId": "r_41", "type": "linked", "directed": false, "entities": ["s1s5p1|e_28|2215,2218", "s1s5p1|e_27|2166,2346"], "confidence": {"state": "pre-added", "who": ["user:annotator1"], "prob": 1}}, {"classId": "r_48", "type": "linked", "directed": false, "entities": ["s1s5p1|e_28|724,749", "s1s5p1|e_28|752,754"], "confidence": {"state": "pre-added", "who": ["user:annotator1"], "prob": 1}}, {"classId": "r_48", "type": "linked", "directed": false, "entities": ["s1s5p1|e_28|759,762", "s1s5p1|e_28|724,749"], "confidence": {"state": "pre-added", "who": ["user:annotator1"], "prob": 1}}, {"classId": "r_48", "type": "linked", "directed": false, "entities": ["s1s5p1|e_28|765,789", "s1s5p1|e_28|792,794"], "confidence": {"state": "pre-added", "who": ["user:annotator1"], "prob": 1}}, {"classId": "r_48", "type": "linked", "directed": false, "entities": ["s1s5p1|e_28|799,802", "s1s5p1|e_28|765,789"], "confidence": {"state": "pre-added", "who": ["user:annotator1"], "prob": 1}}, {"classId": "r_48", "type": "linked", "directed": false, "entities": ["s1s5p1|e_28|805,842", "s1s5p1|e_28|845,848"], "confidence": {"state": "pre-added", "who": ["user:annotator1"], "prob": 1}}, {"classId": "r_48", "type": "linked", "directed": false, "entities": ["s1s5p1|e_28|855,861", "s1s5p1|e_28|805,842"], "confidence": {"state": "pre-added", "who": ["user:annotator1"], "prob": 1}}, {"classId": "r_48", "type": "linked", "directed": false, "entities": ["s1s5p1|e_28|864,877", "s1s5p1|e_28|880,883"], "confidence": {"state": "pre-added", "who": ["user:annotator1"], "prob": 1}}, {"classId": "r_62", "type": "linked", "directed": false, "entities": ["s1s5p1|e_33|512,520", "s1s5p1|e_61|450,456"], "confidence": {"state": "pre-added", "who": ["user:annotator1"], "prob": 1}}]}