{"annotatable": {"parts": ["s1s1h1", "s1s1p1", "s1s2h1", "s1s2p1", "s1s3h1", "s1s3p1", "s1s4h1", "s1s4p1", "s1s5h1", "s1s5p1"]}, "anncomplete": true, "sources": [], "metas": {"m_24": {"value": "false", "confidence": {"state": "pre-added", "who": ["user:annotator3"], "prob": 1}}, "m_17": {"value": false, "confidence": {"state": "pre-added", "who": ["user:annotator3"], "prob": 1}}}, "entities": [{"classId": "e_29", "part": "s1s2p1", "offsets": [{"start": 0, "text": "Prasterone"}], "coordinates": [], "confidence": {"state": "pre-added", "who": ["ml:regex"], "prob": 0}, "fields": {}, "normalizations": {}}, {"classId": "e_64", "part": "s1s3p1", "offsets": [{"start": 0, "text": "DHEA"}], "coordinates": [], "confidence": {"state": "pre-added", "who": ["ml:regex"], "prob": 0}, "fields": {}, "normalizations": {}}, {"classId": "e_29", "part": "s1s4p1", "offsets": [{"start": 0, "text": "prasterone"}], "coordinates": [], "confidence": {"state": "pre-added", "who": ["ml:regex"], "prob": 0}, "fields": {}, "normalizations": {}}, {"classId": "e_64", "part": "s1s5p1", "offsets": [{"start": 169, "text": "dehydroepiandrosterone"}], "coordinates": [], "confidence": {"state": "pre-added", "who": ["user:annotator3"], "prob": 1}, "fields": {}, "normalizations": {}}, {"classId": "e_64", "part": "s1s5p1", "offsets": [{"start": 193, "text": "DHEA"}], "coordinates": [], "confidence": {"state": "pre-added", "who": ["user:annotator3"], "prob": 1}, "fields": {}, "normalizations": {}}, {"classId": "e_29", "part": "s1s5p1", "offsets": [{"start": 315, "text": "Intravaginal prasterone"}], "coordinates": [], "confidence": {"state": "pre-added", "who": ["user:annotator3"], "prob": 1}, "fields": {}, "normalizations": {}}, {"classId": "e_29", "part": "s1s5p1", "offsets": [{"start": 340, "text": "Intrarosa\u00ae"}], "coordinates": [], "confidence": {"state": "pre-added", "who": ["user:annotator3"], "prob": 1}, "fields": {}, "normalizations": {}}, {"classId": "e_64", "part": "s1s5p1", "offsets": [{"start": 375, "text": "DHEA"}], "coordinates": [], "confidence": {"state": "pre-added", "who": ["ml:regex"], "prob": 0}, "fields": {}, "normalizations": {}}, {"classId": "e_29", "part": "s1s5p1", "offsets": [{"start": 494, "text": "prasterone"}], "coordinates": [], "confidence": {"state": "pre-added", "who": ["user:annotator3"], "prob": 1}, "fields": {}, "normalizations": {}}, {"classId": "e_29", "part": "s1s5p1", "offsets": [{"start": 693, "text": "intravaginal prasterone"}], "coordinates": [], "confidence": {"state": "pre-added", "who": ["ml:regex"], "prob": 0}, "fields": {}, "normalizations": {}}, {"classId": "e_29", "part": "s1s5p1", "offsets": [{"start": 941, "text": "prasterone"}], "coordinates": [], "confidence": {"state": "pre-added", "who": ["ml:regex"], "prob": 0}, "fields": {}, "normalizations": {}}, {"classId": "e_29", "part": "s1s5p1", "offsets": [{"start": 1036, "text": "Prasterone"}], "coordinates": [], "confidence": {"state": "pre-added", "who": ["ml:regex"], "prob": 0}, "fields": {}, "normalizations": {}}, {"classId": "e_29", "part": "s1s5p1", "offsets": [{"start": 1199, "text": "prasterone"}], "coordinates": [], "confidence": {"state": "pre-added", "who": ["ml:regex"], "prob": 0}, "fields": {}, "normalizations": {}}, {"classId": "e_64", "part": "s1s5p1", "offsets": [{"start": 1287, "text": "DHEA"}], "coordinates": [], "confidence": {"state": "pre-added", "who": ["ml:regex"], "prob": 0}, "fields": {}, "normalizations": {}}, {"classId": "e_29", "part": "s1s5p1", "offsets": [{"start": 1376, "text": "intravaginal prasterone"}], "coordinates": [], "confidence": {"state": "pre-added", "who": ["ml:regex"], "prob": 0}, "fields": {}, "normalizations": {}}], "relations": [{"classId": "r_43", "type": "linked", "directed": false, "entities": ["s1s5p1|e_29|340,349", "s1s5p1|e_29|315,337"], "confidence": {"state": "pre-added", "who": ["user:annotator3"], "prob": 1}}, {"classId": "r_66", "type": "linked", "directed": false, "entities": ["s1s5p1|e_64|193,196", "s1s5p1|e_64|169,190"], "confidence": {"state": "pre-added", "who": ["user:annotator3"], "prob": 1}}]}