{"annotatable": {"parts": ["s1s1h1", "s1s1p1", "s1s2h1", "s1s2p1", "s1s3h1", "s1s3p1", "s1s4h1", "s1s4p1", "s1s5h1", "s1s5p1", "s1s6h1", "s1s6p1", "s1s7h1", "s1s7p1", "s1s8h1", "s1s8p1", "s1s9h1", "s1s9p1", "s1s10h1", "s1s10p1", "s1s11h1", "s1s11p1"]}, "anncomplete": true, "sources": [{"name": "ORIG", "id": "2nd_annotator4.tsv_37", "url": ""}], "metas": {"m_24": {"value": "false", "confidence": {"state": "pre-added", "who": ["user:annotator4"], "prob": 1}}, "m_17": {"value": false, "confidence": {"state": "pre-added", "who": ["user:annotator4"], "prob": 1}}}, "entities": [{"classId": "e_33", "part": "s1s2p1", "offsets": [{"start": 20, "text": "Bitter Orange Extract"}], "coordinates": [], "confidence": {"state": "pre-added", "who": ["user:annotator4"], "prob": 1}, "fields": {}, "normalizations": {}}, {"classId": "e_61", "part": "s1s2p1", "offsets": [{"start": 46, "text": "p-Synephrine"}], "coordinates": [], "confidence": {"state": "pre-added", "who": ["ml:regex"], "prob": 0}, "fields": {}, "normalizations": {}}, {"classId": "e_61", "part": "s1s7p1", "offsets": [{"start": 2, "text": "p-Synephrine"}], "coordinates": [], "confidence": {"state": "pre-added", "who": ["user:annotator4"], "prob": 1}, "fields": {}, "normalizations": {}}, {"classId": "e_33", "part": "s1s7p1", "offsets": [{"start": 51, "text": "bitter orange"}], "coordinates": [], "confidence": {"state": "pre-added", "who": ["user:annotator4"], "prob": 1}, "fields": {}, "normalizations": {}}, {"classId": "e_33", "part": "s1s7p1", "offsets": [{"start": 66, "text": "Citrus aurantium"}], "coordinates": [], "confidence": {"state": "pre-added", "who": ["user:annotator4"], "prob": 1}, "fields": {}, "normalizations": {}}, {"classId": "e_33", "part": "s1s7p1", "offsets": [{"start": 292, "text": "bitter orange extract"}], "coordinates": [], "confidence": {"state": "pre-added", "who": ["ml:regex"], "prob": 0}, "fields": {}, "normalizations": {}}, {"classId": "e_33", "part": "s1s7p1", "offsets": [{"start": 390, "text": "bitter orange extract"}], "coordinates": [], "confidence": {"state": "pre-added", "who": ["ml:regex"], "prob": 0}, "fields": {}, "normalizations": {}}, {"classId": "e_61", "part": "s1s7p1", "offsets": [{"start": 541, "text": "p-synephrine"}], "coordinates": [], "confidence": {"state": "pre-added", "who": ["ml:regex"], "prob": 0}, "fields": {}, "normalizations": {}}, {"classId": "e_61", "part": "s1s7p1", "offsets": [{"start": 946, "text": "p-synephrine"}], "coordinates": [], "confidence": {"state": "pre-added", "who": ["ml:regex"], "prob": 0}, "fields": {}, "normalizations": {}}, {"classId": "e_61", "part": "s1s7p1", "offsets": [{"start": 974, "text": "p-synephrine"}], "coordinates": [], "confidence": {"state": "pre-added", "who": ["ml:regex"], "prob": 0}, "fields": {}, "normalizations": {}}], "relations": [{"classId": "r_46", "type": "linked", "directed": false, "entities": ["s1s7p1|e_33|66,81", "s1s7p1|e_33|51,63"], "confidence": {"state": "pre-added", "who": ["user:annotator4"], "prob": 1}}, {"classId": "r_62", "type": "linked", "directed": false, "entities": ["s1s7p1|e_61|2,13", "s1s7p1|e_33|51,63"], "confidence": {"state": "pre-added", "who": ["user:annotator4"], "prob": 1}}, {"classId": "r_62", "type": "linked", "directed": false, "entities": ["s1s7p1|e_61|2,13", "s1s7p1|e_33|292,312"], "confidence": {"state": "pre-added", "who": ["user:annotator4"], "prob": 1}}]}