{"annotatable": {"parts": ["s1s1h1", "s1s1p1", "s1s2h1", "s1s2p1", "s1s3h1", "s1s3p1", "s1s4h1", "s1s4p1", "s1s5h1", "s1s5p1"]}, "anncomplete": true, "sources": [], "metas": {"m_17": {"value": true, "confidence": {"state": "pre-added", "who": ["user:annotator1"], "prob": 1}}, "m_24": {"value": "others", "confidence": {"state": "pre-added", "who": ["user:annotator1"], "prob": 1}}}, "entities": [{"classId": "e_33", "part": "s1s1p1", "offsets": [{"start": 0, "text": "Green tea"}], "coordinates": [], "confidence": {"state": "pre-added", "who": ["ml:regex"], "prob": 0}, "fields": {}, "normalizations": {}}, {"classId": "e_29", "part": "s1s1p1", "offsets": [{"start": 61, "text": "nadolol"}], "coordinates": [], "confidence": {"state": "pre-added", "who": ["ml:regex"], "prob": 0}, "fields": {}, "normalizations": {}}, {"classId": "e_33", "part": "s1s4p1", "offsets": [{"start": 0, "text": "Green tea"}], "coordinates": [], "confidence": {"state": "pre-added", "who": ["ml:regex"], "prob": 0}, "fields": {}, "normalizations": {}}, {"classId": "e_33", "part": "s1s5p1", "offsets": [{"start": 44, "text": "green tea"}], "coordinates": [], "confidence": {"state": "pre-added", "who": ["user:annotator1"], "prob": 1}, "fields": {}, "normalizations": {}}, {"classId": "e_29", "part": "s1s5p1", "offsets": [{"start": 116, "text": "nadolol"}], "coordinates": [], "confidence": {"state": "pre-added", "who": ["ml:regex", "user:annotator1"], "prob": 1}, "fields": {}, "normalizations": {}}, {"classId": "e_29", "part": "s1s5p1", "offsets": [{"start": 185, "text": "nadolol"}], "coordinates": [], "confidence": {"state": "pre-added", "who": ["ml:regex"], "prob": 0}, "fields": {}, "normalizations": {}}, {"classId": "e_33", "part": "s1s5p1", "offsets": [{"start": 198, "text": "green tea"}], "coordinates": [], "confidence": {"state": "pre-added", "who": ["ml:regex"], "prob": 0}, "fields": {}, "normalizations": {}}, {"classId": "e_33", "part": "s1s5p1", "offsets": [{"start": 247, "text": "green tea"}], "coordinates": [], "confidence": {"state": "pre-added", "who": ["ml:regex", "user:annotator1"], "prob": 1}, "fields": {}, "normalizations": {}}, {"classId": "e_33", "part": "s1s5p1", "offsets": [{"start": 319, "text": "green tea"}], "coordinates": [], "confidence": {"state": "pre-added", "who": ["ml:regex"], "prob": 0}, "fields": {}, "normalizations": {}}, {"classId": "e_33", "part": "s1s5p1", "offsets": [{"start": 357, "text": "Green tea"}], "coordinates": [], "confidence": {"state": "pre-added", "who": ["ml:regex"], "prob": 0}, "fields": {}, "normalizations": {}}, {"classId": "e_34", "part": "s1s5p1", "offsets": [{"start": 357, "text": "Green tea markedly decreased the maximum plasma concentration (C(max)) and area under the plasma concentration-time curve (AUC(0-48)) of nadolol by 85.3% and 85.0%, respectively (P < 0.01), without altering renal clearance of nadolol."}], "coordinates": [], "confidence": {"state": "pre-added", "who": ["user:annotator1"], "prob": 1}, "fields": {}, "normalizations": {}}, {"classId": "e_29", "part": "s1s5p1", "offsets": [{"start": 583, "text": "nadolol"}], "coordinates": [], "confidence": {"state": "pre-added", "who": ["user:annotator1"], "prob": 1}, "fields": {}, "normalizations": {}}, {"classId": "e_27", "part": "s1s5p1", "offsets": [{"start": 592, "text": "The effects of nadolol on systolic blood pressure were significantly reduced by green tea."}], "coordinates": [], "confidence": {"state": "pre-added", "who": ["user:annotator1"], "prob": 1}, "fields": {}, "normalizations": {}}, {"classId": "e_29", "part": "s1s5p1", "offsets": [{"start": 607, "text": "nadolol"}], "coordinates": [], "confidence": {"state": "pre-added", "who": ["ml:regex", "user:annotator1"], "prob": 1}, "fields": {}, "normalizations": {}}, {"classId": "e_33", "part": "s1s5p1", "offsets": [{"start": 672, "text": "green tea"}], "coordinates": [], "confidence": {"state": "pre-added", "who": ["ml:regex", "user:annotator1"], "prob": 1}, "fields": {}, "normalizations": {}}, {"classId": "e_29", "part": "s1s5p1", "offsets": [{"start": 690, "text": "Nadolol"}], "coordinates": [], "confidence": {"state": "pre-added", "who": ["ml:regex"], "prob": 0}, "fields": {}, "normalizations": {}}, {"classId": "e_28", "part": "s1s5p1", "offsets": [{"start": 770, "text": "organic anion-transporting polypeptides"}], "coordinates": [], "confidence": {"state": "pre-added", "who": ["user:annotator1"], "prob": 1}, "fields": {}, "normalizations": {}}, {"classId": "e_28", "part": "s1s5p1", "offsets": [{"start": 810, "text": "OATP1A2"}], "coordinates": [], "confidence": {"state": "pre-added", "who": ["ml:regex"], "prob": 0}, "fields": {}, "normalizations": {}}, {"classId": "e_29", "part": "s1s5p1", "offsets": [{"start": 844, "text": "nadolol"}], "coordinates": [], "confidence": {"state": "pre-added", "who": ["ml:regex"], "prob": 0}, "fields": {}, "normalizations": {}}, {"classId": "e_28", "part": "s1s5p1", "offsets": [{"start": 870, "text": "OATP1A2"}], "coordinates": [], "confidence": {"state": "pre-added", "who": ["ml:regex"], "prob": 0}, "fields": {}, "normalizations": {}}, {"classId": "e_27", "part": "s1s5p1", "offsets": [{"start": 940, "text": "Moreover, green tea significantly inhibited OATP1A2-mediated nadolol uptake (half-maximal inhibitory concentration, IC(50) = 1.36%)."}], "coordinates": [], "confidence": {"state": "pre-added", "who": ["user:annotator1"], "prob": 1}, "fields": {}, "normalizations": {}}, {"classId": "e_33", "part": "s1s5p1", "offsets": [{"start": 950, "text": "green tea"}], "coordinates": [], "confidence": {"state": "pre-added", "who": ["ml:regex", "user:annotator1"], "prob": 1}, "fields": {}, "normalizations": {}}, {"classId": "e_28", "part": "s1s5p1", "offsets": [{"start": 984, "text": "OATP1A2"}], "coordinates": [], "confidence": {"state": "pre-added", "who": ["user:annotator1"], "prob": 1}, "fields": {}, "normalizations": {}}, {"classId": "e_29", "part": "s1s5p1", "offsets": [{"start": 1001, "text": "nadolol"}], "coordinates": [], "confidence": {"state": "pre-added", "who": ["ml:regex", "user:annotator1"], "prob": 1}, "fields": {}, "normalizations": {}}, {"classId": "e_27", "part": "s1s5p1", "offsets": [{"start": 1073, "text": "These results suggest that green tea reduces plasma concentrations of nadolol possibly in part by inhibition of OATP1A2-mediated uptake of nadolol in the intestine."}], "coordinates": [], "confidence": {"state": "pre-added", "who": ["user:annotator1"], "prob": 1}, "fields": {}, "normalizations": {}}, {"classId": "e_33", "part": "s1s5p1", "offsets": [{"start": 1100, "text": "green tea"}], "coordinates": [], "confidence": {"state": "pre-added", "who": ["ml:regex", "user:annotator1"], "prob": 1}, "fields": {}, "normalizations": {}}, {"classId": "e_29", "part": "s1s5p1", "offsets": [{"start": 1143, "text": "nadolol"}], "coordinates": [], "confidence": {"state": "pre-added", "who": ["ml:regex", "user:annotator1"], "prob": 1}, "fields": {}, "normalizations": {}}, {"classId": "e_28", "part": "s1s5p1", "offsets": [{"start": 1185, "text": "OATP1A2"}], "coordinates": [], "confidence": {"state": "pre-added", "who": ["user:annotator1"], "prob": 1}, "fields": {}, "normalizations": {}}, {"classId": "e_29", "part": "s1s5p1", "offsets": [{"start": 1212, "text": "nadolol"}], "coordinates": [], "confidence": {"state": "pre-added", "who": ["ml:regex"], "prob": 0}, "fields": {}, "normalizations": {}}], "relations": [{"classId": "r_35", "type": "linked", "directed": false, "entities": ["s1s5p1|e_33|672,680", "s1s5p1|e_27|592,681"], "confidence": {"state": "pre-added", "who": ["user:annotator1"], "prob": 1}}, {"classId": "r_35", "type": "linked", "directed": false, "entities": ["s1s5p1|e_33|950,958", "s1s5p1|e_27|940,1071"], "confidence": {"state": "pre-added", "who": ["user:annotator1"], "prob": 1}}, {"classId": "r_35", "type": "linked", "directed": false, "entities": ["s1s5p1|e_33|1100,1108", "s1s5p1|e_27|1073,1236"], "confidence": {"state": "pre-added", "who": ["user:annotator1"], "prob": 1}}, {"classId": "r_36", "type": "linked", "directed": false, "entities": ["s1s5p1|e_29|607,613", "s1s5p1|e_27|592,681"], "confidence": {"state": "pre-added", "who": ["user:annotator1"], "prob": 1}}, {"classId": "r_36", "type": "linked", "directed": false, "entities": ["s1s5p1|e_29|1001,1007", "s1s5p1|e_27|940,1071"], "confidence": {"state": "pre-added", "who": ["user:annotator1"], "prob": 1}}, {"classId": "r_36", "type": "linked", "directed": false, "entities": ["s1s5p1|e_29|1143,1149", "s1s5p1|e_27|1073,1236"], "confidence": {"state": "pre-added", "who": ["user:annotator1"], "prob": 1}}, {"classId": "r_37", "type": "linked", "directed": false, "entities": ["s1s5p1|e_29|583,589", "s1s5p1|e_34|357,590"], "confidence": {"state": "pre-added", "who": ["user:annotator1"], "prob": 1}}, {"classId": "r_41", "type": "linked", "directed": false, "entities": ["s1s5p1|e_28|984,990", "s1s5p1|e_27|940,1071"], "confidence": {"state": "pre-added", "who": ["user:annotator1"], "prob": 1}}, {"classId": "r_41", "type": "linked", "directed": false, "entities": ["s1s5p1|e_28|1185,1191", "s1s5p1|e_27|1073,1236"], "confidence": {"state": "pre-added", "who": ["user:annotator1"], "prob": 1}}, {"classId": "r_48", "type": "linked", "directed": false, "entities": ["s1s5p1|e_28|770,808", "s1s5p1|e_28|810,816"], "confidence": {"state": "pre-added", "who": ["user:annotator1"], "prob": 1}}]}