{"annotatable": {"parts": ["s1s1h1", "s1s1p1", "s1s2h1", "s1s2p1", "s1s3h1", "s1s3p1", "s1s4h1", "s1s4p1", "s1s5h1", "s1s5p1"]}, "anncomplete": true, "sources": [], "metas": {"m_24": {"value": "animal in-vivo", "confidence": {"state": "pre-added", "who": ["user:jykahng13"], "prob": 1}}, "m_17": {"value": true, "confidence": {"state": "pre-added", "who": ["user:jykahng13"], "prob": 1}}}, "entities": [{"classId": "e_33", "part": "s1s1p1", "offsets": [{"start": 0, "text": "Polygonum viviparum"}], "coordinates": [], "confidence": {"state": "pre-added", "who": ["ml:regex"], "prob": 0}, "fields": {}, "normalizations": {}}, {"classId": "e_27", "part": "s1s4p1", "offsets": [{"start": 0, "text": "Polygonum viviparum"}], "coordinates": [], "confidence": {"state": "pre-added", "who": ["user:jykahng13"], "prob": 1}, "fields": {}, "normalizations": {}}, {"classId": "e_33", "part": "s1s5p1", "offsets": [{"start": 29, "text": "Polygonum viviparum"}], "coordinates": [], "confidence": {"state": "pre-added", "who": ["ml:regex", "user:jykahng13"], "prob": 1}, "fields": {}, "normalizations": {}}, {"classId": "e_33", "part": "s1s5p1", "offsets": [{"start": 53, "text": "PV"}], "coordinates": [], "confidence": {"state": "pre-added", "who": ["ml:regex", "user:jykahng13"], "prob": 1}, "fields": {}, "normalizations": {}}, {"classId": "e_33", "part": "s1s5p1", "offsets": [{"start": 348, "text": "PV"}], "coordinates": [], "confidence": {"state": "pre-added", "who": ["user:jykahng13"], "prob": 1}, "fields": {}, "normalizations": {}}, {"classId": "e_33", "part": "s1s5p1", "offsets": [{"start": 492, "text": "PV"}], "coordinates": [], "confidence": {"state": "pre-added", "who": ["ml:regex"], "prob": 0}, "fields": {}, "normalizations": {}}, {"classId": "e_30", "part": "s1s5p1", "offsets": [{"start": 569, "text": "Therefore, this study focused on how PV improves the vascular circulation and acts on vascular tissues.In this study, we isolated aortas from Sprague-Dawley rats (male, weight about 250~350 g), and detected the effects of PV on phenylephrine (PE)-induced contraction and cyclic guanosine 3',5'-monophosphate (cGMP) formation using aortic rings."}], "coordinates": [], "confidence": {"state": "pre-added", "who": ["user:jykahng13"], "prob": 1}, "fields": {}, "normalizations": {}}, {"classId": "e_33", "part": "s1s5p1", "offsets": [{"start": 606, "text": "PV"}], "coordinates": [], "confidence": {"state": "pre-added", "who": ["ml:regex"], "prob": 0}, "fields": {}, "normalizations": {}}, {"classId": "e_33", "part": "s1s5p1", "offsets": [{"start": 791, "text": "PV"}], "coordinates": [], "confidence": {"state": "pre-added", "who": ["ml:regex"], "prob": 0}, "fields": {}, "normalizations": {}}, {"classId": "e_29", "part": "s1s5p1", "offsets": [{"start": 797, "text": "phenylephrine"}], "coordinates": [], "confidence": {"state": "pre-added", "who": ["user:jykahng13"], "prob": 1}, "fields": {}, "normalizations": {}}, {"classId": "e_29", "part": "s1s5p1", "offsets": [{"start": 812, "text": "PE"}], "coordinates": [], "confidence": {"state": "pre-added", "who": ["user:jykahng13"], "prob": 1}, "fields": {}, "normalizations": {}}, {"classId": "e_33", "part": "s1s5p1", "offsets": [{"start": 1216, "text": "PV"}], "coordinates": [], "confidence": {"state": "pre-added", "who": ["ml:regex"], "prob": 0}, "fields": {}, "normalizations": {}}, {"classId": "e_29", "part": "s1s5p1", "offsets": [{"start": 1244, "text": "PE"}], "coordinates": [], "confidence": {"state": "pre-added", "who": ["ml:regex", "user:jykahng13"], "prob": 1}, "fields": {}, "normalizations": {}}, {"classId": "e_27", "part": "s1s5p1", "offsets": [{"start": 1244, "text": "PE"}], "coordinates": [], "confidence": {"state": "pre-added", "who": ["user:jykahng13"], "prob": 1}, "fields": {}, "normalizations": {}}, {"classId": "e_33", "part": "s1s5p1", "offsets": [{"start": 1380, "text": "PV"}], "coordinates": [], "confidence": {"state": "pre-added", "who": ["ml:regex"], "prob": 0}, "fields": {}, "normalizations": {}}, {"classId": "e_33", "part": "s1s5p1", "offsets": [{"start": 1593, "text": "PV"}], "coordinates": [], "confidence": {"state": "pre-added", "who": ["ml:regex"], "prob": 0}, "fields": {}, "normalizations": {}}, {"classId": "e_33", "part": "s1s5p1", "offsets": [{"start": 1744, "text": "PV"}], "coordinates": [], "confidence": {"state": "pre-added", "who": ["ml:regex"], "prob": 0}, "fields": {}, "normalizations": {}}, {"classId": "e_33", "part": "s1s5p1", "offsets": [{"start": 1934, "text": "PV"}], "coordinates": [], "confidence": {"state": "pre-added", "who": ["ml:regex"], "prob": 0}, "fields": {}, "normalizations": {}}, {"classId": "e_27", "part": "s1s5p1", "offsets": [{"start": 2051, "text": "The results suggest that PV possesses vasorelaxing action in an endothelium-dependent manner and works through activating Ca2+/calmodulin- dependent NO synthesis; when NO is released and then transferred to smooth muscle cells, NO activates guanylyl cyclase and increases cGMP formation, ultimately resulting in vasorelaxation."}], "coordinates": [], "confidence": {"state": "pre-added", "who": ["user:jykahng13"], "prob": 1}, "fields": {}, "normalizations": {}}, {"classId": "e_33", "part": "s1s5p1", "offsets": [{"start": 2076, "text": "PV"}], "coordinates": [], "confidence": {"state": "pre-added", "who": ["ml:regex", "user:jykahng13"], "prob": 1}, "fields": {}, "normalizations": {}}, {"classId": "e_33", "part": "s1s5p1", "offsets": [{"start": 2385, "text": "PV"}], "coordinates": [], "confidence": {"state": "pre-added", "who": ["ml:regex"], "prob": 0}, "fields": {}, "normalizations": {}}], "relations": [{"classId": "r_35", "type": "linked", "directed": false, "entities": ["s1s5p1|e_33|2076,2077", "s1s5p1|e_27|2051,2377"], "confidence": {"state": "pre-added", "who": ["user:jykahng13"], "prob": 1}}, {"classId": "r_36", "type": "linked", "directed": false, "entities": ["s1s5p1|e_29|797,809", "s1s5p1|e_27|2051,2377"], "confidence": {"state": "pre-added", "who": ["user:jykahng13"], "prob": 1}}, {"classId": "r_43", "type": "linked", "directed": false, "entities": ["s1s5p1|e_29|812,813", "s1s5p1|e_29|797,809"], "confidence": {"state": "pre-added", "who": ["user:jykahng13"], "prob": 1}}, {"classId": "r_46", "type": "linked", "directed": false, "entities": ["s1s5p1|e_33|53,54", "s1s5p1|e_33|29,47"], "confidence": {"state": "pre-added", "who": ["user:jykahng13"], "prob": 1}}]}