{"annotatable": {"parts": ["s1s1h1", "s1s1p1", "s1s2h1", "s1s2p1", "s1s3h1", "s1s3p1", "s1s4h1", "s1s4p1", "s1s5h1", "s1s5p1"]}, "anncomplete": true, "sources": [], "metas": {"m_17": {"value": true, "confidence": {"state": "pre-added", "who": ["user:hyesu1010"], "prob": 1}}, "m_24": {"value": "others", "confidence": {"state": "pre-added", "who": ["user:hyesu1010"], "prob": 1}}}, "entities": [{"classId": "e_33", "part": "s1s2p1", "offsets": [{"start": 44, "text": "cherries"}], "coordinates": [], "confidence": {"state": "pre-added", "who": ["ml:regex"], "prob": 0}, "fields": {}, "normalizations": {}}, {"classId": "e_33", "part": "s1s3p1", "offsets": [{"start": 0, "text": "cherry"}], "coordinates": [], "confidence": {"state": "pre-added", "who": ["ml:regex"], "prob": 0}, "fields": {}, "normalizations": {}}, {"classId": "e_29", "part": "s1s4p1", "offsets": [{"start": 0, "text": "acetylsalicylic acid"}], "coordinates": [], "confidence": {"state": "pre-added", "who": ["ml:regex"], "prob": 0}, "fields": {}, "normalizations": {}}, {"classId": "e_29", "part": "s1s5p1", "offsets": [{"start": 17, "text": "salicylic acid"}], "coordinates": [], "confidence": {"state": "pre-added", "who": ["user:hyesu1010"], "prob": 1}, "fields": {}, "normalizations": {}}, {"classId": "e_29", "part": "s1s5p1", "offsets": [{"start": 33, "text": "SA"}], "coordinates": [], "confidence": {"state": "pre-added", "who": ["ml:regex"], "prob": 0}, "fields": {}, "normalizations": {}}, {"classId": "e_29", "part": "s1s5p1", "offsets": [{"start": 40, "text": "acetylsalicylic acid"}], "coordinates": [], "confidence": {"state": "pre-added", "who": ["user:hyesu1010"], "prob": 1}, "fields": {}, "normalizations": {}}, {"classId": "e_29", "part": "s1s5p1", "offsets": [{"start": 62, "text": "ASA"}], "coordinates": [], "confidence": {"state": "pre-added", "who": ["ml:regex"], "prob": 0}, "fields": {}, "normalizations": {}}, {"classId": "e_33", "part": "s1s5p1", "offsets": [{"start": 93, "text": "cherry"}], "coordinates": [], "confidence": {"state": "pre-added", "who": ["user:hyesu1010"], "prob": 1}, "fields": {}, "normalizations": {}}, {"classId": "e_30", "part": "s1s5p1", "offsets": [{"start": 271, "text": "For this purpose, two sweet cherry cultivars, 'Sweet Heart' and 'Sweet Late', were used and SA or ASA treatments, at 0.5, 1.0 and 2.0mM concentrations, were applied at three key points of fruit development (pit hardening, initial colour changes and onset of ripening)."}], "coordinates": [], "confidence": {"state": "pre-added", "who": ["user:hyesu1010"], "prob": 1}, "fields": {}, "normalizations": {}}, {"classId": "e_29", "part": "s1s5p1", "offsets": [{"start": 363, "text": "SA"}], "coordinates": [], "confidence": {"state": "pre-added", "who": ["user:hyesu1010"], "prob": 1}, "fields": {}, "normalizations": {}}, {"classId": "e_29", "part": "s1s5p1", "offsets": [{"start": 369, "text": "ASA"}], "coordinates": [], "confidence": {"state": "pre-added", "who": ["user:hyesu1010"], "prob": 1}, "fields": {}, "normalizations": {}}, {"classId": "e_27", "part": "s1s5p1", "offsets": [{"start": 540, "text": "These treatments increased fruit weight and ameliorated quality attributes at commercial harvest, and led to cherries with higher concentration in total phenolics and in total anthocyanins, as well as higher antioxidant activity, in both hydrophilic and lipophilic fractions."}], "coordinates": [], "confidence": {"state": "pre-added", "who": ["user:hyesu1010"], "prob": 1}, "fields": {}, "normalizations": {}}, {"classId": "e_33", "part": "s1s5p1", "offsets": [{"start": 649, "text": "cherries"}], "coordinates": [], "confidence": {"state": "pre-added", "who": ["user:hyesu1010"], "prob": 1}, "fields": {}, "normalizations": {}}, {"classId": "e_29", "part": "s1s5p1", "offsets": [{"start": 849, "text": "SA"}], "coordinates": [], "confidence": {"state": "pre-added", "who": ["ml:regex"], "prob": 0}, "fields": {}, "normalizations": {}}, {"classId": "e_29", "part": "s1s5p1", "offsets": [{"start": 855, "text": "ASA"}], "coordinates": [], "confidence": {"state": "pre-added", "who": ["ml:regex"], "prob": 0}, "fields": {}, "normalizations": {}}, {"classId": "e_33", "part": "s1s5p1", "offsets": [{"start": 901, "text": "cherry"}], "coordinates": [], "confidence": {"state": "pre-added", "who": ["ml:regex"], "prob": 0}, "fields": {}, "normalizations": {}}], "relations": [{"classId": "r_35", "type": "linked", "directed": false, "entities": ["s1s5p1|e_33|649,656", "s1s5p1|e_27|540,814"], "confidence": {"state": "pre-added", "who": ["user:hyesu1010"], "prob": 1}}, {"classId": "r_36", "type": "linked", "directed": false, "entities": ["s1s5p1|e_29|363,364", "s1s5p1|e_27|540,814"], "confidence": {"state": "pre-added", "who": ["user:hyesu1010"], "prob": 1}}, {"classId": "r_36", "type": "linked", "directed": false, "entities": ["s1s5p1|e_29|369,371", "s1s5p1|e_27|540,814"], "confidence": {"state": "pre-added", "who": ["user:hyesu1010"], "prob": 1}}, {"classId": "r_38", "type": "linked", "directed": false, "entities": ["s1s5p1|e_30|271,538", "s1s5p1|e_27|540,814"], "confidence": {"state": "pre-added", "who": ["user:hyesu1010"], "prob": 1}}, {"classId": "r_43", "type": "linked", "directed": false, "entities": ["s1s5p1|e_29|17,30", "s1s5p1|e_29|363,364"], "confidence": {"state": "pre-added", "who": ["user:hyesu1010"], "prob": 1}}, {"classId": "r_43", "type": "linked", "directed": false, "entities": ["s1s5p1|e_29|40,59", "s1s5p1|e_29|369,371"], "confidence": {"state": "pre-added", "who": ["user:hyesu1010"], "prob": 1}}, {"classId": "r_46", "type": "linked", "directed": false, "entities": ["s1s5p1|e_33|93,98", "s1s5p1|e_33|649,656"], "confidence": {"state": "pre-added", "who": ["user:hyesu1010"], "prob": 1}}]}