{"annotatable": {"parts": ["s1s1h1", "s1s1p1", "s1s2h1", "s1s2p1", "s1s3h1", "s1s3p1", "s1s4h1", "s1s4p1", "s1s5h1", "s1s5p1", "s1s6h1", "s1s6p1", "s1s7h1", "s1s7p1", "s1s8h1", "s1s8p1", "s1s9h1", "s1s9p1", "s1s10h1", "s1s10p1", "s1s11h1", "s1s11p1"]}, "anncomplete": false, "sources": [], "metas": {"m_24": {"value": "in-vitro", "confidence": {"state": "pre-added", "who": ["user:annotator2"], "prob": 1}}, "m_17": {"value": true, "confidence": {"state": "pre-added", "who": ["user:annotator2"], "prob": 1}}}, "entities": [{"classId": "e_29", "part": "s1s2p1", "offsets": [{"start": 24, "text": "trypsin"}], "coordinates": [], "confidence": {"state": "pre-added", "who": ["ml:regex"], "prob": 0}, "fields": {}, "normalizations": {}}, {"classId": "e_33", "part": "s1s2p1", "offsets": [{"start": 66, "text": "melon"}], "coordinates": [], "confidence": {"state": "pre-added", "who": ["ml:regex"], "prob": 0}, "fields": {}, "normalizations": {}}, {"classId": "e_33", "part": "s1s2p1", "offsets": [{"start": 73, "text": "Cucumis melo"}], "coordinates": [], "confidence": {"state": "pre-added", "who": ["ml:regex"], "prob": 0}, "fields": {}, "normalizations": {}}, {"classId": "e_33", "part": "s1s5p1", "offsets": [{"start": 0, "text": "squash"}], "coordinates": [], "confidence": {"state": "pre-added", "who": ["ml:regex"], "prob": 0}, "fields": {}, "normalizations": {}}, {"classId": "e_29", "part": "s1s6p1", "offsets": [{"start": 0, "text": "trypsin"}], "coordinates": [], "confidence": {"state": "pre-added", "who": ["ml:regex"], "prob": 0}, "fields": {}, "normalizations": {}}, {"classId": "e_61", "part": "s1s7p1", "offsets": [{"start": 19, "text": "CMCTI-I"}], "coordinates": [], "confidence": {"state": "pre-added", "who": ["user:annotator2"], "prob": 1}, "fields": {}, "normalizations": {}}, {"classId": "e_33", "part": "s1s7p1", "offsets": [{"start": 78, "text": "melon"}], "coordinates": [], "confidence": {"state": "pre-added", "who": ["user:annotator2"], "prob": 1}, "fields": {}, "normalizations": {}}, {"classId": "e_33", "part": "s1s7p1", "offsets": [{"start": 85, "text": "Cucumis melo"}], "coordinates": [], "confidence": {"state": "pre-added", "who": ["user:annotator2"], "prob": 1}, "fields": {}, "normalizations": {}}, {"classId": "e_33", "part": "s1s7p1", "offsets": [{"start": 402, "text": "squash"}], "coordinates": [], "confidence": {"state": "pre-added", "who": ["user:annotator2"], "prob": 1}, "fields": {}, "normalizations": {}}, {"classId": "e_27", "part": "s1s7p1", "offsets": [{"start": 428, "text": "All three inhibitors can inhibit lysyl endopeptidase and trypsin at the enzyme-inhibitor ratio of 1 : 1."}], "coordinates": [], "confidence": {"state": "pre-added", "who": ["user:annotator2"], "prob": 1}, "fields": {}, "normalizations": {}}, {"classId": "e_29", "part": "s1s7p1", "offsets": [{"start": 485, "text": "trypsin"}], "coordinates": [], "confidence": {"state": "pre-added", "who": ["user:annotator2"], "prob": 1}, "fields": {}, "normalizations": {}}], "relations": [{"classId": "r_35", "type": "linked", "directed": false, "entities": ["s1s7p1|e_33|402,407", "s1s7p1|e_27|428,531"], "confidence": {"state": "pre-added", "who": ["user:annotator2"], "prob": 1}}, {"classId": "r_36", "type": "linked", "directed": false, "entities": ["s1s7p1|e_29|485,491", "s1s7p1|e_27|428,531"], "confidence": {"state": "pre-added", "who": ["user:annotator2"], "prob": 1}}, {"classId": "r_46", "type": "linked", "directed": false, "entities": ["s1s7p1|e_33|78,82", "s1s7p1|e_33|85,96"], "confidence": {"state": "pre-added", "who": ["user:annotator2"], "prob": 1}}, {"classId": "r_62", "type": "linked", "directed": false, "entities": ["s1s7p1|e_33|78,82", "s1s7p1|e_61|19,25"], "confidence": {"state": "pre-added", "who": ["user:annotator2"], "prob": 1}}, {"classId": "r_62", "type": "linked", "directed": false, "entities": ["s1s7p1|e_33|402,407", "s1s7p1|e_61|19,25"], "confidence": {"state": "pre-added", "who": ["user:annotator2"], "prob": 1}}]}