{"annotatable": {"parts": ["s1s1h1", "s1s1p1", "s1s2h1", "s1s2p1", "s1s3h1", "s1s3p1", "s1s4h1", "s1s4p1", "s1s5h1", "s1s5p1"]}, "anncomplete": true, "sources": [], "metas": {"m_24": {"value": "in-vitro", "confidence": {"state": "pre-added", "who": ["user:hyesu1010"], "prob": 1}}, "m_17": {"value": true, "confidence": {"state": "pre-added", "who": ["user:hyesu1010"], "prob": 1}}}, "entities": [{"classId": "e_33", "part": "s1s2p1", "offsets": [{"start": 26, "text": "Sanguisorbae radix"}], "coordinates": [], "confidence": {"state": "pre-added", "who": ["ml:regex"], "prob": 0}, "fields": {}, "normalizations": {}}, {"classId": "e_33", "part": "s1s3p1", "offsets": [{"start": 0, "text": "Sanguisorba officinalis"}], "coordinates": [], "confidence": {"state": "pre-added", "who": ["ml:regex"], "prob": 0}, "fields": {}, "normalizations": {}}, {"classId": "e_29", "part": "s1s4p1", "offsets": [{"start": 0, "text": "verapamil"}], "coordinates": [], "confidence": {"state": "pre-added", "who": ["ml:regex"], "prob": 0}, "fields": {}, "normalizations": {}}, {"classId": "e_33", "part": "s1s5p1", "offsets": [{"start": 1, "text": "Sanguisorbae radix"}], "coordinates": [], "confidence": {"state": "pre-added", "who": ["user:hyesu1010"], "prob": 1}, "fields": {}, "normalizations": {}}, {"classId": "e_33", "part": "s1s5p1", "offsets": [{"start": 21, "text": "SR"}], "coordinates": [], "confidence": {"state": "pre-added", "who": ["user:hyesu1010"], "prob": 1}, "fields": {}, "normalizations": {}}, {"classId": "e_33", "part": "s1s5p1", "offsets": [{"start": 38, "text": "Sanguisorba officinalis"}], "coordinates": [], "confidence": {"state": "pre-added", "who": ["user:hyesu1010"], "prob": 1}, "fields": {}, "normalizations": {}}, {"classId": "e_33", "part": "s1s5p1", "offsets": [{"start": 212, "text": "SR"}], "coordinates": [], "confidence": {"state": "pre-added", "who": ["ml:regex"], "prob": 0}, "fields": {}, "normalizations": {}}, {"classId": "e_33", "part": "s1s5p1", "offsets": [{"start": 392, "text": "SR"}], "coordinates": [], "confidence": {"state": "pre-added", "who": ["ml:regex"], "prob": 0}, "fields": {}, "normalizations": {}}, {"classId": "e_33", "part": "s1s5p1", "offsets": [{"start": 522, "text": "SR"}], "coordinates": [], "confidence": {"state": "pre-added", "who": ["ml:regex", "user:hyesu1010"], "prob": 1}, "fields": {}, "normalizations": {}}, {"classId": "e_27", "part": "s1s5p1", "offsets": [{"start": 522, "text": "SR, over a concentration range of 10--50 microg/ml, inhibited H2O2 (100 microM)-induced neuronal death, which was significantly inhibited by MK-801 (5 microM), an N-methyl-D-aspartate (NMDA) receptor antagonist, and verapamil (20 microM), an L-type Ca2+ channel blocker."}], "coordinates": [], "confidence": {"state": "pre-added", "who": ["user:hyesu1010"], "prob": 1}, "fields": {}, "normalizations": {}}, {"classId": "e_29", "part": "s1s5p1", "offsets": [{"start": 738, "text": "verapamil"}], "coordinates": [], "confidence": {"state": "pre-added", "who": ["user:hyesu1010"], "prob": 1}, "fields": {}, "normalizations": {}}, {"classId": "e_33", "part": "s1s5p1", "offsets": [{"start": 809, "text": "SR"}], "coordinates": [], "confidence": {"state": "pre-added", "who": ["ml:regex"], "prob": 0}, "fields": {}, "normalizations": {}}, {"classId": "e_29", "part": "s1s5p1", "offsets": [{"start": 854, "text": "verapamil"}], "coordinates": [], "confidence": {"state": "pre-added", "who": ["ml:regex"], "prob": 0}, "fields": {}, "normalizations": {}}, {"classId": "e_33", "part": "s1s5p1", "offsets": [{"start": 995, "text": "SR"}], "coordinates": [], "confidence": {"state": "pre-added", "who": ["ml:regex", "user:hyesu1010"], "prob": 1}, "fields": {}, "normalizations": {}}, {"classId": "e_27", "part": "s1s5p1", "offsets": [{"start": 995, "text": "SR (10-50 microg/ml) inhibited H2O2-induced glutamate release into medium measured by HPLC, and generation of reactive oxygen species (ROS) measured by 2',7'-dichlorodihydrofluorescein diacetate (H2DCFDA)."}], "coordinates": [], "confidence": {"state": "pre-added", "who": ["user:hyesu1010"], "prob": 1}, "fields": {}, "normalizations": {}}, {"classId": "e_29", "part": "s1s5p1", "offsets": [{"start": 1039, "text": "glutamate"}], "coordinates": [], "confidence": {"state": "pre-added", "who": ["user:hyesu1010"], "prob": 1}, "fields": {}, "normalizations": {}}, {"classId": "e_33", "part": "s1s5p1", "offsets": [{"start": 1210, "text": "SR"}], "coordinates": [], "confidence": {"state": "pre-added", "who": ["ml:regex"], "prob": 0}, "fields": {}, "normalizations": {}}, {"classId": "e_33", "part": "s1s5p1", "offsets": [{"start": 1405, "text": "SR"}], "coordinates": [], "confidence": {"state": "pre-added", "who": ["ml:regex"], "prob": 0}, "fields": {}, "normalizations": {}}, {"classId": "e_33", "part": "s1s5p1", "offsets": [{"start": 1514, "text": "SR"}], "coordinates": [], "confidence": {"state": "pre-added", "who": ["ml:regex"], "prob": 0}, "fields": {}, "normalizations": {}}, {"classId": "e_27", "part": "s1s5p1", "offsets": [{"start": 1568, "text": "Taken together, these results suggest that SR inhibits H2O2-induced neuronal death by interfering with the increase of Ca2+i, and inhibiting glutamate release and generation of ROS, and that the neuroprotective effect of SR against focal cerebral ischemic injury is due to its anti-oxidative effects."}], "coordinates": [], "confidence": {"state": "pre-added", "who": ["user:hyesu1010"], "prob": 1}, "fields": {}, "normalizations": {}}, {"classId": "e_33", "part": "s1s5p1", "offsets": [{"start": 1611, "text": "SR"}], "coordinates": [], "confidence": {"state": "pre-added", "who": ["ml:regex", "user:hyesu1010"], "prob": 1}, "fields": {}, "normalizations": {}}, {"classId": "e_29", "part": "s1s5p1", "offsets": [{"start": 1709, "text": "glutamate"}], "coordinates": [], "confidence": {"state": "pre-added", "who": ["user:hyesu1010"], "prob": 1}, "fields": {}, "normalizations": {}}, {"classId": "e_33", "part": "s1s5p1", "offsets": [{"start": 1789, "text": "SR"}], "coordinates": [], "confidence": {"state": "pre-added", "who": ["ml:regex"], "prob": 0}, "fields": {}, "normalizations": {}}, {"classId": "e_33", "part": "s1s5p1", "offsets": [{"start": 1874, "text": "SR"}], "coordinates": [], "confidence": {"state": "pre-added", "who": ["ml:regex"], "prob": 0}, "fields": {}, "normalizations": {}}], "relations": [{"classId": "r_35", "type": "linked", "directed": false, "entities": ["s1s5p1|e_33|522,523", "s1s5p1|e_27|522,791"], "confidence": {"state": "pre-added", "who": ["user:hyesu1010"], "prob": 1}}, {"classId": "r_35", "type": "linked", "directed": false, "entities": ["s1s5p1|e_33|995,996", "s1s5p1|e_27|995,1199"], "confidence": {"state": "pre-added", "who": ["user:hyesu1010"], "prob": 1}}, {"classId": "r_35", "type": "linked", "directed": false, "entities": ["s1s5p1|e_33|1611,1612", "s1s5p1|e_27|1568,1867"], "confidence": {"state": "pre-added", "who": ["user:hyesu1010"], "prob": 1}}, {"classId": "r_36", "type": "linked", "directed": false, "entities": ["s1s5p1|e_29|738,746", "s1s5p1|e_27|522,791"], "confidence": {"state": "pre-added", "who": ["user:hyesu1010"], "prob": 1}}, {"classId": "r_36", "type": "linked", "directed": false, "entities": ["s1s5p1|e_29|1039,1047", "s1s5p1|e_27|995,1199"], "confidence": {"state": "pre-added", "who": ["user:hyesu1010"], "prob": 1}}, {"classId": "r_36", "type": "linked", "directed": false, "entities": ["s1s5p1|e_29|1709,1717", "s1s5p1|e_27|1568,1867"], "confidence": {"state": "pre-added", "who": ["user:hyesu1010"], "prob": 1}}, {"classId": "r_46", "type": "linked", "directed": false, "entities": ["s1s5p1|e_33|1,18", "s1s5p1|e_33|21,22"], "confidence": {"state": "pre-added", "who": ["user:hyesu1010"], "prob": 1}}, {"classId": "r_46", "type": "linked", "directed": false, "entities": ["s1s5p1|e_33|21,22", "s1s5p1|e_33|38,60"], "confidence": {"state": "pre-added", "who": ["user:hyesu1010"], "prob": 1}}]}