{"annotatable": {"parts": ["s1s1h1", "s1s1p1", "s1s2h1", "s1s2p1", "s1s3h1", "s1s3p1", "s1s4h1", "s1s4p1", "s1s5h1", "s1s5p1", "s1s6h1", "s1s6p1", "s1s7h1", "s1s7p1", "s1s8h1", "s1s8p1", "s1s9h1", "s1s9p1", "s1s10h1", "s1s10p1", "s1s11h1", "s1s11p1"]}, "anncomplete": true, "sources": [], "metas": {"m_24": {"value": "false", "confidence": {"state": "pre-added", "who": ["user:annotator2"], "prob": 1}}, "m_17": {"value": false, "confidence": {"state": "pre-added", "who": ["user:annotator2"], "prob": 1}}}, "entities": [{"classId": "e_33", "part": "s1s2p1", "offsets": [{"start": 94, "text": "curcumin"}], "coordinates": [], "confidence": {"state": "pre-added", "who": ["user:annotator2"], "prob": 1}, "fields": {}, "normalizations": {}}, {"classId": "e_33", "part": "s1s5p1", "offsets": [{"start": 0, "text": "turmeric"}], "coordinates": [], "confidence": {"state": "pre-added", "who": ["ml:regex"], "prob": 0}, "fields": {}, "normalizations": {}}, {"classId": "e_61", "part": "s1s7p1", "offsets": [{"start": 2, "text": "Curcumin"}], "coordinates": [], "confidence": {"state": "pre-added", "who": ["ml:regex", "user:annotator2"], "prob": 1}, "fields": {}, "normalizations": {}}, {"classId": "e_61", "part": "s1s7p1", "offsets": [{"start": 12, "text": "CUR"}], "coordinates": [], "confidence": {"state": "pre-added", "who": ["user:annotator2"], "prob": 1}, "fields": {}, "normalizations": {}}, {"classId": "e_33", "part": "s1s7p1", "offsets": [{"start": 64, "text": "turmeric"}], "coordinates": [], "confidence": {"state": "pre-added", "who": ["user:annotator2"], "prob": 1}, "fields": {}, "normalizations": {}}, {"classId": "e_33", "part": "s1s7p1", "offsets": [{"start": 80, "text": "Curcuma longa"}], "coordinates": [], "confidence": {"state": "pre-added", "who": ["user:annotator2"], "prob": 1}, "fields": {}, "normalizations": {}}, {"classId": "e_61", "part": "s1s7p1", "offsets": [{"start": 369, "text": "CUR"}], "coordinates": [], "confidence": {"state": "pre-added", "who": ["ml:regex"], "prob": 0}, "fields": {}, "normalizations": {}}, {"classId": "e_61", "part": "s1s7p1", "offsets": [{"start": 629, "text": "CUR"}], "coordinates": [], "confidence": {"state": "pre-added", "who": ["ml:regex"], "prob": 0}, "fields": {}, "normalizations": {}}, {"classId": "e_61", "part": "s1s7p1", "offsets": [{"start": 834, "text": "CUR"}], "coordinates": [], "confidence": {"state": "pre-added", "who": ["ml:regex"], "prob": 0}, "fields": {}, "normalizations": {}}, {"classId": "e_61", "part": "s1s7p1", "offsets": [{"start": 969, "text": "CUR"}], "coordinates": [], "confidence": {"state": "pre-added", "who": ["ml:regex"], "prob": 0}, "fields": {}, "normalizations": {}}, {"classId": "e_61", "part": "s1s7p1", "offsets": [{"start": 1038, "text": "CUR"}], "coordinates": [], "confidence": {"state": "pre-added", "who": ["ml:regex"], "prob": 0}, "fields": {}, "normalizations": {}}, {"classId": "e_61", "part": "s1s7p1", "offsets": [{"start": 1235, "text": "CUR"}], "coordinates": [], "confidence": {"state": "pre-added", "who": ["ml:regex"], "prob": 0}, "fields": {}, "normalizations": {}}, {"classId": "e_61", "part": "s1s7p1", "offsets": [{"start": 1339, "text": "CUR"}], "coordinates": [], "confidence": {"state": "pre-added", "who": ["ml:regex"], "prob": 0}, "fields": {}, "normalizations": {}}, {"classId": "e_61", "part": "s1s7p1", "offsets": [{"start": 1531, "text": "CUR"}], "coordinates": [], "confidence": {"state": "pre-added", "who": ["ml:regex"], "prob": 0}, "fields": {}, "normalizations": {}}], "relations": [{"classId": "r_46", "type": "linked", "directed": false, "entities": ["s1s7p1|e_33|80,92", "s1s7p1|e_33|64,71"], "confidence": {"state": "pre-added", "who": ["user:annotator2"], "prob": 1}}, {"classId": "r_62", "type": "linked", "directed": false, "entities": ["s1s7p1|e_61|12,14", "s1s7p1|e_33|64,71"], "confidence": {"state": "pre-added", "who": ["user:annotator2"], "prob": 1}}, {"classId": "r_62", "type": "linked", "directed": false, "entities": ["s1s7p1|e_33|64,71", "s1s7p1|e_61|2,9"], "confidence": {"state": "pre-added", "who": ["user:annotator2"], "prob": 1}}, {"classId": "r_63", "type": "linked", "directed": false, "entities": ["s1s7p1|e_61|12,14", "s1s7p1|e_61|2,9"], "confidence": {"state": "pre-added", "who": ["user:annotator2"], "prob": 1}}]}