{"annotatable": {"parts": ["s1s1h1", "s1s1p1", "s1s2h1", "s1s2p1", "s1s3h1", "s1s3p1", "s1s4h1", "s1s4p1", "s1s5h1", "s1s5p1"]}, "anncomplete": true, "sources": [], "metas": {"m_24": {"value": "RCTs", "confidence": {"state": "pre-added", "who": ["user:annotator3"], "prob": 1}}, "m_17": {"value": true, "confidence": {"state": "pre-added", "who": ["user:annotator3"], "prob": 1}}}, "entities": [{"classId": "e_33", "part": "s1s2p1", "offsets": [{"start": 33, "text": "grapefruit juice"}], "coordinates": [], "confidence": {"state": "pre-added", "who": ["ml:regex"], "prob": 0}, "fields": {}, "normalizations": {}}, {"classId": "e_29", "part": "s1s2p1", "offsets": [{"start": 128, "text": "alprazolam"}], "coordinates": [], "confidence": {"state": "pre-added", "who": ["ml:regex"], "prob": 0}, "fields": {}, "normalizations": {}}, {"classId": "e_29", "part": "s1s4p1", "offsets": [{"start": 0, "text": "alprazolam"}], "coordinates": [], "confidence": {"state": "pre-added", "who": ["ml:regex"], "prob": 0}, "fields": {}, "normalizations": {}}, {"classId": "e_33", "part": "s1s5p1", "offsets": [{"start": 39, "text": "grapefruit juice"}], "coordinates": [], "confidence": {"state": "pre-added", "who": ["ml:regex"], "prob": 0}, "fields": {}, "normalizations": {}}, {"classId": "e_29", "part": "s1s5p1", "offsets": [{"start": 190, "text": "alprazolam"}], "coordinates": [], "confidence": {"state": "pre-added", "who": ["ml:regex"], "prob": 0}, "fields": {}, "normalizations": {}}, {"classId": "e_33", "part": "s1s5p1", "offsets": [{"start": 307, "text": "grapefruit juice"}], "coordinates": [], "confidence": {"state": "pre-added", "who": ["ml:regex"], "prob": 0}, "fields": {}, "normalizations": {}}, {"classId": "e_29", "part": "s1s5p1", "offsets": [{"start": 370, "text": "alprazolam"}], "coordinates": [], "confidence": {"state": "pre-added", "who": ["ml:regex"], "prob": 0}, "fields": {}, "normalizations": {}}, {"classId": "e_29", "part": "s1s5p1", "offsets": [{"start": 459, "text": "alprazolam"}], "coordinates": [], "confidence": {"state": "pre-added", "who": ["ml:regex"], "prob": 0}, "fields": {}, "normalizations": {}}, {"classId": "e_33", "part": "s1s5p1", "offsets": [{"start": 527, "text": "Grapefruit juice"}], "coordinates": [], "confidence": {"state": "pre-added", "who": ["user:annotator3"], "prob": 1}, "fields": {}, "normalizations": {}}, {"classId": "e_27", "part": "s1s5p1", "offsets": [{"start": 527, "text": "Grapefruit juice altered neither the plasma concentrations of alprazolam at any time points, any pharmacokinetic parameters, nor the majority of psychomotor function parameters in subjects"}], "coordinates": [], "confidence": {"state": "pre-added", "who": ["user:annotator3"], "prob": 1}, "fields": {"f_20": {"value": true, "confidence": {"state": "pre-added", "who": ["user:annotator3"], "prob": 1}}}, "normalizations": {}}, {"classId": "e_29", "part": "s1s5p1", "offsets": [{"start": 589, "text": "alprazolam"}], "coordinates": [], "confidence": {"state": "pre-added", "who": ["user:annotator3"], "prob": 1}, "fields": {}, "normalizations": {}}, {"classId": "e_29", "part": "s1s5p1", "offsets": [{"start": 774, "text": "alprazolam"}], "coordinates": [], "confidence": {"state": "pre-added", "who": ["ml:regex"], "prob": 0}, "fields": {}, "normalizations": {}}, {"classId": "e_33", "part": "s1s5p1", "offsets": [{"start": 811, "text": "grapefruit juice"}], "coordinates": [], "confidence": {"state": "pre-added", "who": ["ml:regex"], "prob": 0}, "fields": {}, "normalizations": {}}, {"classId": "e_33", "part": "s1s5p1", "offsets": [{"start": 900, "text": "grapefruit juice"}], "coordinates": [], "confidence": {"state": "pre-added", "who": ["ml:regex"], "prob": 0}, "fields": {}, "normalizations": {}}, {"classId": "e_33", "part": "s1s5p1", "offsets": [{"start": 1012, "text": "Grapefruit juice"}], "coordinates": [], "confidence": {"state": "pre-added", "who": ["ml:regex", "user:annotator3"], "prob": 1}, "fields": {}, "normalizations": {}}, {"classId": "e_27", "part": "s1s5p1", "offsets": [{"start": 1012, "text": "Grapefruit juice altered neither the steady-state plasma concentration of alprazolam nor the clinical status in patients"}], "coordinates": [], "confidence": {"state": "pre-added", "who": ["user:annotator3"], "prob": 1}, "fields": {"f_20": {"value": true, "confidence": {"state": "pre-added", "who": ["user:annotator3"], "prob": 1}}}, "normalizations": {}}, {"classId": "e_29", "part": "s1s5p1", "offsets": [{"start": 1086, "text": "alprazolam"}], "coordinates": [], "confidence": {"state": "pre-added", "who": ["ml:regex", "user:annotator3"], "prob": 1}, "fields": {}, "normalizations": {}}, {"classId": "e_33", "part": "s1s5p1", "offsets": [{"start": 1163, "text": "grapefruit juice"}], "coordinates": [], "confidence": {"state": "pre-added", "who": ["ml:regex"], "prob": 0}, "fields": {}, "normalizations": {}}, {"classId": "e_29", "part": "s1s5p1", "offsets": [{"start": 1242, "text": "alprazolam"}], "coordinates": [], "confidence": {"state": "pre-added", "who": ["ml:regex"], "prob": 0}, "fields": {}, "normalizations": {}}], "relations": [{"classId": "r_35", "type": "linked", "directed": false, "entities": ["s1s5p1|e_33|527,542", "s1s5p1|e_27|527,714"], "confidence": {"state": "pre-added", "who": ["user:annotator3"], "prob": 1}}, {"classId": "r_35", "type": "linked", "directed": false, "entities": ["s1s5p1|e_33|1012,1027", "s1s5p1|e_27|1012,1131"], "confidence": {"state": "pre-added", "who": ["user:annotator3"], "prob": 1}}, {"classId": "r_36", "type": "linked", "directed": false, "entities": ["s1s5p1|e_29|589,598", "s1s5p1|e_27|527,714"], "confidence": {"state": "pre-added", "who": ["user:annotator3"], "prob": 1}}, {"classId": "r_36", "type": "linked", "directed": false, "entities": ["s1s5p1|e_29|1086,1095", "s1s5p1|e_27|1012,1131"], "confidence": {"state": "pre-added", "who": ["user:annotator3"], "prob": 1}}]}