{"annotatable": {"parts": ["s1s1h1", "s1s1p1", "s1s2h1", "s1s2p1", "s1s3h1", "s1s3p1", "s1s4h1", "s1s4p1", "s1s5h1", "s1s5p1"]}, "anncomplete": true, "sources": [], "metas": {"m_24": {"value": "in-vitro", "confidence": {"state": "pre-added", "who": ["user:annotator5"], "prob": 1}}, "m_17": {"value": true, "confidence": {"state": "pre-added", "who": ["user:annotator5"], "prob": 1}}}, "entities": [{"classId": "e_61", "part": "s1s2p1", "offsets": [{"start": 18, "text": "tanshinone IIA"}], "coordinates": [], "confidence": {"state": "pre-added", "who": ["ml:regex"], "prob": 0}, "fields": {}, "normalizations": {}}, {"classId": "e_33", "part": "s1s3p1", "offsets": [{"start": 0, "text": "Salvia"}], "coordinates": [], "confidence": {"state": "pre-added", "who": ["ml:regex"], "prob": 0}, "fields": {}, "normalizations": {}}, {"classId": "e_29", "part": "s1s4p1", "offsets": [{"start": 0, "text": "chlorzoxazone"}], "coordinates": [], "confidence": {"state": "pre-added", "who": ["ml:regex"], "prob": 0}, "fields": {}, "normalizations": {}}, {"classId": "e_33", "part": "s1s5p1", "offsets": [{"start": 5, "text": "Tanshinone IIA"}], "coordinates": [], "confidence": {"state": "pre-added", "who": ["ml:regex", "user:annotator5"], "prob": 1}, "fields": {}, "normalizations": {}}, {"classId": "e_33", "part": "s1s5p1", "offsets": [{"start": 80, "text": "Salvia"}], "coordinates": [], "confidence": {"state": "pre-added", "who": ["user:annotator5"], "prob": 1}, "fields": {}, "normalizations": {}}, {"classId": "e_27", "part": "s1s5p1", "offsets": [{"start": 101, "text": "In untreated mouse liver microsomes, tanshinone IIA selectively inhibited 7-ethoxyresorufin O-deethylation (EROD) and 7-methoxyresorufin O-demethylation (MROD) activities without affecting the oxidation of benzo(a)pyrene, tolbutamide, N-nitrosodimethylamine and nifedipine."}], "coordinates": [], "confidence": {"state": "pre-added", "who": ["user:annotator5"], "prob": 1}, "fields": {"f_20": {"value": true, "confidence": {"state": "pre-added", "who": ["user:annotator5"], "prob": 1}}}, "normalizations": {}}, {"classId": "e_61", "part": "s1s5p1", "offsets": [{"start": 138, "text": "tanshinone IIA"}], "coordinates": [], "confidence": {"state": "pre-added", "who": ["ml:regex", "user:annotator5"], "prob": 1}, "fields": {}, "normalizations": {}}, {"classId": "e_29", "part": "s1s5p1", "offsets": [{"start": 307, "text": "benzo(a)pyrene"}], "coordinates": [], "confidence": {"state": "pre-added", "who": ["user:annotator5"], "prob": 1}, "fields": {}, "normalizations": {}}, {"classId": "e_29", "part": "s1s5p1", "offsets": [{"start": 323, "text": "tolbutamide"}], "coordinates": [], "confidence": {"state": "pre-added", "who": ["user:annotator5"], "prob": 1}, "fields": {}, "normalizations": {}}, {"classId": "e_29", "part": "s1s5p1", "offsets": [{"start": 336, "text": "N-nitrosodimethylamine"}], "coordinates": [], "confidence": {"state": "pre-added", "who": ["user:annotator5"], "prob": 1}, "fields": {}, "normalizations": {}}, {"classId": "e_29", "part": "s1s5p1", "offsets": [{"start": 363, "text": "nifedipine"}], "coordinates": [], "confidence": {"state": "pre-added", "who": ["user:annotator5"], "prob": 1}, "fields": {}, "normalizations": {}}, {"classId": "e_61", "part": "s1s5p1", "offsets": [{"start": 375, "text": "Tanshinone IIA"}], "coordinates": [], "confidence": {"state": "pre-added", "who": ["ml:regex"], "prob": 0}, "fields": {}, "normalizations": {}}, {"classId": "e_27", "part": "s1s5p1", "offsets": [{"start": 469, "text": "In 3-methylcholanthrene-treated mouse liver microsomes, tanshinone IIA and two minor tanshinones, tanshinone I and cryptotanshinone, inhibited liver microsomal MROD activity without affecting EROD and benzo(a)pyrene hydroxylation activities at the concentrations up to 1 microM."}], "coordinates": [], "confidence": {"state": "pre-added", "who": ["user:annotator5"], "prob": 1}, "fields": {"f_20": {"value": true, "confidence": {"state": "pre-added", "who": ["user:annotator5"], "prob": 1}}}, "normalizations": {}}, {"classId": "e_61", "part": "s1s5p1", "offsets": [{"start": 525, "text": "tanshinone IIA"}], "coordinates": [], "confidence": {"state": "pre-added", "who": ["user:annotator5"], "prob": 1}, "fields": {}, "normalizations": {}}, {"classId": "e_61", "part": "s1s5p1", "offsets": [{"start": 567, "text": "tanshinone I"}], "coordinates": [], "confidence": {"state": "pre-added", "who": ["user:annotator5"], "prob": 1}, "fields": {}, "normalizations": {}}, {"classId": "e_61", "part": "s1s5p1", "offsets": [{"start": 584, "text": "cryptotanshinone"}], "coordinates": [], "confidence": {"state": "pre-added", "who": ["user:annotator5"], "prob": 1}, "fields": {}, "normalizations": {}}, {"classId": "e_29", "part": "s1s5p1", "offsets": [{"start": 670, "text": "benzo(a)pyrene"}], "coordinates": [], "confidence": {"state": "pre-added", "who": ["user:annotator5"], "prob": 1}, "fields": {}, "normalizations": {}}, {"classId": "e_61", "part": "s1s5p1", "offsets": [{"start": 748, "text": "Tanshinone IIA"}], "coordinates": [], "confidence": {"state": "pre-added", "who": ["ml:regex"], "prob": 0}, "fields": {}, "normalizations": {}}, {"classId": "e_27", "part": "s1s5p1", "offsets": [{"start": 887, "text": "In human liver microsomes, tanshinone IIA decreased EROD and MROD activities without affecting the oxidation of benzo(a)pyrene, tolbutamide, chlorzoxazone and nifedipine."}], "coordinates": [], "confidence": {"state": "pre-added", "who": ["user:annotator5"], "prob": 1}, "fields": {"f_20": {"value": true, "confidence": {"state": "pre-added", "who": ["user:annotator5"], "prob": 1}}}, "normalizations": {}}, {"classId": "e_61", "part": "s1s5p1", "offsets": [{"start": 914, "text": "tanshinone IIA"}], "coordinates": [], "confidence": {"state": "pre-added", "who": ["user:annotator5"], "prob": 1}, "fields": {}, "normalizations": {}}, {"classId": "e_29", "part": "s1s5p1", "offsets": [{"start": 999, "text": "benzo(a)pyrene"}], "coordinates": [], "confidence": {"state": "pre-added", "who": ["user:annotator5"], "prob": 1}, "fields": {}, "normalizations": {}}, {"classId": "e_29", "part": "s1s5p1", "offsets": [{"start": 1015, "text": "tolbutamide"}], "coordinates": [], "confidence": {"state": "pre-added", "who": ["user:annotator5"], "prob": 1}, "fields": {}, "normalizations": {}}, {"classId": "e_29", "part": "s1s5p1", "offsets": [{"start": 1028, "text": "chlorzoxazone"}], "coordinates": [], "confidence": {"state": "pre-added", "who": ["user:annotator5"], "prob": 1}, "fields": {}, "normalizations": {}}, {"classId": "e_29", "part": "s1s5p1", "offsets": [{"start": 1046, "text": "nifedipine"}], "coordinates": [], "confidence": {"state": "pre-added", "who": ["user:annotator5"], "prob": 1}, "fields": {}, "normalizations": {}}, {"classId": "e_27", "part": "s1s5p1", "offsets": [{"start": 1061, "text": "In Escherichia coli membranes expressing bicistronic human CYP1A enzymes, tanshinone IIA inhibited EROD activity of CYP1A1 with an IC(50) 48 times higher than that for CYP1A2."}], "coordinates": [], "confidence": {"state": "pre-added", "who": ["user:annotator5"], "prob": 1}, "fields": {}, "normalizations": {}}, {"classId": "e_26", "part": "s1s5p1", "offsets": [{"start": 1120, "text": "CYP1A"}], "coordinates": [], "confidence": {"state": "pre-added", "who": ["user:annotator5"], "prob": 1}, "fields": {}, "normalizations": {}}, {"classId": "e_61", "part": "s1s5p1", "offsets": [{"start": 1135, "text": "tanshinone IIA"}], "coordinates": [], "confidence": {"state": "pre-added", "who": ["user:annotator5"], "prob": 1}, "fields": {}, "normalizations": {}}, {"classId": "e_26", "part": "s1s5p1", "offsets": [{"start": 1177, "text": "CYP1A1"}], "coordinates": [], "confidence": {"state": "pre-added", "who": ["user:annotator5"], "prob": 1}, "fields": {}, "normalizations": {}}, {"classId": "e_26", "part": "s1s5p1", "offsets": [{"start": 1379, "text": "CYP1A"}], "coordinates": [], "confidence": {"state": "pre-added", "who": ["ml:regex"], "prob": 0}, "fields": {}, "normalizations": {}}, {"classId": "e_61", "part": "s1s5p1", "offsets": [{"start": 1401, "text": "tanshinone IIA"}], "coordinates": [], "confidence": {"state": "pre-added", "who": ["ml:regex"], "prob": 0}, "fields": {}, "normalizations": {}}], "relations": [{"classId": "r_36", "type": "linked", "directed": false, "entities": ["s1s5p1|e_29|307,320", "s1s5p1|e_27|101,373"], "confidence": {"state": "pre-added", "who": ["user:annotator5"], "prob": 1}}, {"classId": "r_36", "type": "linked", "directed": false, "entities": ["s1s5p1|e_29|323,333", "s1s5p1|e_27|101,373"], "confidence": {"state": "pre-added", "who": ["user:annotator5"], "prob": 1}}, {"classId": "r_36", "type": "linked", "directed": false, "entities": ["s1s5p1|e_29|336,357", "s1s5p1|e_27|101,373"], "confidence": {"state": "pre-added", "who": ["user:annotator5"], "prob": 1}}, {"classId": "r_36", "type": "linked", "directed": false, "entities": ["s1s5p1|e_29|363,372", "s1s5p1|e_27|101,373"], "confidence": {"state": "pre-added", "who": ["user:annotator5"], "prob": 1}}, {"classId": "r_36", "type": "linked", "directed": false, "entities": ["s1s5p1|e_29|670,683", "s1s5p1|e_27|469,746"], "confidence": {"state": "pre-added", "who": ["user:annotator5"], "prob": 1}}, {"classId": "r_40", "type": "linked", "directed": false, "entities": ["s1s5p1|e_26|1120,1124", "s1s5p1|e_27|1061,1235"], "confidence": {"state": "pre-added", "who": ["user:annotator5"], "prob": 1}}, {"classId": "r_40", "type": "linked", "directed": false, "entities": ["s1s5p1|e_26|1177,1182", "s1s5p1|e_27|1061,1235"], "confidence": {"state": "pre-added", "who": ["user:annotator5"], "prob": 1}}, {"classId": "r_62", "type": "linked", "directed": false, "entities": ["s1s5p1|e_33|80,85", "s1s5p1|e_61|138,151"], "confidence": {"state": "pre-added", "who": ["user:annotator5"], "prob": 1}}, {"classId": "r_62", "type": "linked", "directed": false, "entities": ["s1s5p1|e_61|525,538", "s1s5p1|e_33|80,85"], "confidence": {"state": "pre-added", "who": ["user:annotator5"], "prob": 1}}, {"classId": "r_62", "type": "linked", "directed": false, "entities": ["s1s5p1|e_61|567,578", "s1s5p1|e_33|80,85"], "confidence": {"state": "pre-added", "who": ["user:annotator5"], "prob": 1}}, {"classId": "r_62", "type": "linked", "directed": false, "entities": ["s1s5p1|e_61|584,599", "s1s5p1|e_33|80,85"], "confidence": {"state": "pre-added", "who": ["user:annotator5"], "prob": 1}}, {"classId": "r_62", "type": "linked", "directed": false, "entities": ["s1s5p1|e_61|914,927", "s1s5p1|e_33|80,85"], "confidence": {"state": "pre-added", "who": ["user:annotator5"], "prob": 1}}, {"classId": "r_62", "type": "linked", "directed": false, "entities": ["s1s5p1|e_61|1135,1148", "s1s5p1|e_33|80,85"], "confidence": {"state": "pre-added", "who": ["user:annotator5"], "prob": 1}}, {"classId": "r_66", "type": "linked", "directed": false, "entities": ["s1s5p1|e_61|138,151", "s1s5p1|e_27|101,373"], "confidence": {"state": "pre-added", "who": ["user:annotator5"], "prob": 1}}, {"classId": "r_66", "type": "linked", "directed": false, "entities": ["s1s5p1|e_61|525,538", "s1s5p1|e_27|469,746"], "confidence": {"state": "pre-added", "who": ["user:annotator5"], "prob": 1}}, {"classId": "r_66", "type": "linked", "directed": false, "entities": ["s1s5p1|e_61|567,578", "s1s5p1|e_27|469,746"], "confidence": {"state": "pre-added", "who": ["user:annotator5"], "prob": 1}}, {"classId": "r_66", "type": "linked", "directed": false, "entities": ["s1s5p1|e_61|584,599", "s1s5p1|e_27|469,746"], "confidence": {"state": "pre-added", "who": ["user:annotator5"], "prob": 1}}, {"classId": "r_66", "type": "linked", "directed": false, "entities": ["s1s5p1|e_61|914,927", "s1s5p1|e_27|887,1056"], "confidence": {"state": "pre-added", "who": ["user:annotator5"], "prob": 1}}, {"classId": "r_66", "type": "linked", "directed": false, "entities": ["s1s5p1|e_61|1135,1148", "s1s5p1|e_27|1061,1235"], "confidence": {"state": "pre-added", "who": ["user:annotator5"], "prob": 1}}]}