{"annotatable": {"parts": ["s1s1h1", "s1s1p1", "s1s2h1", "s1s2p1", "s1s3h1", "s1s3p1", "s1s4h1", "s1s4p1", "s1s5h1", "s1s5p1"]}, "anncomplete": true, "sources": [], "metas": {"m_24": {"value": "false", "confidence": {"state": "pre-added", "who": ["user:sunghocho"], "prob": 1}}, "m_17": {"value": false, "confidence": {"state": "pre-added", "who": ["user:sunghocho"], "prob": 1}}}, "entities": [{"classId": "e_33", "part": "s1s2p1", "offsets": [{"start": 38, "text": "Alpinia galanga"}], "coordinates": [], "confidence": {"state": "pre-added", "who": ["ml:regex"], "prob": 0}, "fields": {}, "normalizations": {}}, {"classId": "e_33", "part": "s1s3p1", "offsets": [{"start": 0, "text": "Alpinia galanga"}], "coordinates": [], "confidence": {"state": "pre-added", "who": ["ml:regex"], "prob": 0}, "fields": {}, "normalizations": {}}, {"classId": "e_33", "part": "s1s5p1", "offsets": [{"start": 67, "text": "Alpinia galanga"}], "coordinates": [], "confidence": {"state": "pre-added", "who": ["user:sunghocho"], "prob": 1}, "fields": {}, "normalizations": {}}, {"classId": "e_64", "part": "s1s5p1", "offsets": [{"start": 195, "text": "methyleugenol"}], "coordinates": [], "confidence": {"state": "pre-added", "who": ["user:sunghocho"], "prob": 1}, "fields": {}, "normalizations": {}}, {"classId": "e_64", "part": "s1s5p1", "offsets": [{"start": 214, "text": "p-coumaryl diacetate"}], "coordinates": [], "confidence": {"state": "pre-added", "who": ["user:sunghocho"], "prob": 1}, "fields": {}, "normalizations": {}}, {"classId": "e_64", "part": "s1s5p1", "offsets": [{"start": 240, "text": "1'-acetoxychavicol acetate"}], "coordinates": [], "confidence": {"state": "pre-added", "who": ["user:sunghocho"], "prob": 1}, "fields": {}, "normalizations": {}}, {"classId": "e_64", "part": "s1s5p1", "offsets": [{"start": 272, "text": "1'-acetoxyeugenol acetate"}], "coordinates": [], "confidence": {"state": "pre-added", "who": ["user:sunghocho"], "prob": 1}, "fields": {}, "normalizations": {}}, {"classId": "e_64", "part": "s1s5p1", "offsets": [{"start": 303, "text": "trans-p-acetoxycinnamyl alcohol"}], "coordinates": [], "confidence": {"state": "pre-added", "who": ["user:sunghocho"], "prob": 1}, "fields": {}, "normalizations": {}}, {"classId": "e_64", "part": "s1s5p1", "offsets": [{"start": 340, "text": "trans-3,4-dimethoxycinnamyl alcohol"}], "coordinates": [], "confidence": {"state": "pre-added", "who": ["user:sunghocho"], "prob": 1}, "fields": {}, "normalizations": {}}, {"classId": "e_64", "part": "s1s5p1", "offsets": [{"start": 381, "text": "p-hydroxybenzaldehyde"}], "coordinates": [], "confidence": {"state": "pre-added", "who": ["user:sunghocho"], "prob": 1}, "fields": {}, "normalizations": {}}, {"classId": "e_64", "part": "s1s5p1", "offsets": [{"start": 408, "text": "p-hydroxycinnamaldehyde"}], "coordinates": [], "confidence": {"state": "pre-added", "who": ["user:sunghocho"], "prob": 1}, "fields": {}, "normalizations": {}}, {"classId": "e_64", "part": "s1s5p1", "offsets": [{"start": 437, "text": "trans-p-coumaryl alcohol"}], "coordinates": [], "confidence": {"state": "pre-added", "who": ["user:sunghocho"], "prob": 1}, "fields": {}, "normalizations": {}}, {"classId": "e_64", "part": "s1s5p1", "offsets": [{"start": 467, "text": "galangin"}], "coordinates": [], "confidence": {"state": "pre-added", "who": ["user:sunghocho"], "prob": 1}, "fields": {}, "normalizations": {}}, {"classId": "e_64", "part": "s1s5p1", "offsets": [{"start": 482, "text": "trans-p-coumaric acid"}], "coordinates": [], "confidence": {"state": "pre-added", "who": ["user:sunghocho"], "prob": 1}, "fields": {}, "normalizations": {}}, {"classId": "e_64", "part": "s1s5p1", "offsets": [{"start": 513, "text": "galanganol B"}], "coordinates": [], "confidence": {"state": "pre-added", "who": ["user:sunghocho"], "prob": 1}, "fields": {}, "normalizations": {}}], "relations": []}