{"annotatable": {"parts": ["s1s1h1", "s1s1p1", "s1s2h1", "s1s2p1", "s1s3h1", "s1s3p1", "s1s4h1", "s1s4p1", "s1s5h1", "s1s5p1"]}, "anncomplete": true, "sources": [], "metas": {"m_24": {"value": "animal in-vivo", "confidence": {"state": "pre-added", "who": ["user:annotator3"], "prob": 1}}, "m_17": {"value": true, "confidence": {"state": "pre-added", "who": ["user:annotator3"], "prob": 1}}}, "entities": [{"classId": "e_33", "part": "s1s1p1", "offsets": [{"start": 54, "text": "Ginkgo biloba"}], "coordinates": [], "confidence": {"state": "pre-added", "who": ["ml:regex"], "prob": 0}, "fields": {}, "normalizations": {}}, {"classId": "e_33", "part": "s1s1p1", "offsets": [{"start": 69, "text": "EGb761"}], "coordinates": [], "confidence": {"state": "pre-added", "who": ["ml:regex"], "prob": 0}, "fields": {}, "normalizations": {}}, {"classId": "e_32", "part": "s1s3p1", "offsets": [{"start": 0, "text": "IL-6"}], "coordinates": [], "confidence": {"state": "pre-added", "who": ["ml:regex"], "prob": 0}, "fields": {}, "normalizations": {}}, {"classId": "e_33", "part": "s1s5p1", "offsets": [{"start": 0, "text": "Ginkgo biloba"}], "coordinates": [], "confidence": {"state": "pre-added", "who": ["ml:regex"], "prob": 0}, "fields": {}, "normalizations": {}}, {"classId": "e_33", "part": "s1s5p1", "offsets": [{"start": 213, "text": "Ginkgo biloba"}], "coordinates": [], "confidence": {"state": "pre-added", "who": ["user:annotator3"], "prob": 1}, "fields": {}, "normalizations": {}}, {"classId": "e_33", "part": "s1s5p1", "offsets": [{"start": 228, "text": "EGb761"}], "coordinates": [], "confidence": {"state": "pre-added", "who": ["ml:regex"], "prob": 0}, "fields": {}, "normalizations": {}}, {"classId": "e_33", "part": "s1s5p1", "offsets": [{"start": 366, "text": "EGb761"}], "coordinates": [], "confidence": {"state": "pre-added", "who": ["ml:regex"], "prob": 0}, "fields": {}, "normalizations": {}}, {"classId": "e_33", "part": "s1s5p1", "offsets": [{"start": 472, "text": "EGb761"}], "coordinates": [], "confidence": {"state": "pre-added", "who": ["ml:regex"], "prob": 0}, "fields": {}, "normalizations": {}}, {"classId": "e_29", "part": "s1s5p1", "offsets": [{"start": 545, "text": "losartan"}], "coordinates": [], "confidence": {"state": "pre-added", "who": ["ml:regex"], "prob": 0}, "fields": {}, "normalizations": {}}, {"classId": "e_33", "part": "s1s5p1", "offsets": [{"start": 710, "text": "EGb761"}], "coordinates": [], "confidence": {"state": "pre-added", "who": ["ml:regex"], "prob": 0}, "fields": {}, "normalizations": {}}, {"classId": "e_27", "part": "s1s5p1", "offsets": [{"start": 718, "text": "In addition, hypertension-induced increases in tumor necrosis factor-alpha (TNF-\u03b1), interleukin-6 (IL-6) and interleukin-1\u03b2 (IL-1\u03b2)) levels in renal tissues were inhibited by EGb761"}], "coordinates": [], "confidence": {"state": "pre-added", "who": ["user:annotator3"], "prob": 1}, "fields": {}, "normalizations": {}}, {"classId": "e_32", "part": "s1s5p1", "offsets": [{"start": 765, "text": "tumor necrosis factor-alpha"}], "coordinates": [], "confidence": {"state": "pre-added", "who": ["user:annotator3"], "prob": 1}, "fields": {}, "normalizations": {}}, {"classId": "e_32", "part": "s1s5p1", "offsets": [{"start": 794, "text": "TNF-\u03b1"}], "coordinates": [], "confidence": {"state": "pre-added", "who": ["user:annotator3"], "prob": 1}, "fields": {}, "normalizations": {}}, {"classId": "e_32", "part": "s1s5p1", "offsets": [{"start": 802, "text": "interleukin-6"}], "coordinates": [], "confidence": {"state": "pre-added", "who": ["user:annotator3"], "prob": 1}, "fields": {}, "normalizations": {}}, {"classId": "e_32", "part": "s1s5p1", "offsets": [{"start": 817, "text": "IL-6"}], "coordinates": [], "confidence": {"state": "pre-added", "who": ["user:annotator3"], "prob": 1}, "fields": {}, "normalizations": {}}, {"classId": "e_32", "part": "s1s5p1", "offsets": [{"start": 827, "text": "interleukin-1\u03b2"}], "coordinates": [], "confidence": {"state": "pre-added", "who": ["user:annotator3"], "prob": 1}, "fields": {}, "normalizations": {}}, {"classId": "e_32", "part": "s1s5p1", "offsets": [{"start": 843, "text": "IL-1\u03b2"}], "coordinates": [], "confidence": {"state": "pre-added", "who": ["user:annotator3"], "prob": 1}, "fields": {}, "normalizations": {}}, {"classId": "e_33", "part": "s1s5p1", "offsets": [{"start": 893, "text": "EGb761"}], "coordinates": [], "confidence": {"state": "pre-added", "who": ["user:annotator3"], "prob": 1}, "fields": {}, "normalizations": {}}, {"classId": "e_27", "part": "s1s5p1", "offsets": [{"start": 901, "text": "Also, treatment with EGb761 inhibited hypertension-induced decrease in endothelial nitric oxide synthase (eNOS) protein expression and increase in the protein expressions of inducible NO synthase (iNOS), TNF-\u03b1, IL-6 and IL-1B in the kidney tissues"}], "coordinates": [], "confidence": {"state": "pre-added", "who": ["user:annotator3"], "prob": 1}, "fields": {}, "normalizations": {}}, {"classId": "e_33", "part": "s1s5p1", "offsets": [{"start": 922, "text": "EGb761"}], "coordinates": [], "confidence": {"state": "pre-added", "who": ["ml:regex", "user:annotator3"], "prob": 1}, "fields": {}, "normalizations": {}}, {"classId": "e_32", "part": "s1s5p1", "offsets": [{"start": 972, "text": "endothelial nitric oxide synthase"}], "coordinates": [], "confidence": {"state": "pre-added", "who": ["user:annotator3"], "prob": 1}, "fields": {}, "normalizations": {}}, {"classId": "e_32", "part": "s1s5p1", "offsets": [{"start": 1007, "text": "eNOS"}], "coordinates": [], "confidence": {"state": "pre-added", "who": ["user:annotator3"], "prob": 1}, "fields": {}, "normalizations": {}}, {"classId": "e_32", "part": "s1s5p1", "offsets": [{"start": 1075, "text": "inducible NO synthase"}], "coordinates": [], "confidence": {"state": "pre-added", "who": ["user:annotator3"], "prob": 1}, "fields": {}, "normalizations": {}}, {"classId": "e_32", "part": "s1s5p1", "offsets": [{"start": 1098, "text": "iNOS"}], "coordinates": [], "confidence": {"state": "pre-added", "who": ["user:annotator3"], "prob": 1}, "fields": {}, "normalizations": {}}, {"classId": "e_32", "part": "s1s5p1", "offsets": [{"start": 1105, "text": "TNF-\u03b1"}], "coordinates": [], "confidence": {"state": "pre-added", "who": ["ml:regex", "user:annotator3"], "prob": 1}, "fields": {}, "normalizations": {}}, {"classId": "e_32", "part": "s1s5p1", "offsets": [{"start": 1112, "text": "IL-6"}], "coordinates": [], "confidence": {"state": "pre-added", "who": ["ml:regex", "user:annotator3"], "prob": 1}, "fields": {}, "normalizations": {}}, {"classId": "e_32", "part": "s1s5p1", "offsets": [{"start": 1121, "text": "IL-1B"}], "coordinates": [], "confidence": {"state": "pre-added", "who": ["user:annotator3"], "prob": 1}, "fields": {}, "normalizations": {}}, {"classId": "e_33", "part": "s1s5p1", "offsets": [{"start": 1150, "text": "EGb761"}], "coordinates": [], "confidence": {"state": "pre-added", "who": ["ml:regex", "user:annotator3"], "prob": 1}, "fields": {}, "normalizations": {}}, {"classId": "e_27", "part": "s1s5p1", "offsets": [{"start": 1150, "text": "EGb761 enhanced losartan effects on renal tissues oxidative stress, nitrite, and inflammatory markers levels and on protein expressions of eNOS, iNOS, TNF-\u03b1, IL-6 and IL-1B. effects"}], "coordinates": [], "confidence": {"state": "pre-added", "who": ["user:annotator3"], "prob": 1}, "fields": {}, "normalizations": {}}, {"classId": "e_29", "part": "s1s5p1", "offsets": [{"start": 1166, "text": "losartan"}], "coordinates": [], "confidence": {"state": "pre-added", "who": ["user:annotator3"], "prob": 1}, "fields": {}, "normalizations": {}}, {"classId": "e_32", "part": "s1s5p1", "offsets": [{"start": 1289, "text": "eNOS"}], "coordinates": [], "confidence": {"state": "pre-added", "who": ["ml:regex", "user:annotator3"], "prob": 1}, "fields": {}, "normalizations": {}}, {"classId": "e_32", "part": "s1s5p1", "offsets": [{"start": 1295, "text": "iNOS"}], "coordinates": [], "confidence": {"state": "pre-added", "who": ["ml:regex", "user:annotator3"], "prob": 1}, "fields": {}, "normalizations": {}}, {"classId": "e_32", "part": "s1s5p1", "offsets": [{"start": 1301, "text": "TNF-\u03b1"}], "coordinates": [], "confidence": {"state": "pre-added", "who": ["ml:regex", "user:annotator3"], "prob": 1}, "fields": {}, "normalizations": {}}, {"classId": "e_32", "part": "s1s5p1", "offsets": [{"start": 1308, "text": "IL-6"}], "coordinates": [], "confidence": {"state": "pre-added", "who": ["ml:regex", "user:annotator3"], "prob": 1}, "fields": {}, "normalizations": {}}, {"classId": "e_32", "part": "s1s5p1", "offsets": [{"start": 1317, "text": "IL-1B"}], "coordinates": [], "confidence": {"state": "pre-added", "who": ["user:annotator3"], "prob": 1}, "fields": {}, "normalizations": {}}, {"classId": "e_33", "part": "s1s5p1", "offsets": [{"start": 1360, "text": "EGb761"}], "coordinates": [], "confidence": {"state": "pre-added", "who": ["ml:regex"], "prob": 0}, "fields": {}, "normalizations": {}}], "relations": [{"classId": "r_35", "type": "linked", "directed": false, "entities": ["s1s5p1|e_33|893,898", "s1s5p1|e_27|718,898"], "confidence": {"state": "pre-added", "who": ["user:annotator3"], "prob": 1}}, {"classId": "r_35", "type": "linked", "directed": false, "entities": ["s1s5p1|e_33|922,927", "s1s5p1|e_27|901,1147"], "confidence": {"state": "pre-added", "who": ["user:annotator3"], "prob": 1}}, {"classId": "r_35", "type": "linked", "directed": false, "entities": ["s1s5p1|e_33|1150,1155", "s1s5p1|e_27|1150,1330"], "confidence": {"state": "pre-added", "who": ["user:annotator3"], "prob": 1}}, {"classId": "r_36", "type": "linked", "directed": false, "entities": ["s1s5p1|e_29|1166,1173", "s1s5p1|e_27|1150,1330"], "confidence": {"state": "pre-added", "who": ["user:annotator3"], "prob": 1}}, {"classId": "r_42", "type": "linked", "directed": false, "entities": ["s1s5p1|e_32|765,791", "s1s5p1|e_27|718,898"], "confidence": {"state": "pre-added", "who": ["user:annotator3"], "prob": 1}}, {"classId": "r_42", "type": "linked", "directed": false, "entities": ["s1s5p1|e_32|802,814", "s1s5p1|e_27|718,898"], "confidence": {"state": "pre-added", "who": ["user:annotator3"], "prob": 1}}, {"classId": "r_42", "type": "linked", "directed": false, "entities": ["s1s5p1|e_32|827,840", "s1s5p1|e_27|718,898"], "confidence": {"state": "pre-added", "who": ["user:annotator3"], "prob": 1}}, {"classId": "r_42", "type": "linked", "directed": false, "entities": ["s1s5p1|e_32|972,1004", "s1s5p1|e_27|901,1147"], "confidence": {"state": "pre-added", "who": ["user:annotator3"], "prob": 1}}, {"classId": "r_42", "type": "linked", "directed": false, "entities": ["s1s5p1|e_32|1075,1095", "s1s5p1|e_27|901,1147"], "confidence": {"state": "pre-added", "who": ["user:annotator3"], "prob": 1}}, {"classId": "r_42", "type": "linked", "directed": false, "entities": ["s1s5p1|e_32|1105,1109", "s1s5p1|e_27|901,1147"], "confidence": {"state": "pre-added", "who": ["user:annotator3"], "prob": 1}}, {"classId": "r_42", "type": "linked", "directed": false, "entities": ["s1s5p1|e_32|1112,1115", "s1s5p1|e_27|901,1147"], "confidence": {"state": "pre-added", "who": ["user:annotator3"], "prob": 1}}, {"classId": "r_42", "type": "linked", "directed": false, "entities": ["s1s5p1|e_32|1121,1125", "s1s5p1|e_27|901,1147"], "confidence": {"state": "pre-added", "who": ["user:annotator3"], "prob": 1}}, {"classId": "r_42", "type": "linked", "directed": false, "entities": ["s1s5p1|e_32|1289,1292", "s1s5p1|e_27|1150,1330"], "confidence": {"state": "pre-added", "who": ["user:annotator3"], "prob": 1}}, {"classId": "r_42", "type": "linked", "directed": false, "entities": ["s1s5p1|e_32|1295,1298", "s1s5p1|e_27|1150,1330"], "confidence": {"state": "pre-added", "who": ["user:annotator3"], "prob": 1}}, {"classId": "r_42", "type": "linked", "directed": false, "entities": ["s1s5p1|e_32|1301,1305", "s1s5p1|e_27|1150,1330"], "confidence": {"state": "pre-added", "who": ["user:annotator3"], "prob": 1}}, {"classId": "r_42", "type": "linked", "directed": false, "entities": ["s1s5p1|e_32|1308,1311", "s1s5p1|e_27|1150,1330"], "confidence": {"state": "pre-added", "who": ["user:annotator3"], "prob": 1}}, {"classId": "r_42", "type": "linked", "directed": false, "entities": ["s1s5p1|e_32|1317,1321", "s1s5p1|e_27|1150,1330"], "confidence": {"state": "pre-added", "who": ["user:annotator3"], "prob": 1}}, {"classId": "r_46", "type": "linked", "directed": false, "entities": ["s1s5p1|e_33|213,225", "s1s5p1|e_33|893,898"], "confidence": {"state": "pre-added", "who": ["user:annotator3"], "prob": 1}}, {"classId": "r_49", "type": "linked", "directed": false, "entities": ["s1s5p1|e_32|765,791", "s1s5p1|e_32|794,798"], "confidence": {"state": "pre-added", "who": ["user:annotator3"], "prob": 1}}, {"classId": "r_49", "type": "linked", "directed": false, "entities": ["s1s5p1|e_32|817,820", "s1s5p1|e_32|802,814"], "confidence": {"state": "pre-added", "who": ["user:annotator3"], "prob": 1}}, {"classId": "r_49", "type": "linked", "directed": false, "entities": ["s1s5p1|e_32|843,847", "s1s5p1|e_32|827,840"], "confidence": {"state": "pre-added", "who": ["user:annotator3"], "prob": 1}}, {"classId": "r_49", "type": "linked", "directed": false, "entities": ["s1s5p1|e_32|1007,1010", "s1s5p1|e_32|972,1004"], "confidence": {"state": "pre-added", "who": ["user:annotator3"], "prob": 1}}, {"classId": "r_49", "type": "linked", "directed": false, "entities": ["s1s5p1|e_32|1098,1101", "s1s5p1|e_32|1075,1095"], "confidence": {"state": "pre-added", "who": ["user:annotator3"], "prob": 1}}]}