{"annotatable": {"parts": ["s1s1h1", "s1s1p1", "s1s2h1", "s1s2p1", "s1s3h1", "s1s3p1", "s1s4h1", "s1s4p1", "s1s5h1", "s1s5p1", "s1s6h1", "s1s6p1", "s1s7h1", "s1s7p1", "s1s8h1", "s1s8p1", "s1s9h1", "s1s9p1", "s1s10h1", "s1s10p1", "s1s11h1", "s1s11p1"]}, "anncomplete": true, "sources": [], "metas": {"m_24": {"value": "false", "confidence": {"state": "pre-added", "who": ["user:sunghocho"], "prob": 1}}, "m_17": {"value": false, "confidence": {"state": "pre-added", "who": ["user:sunghocho"], "prob": 1}}}, "entities": [{"classId": "e_33", "part": "s1s5p1", "offsets": [{"start": 0, "text": "Curcuma longa"}], "coordinates": [], "confidence": {"state": "pre-added", "who": ["user:sunghocho"], "prob": 1}, "fields": {}, "normalizations": {}}, {"classId": "e_29", "part": "s1s6p1", "offsets": [{"start": 0, "text": "glucosamine"}], "coordinates": [], "confidence": {"state": "pre-added", "who": ["ml:regex"], "prob": 0}, "fields": {}, "normalizations": {}}, {"classId": "e_29", "part": "s1s7p1", "offsets": [{"start": 177, "text": "Glucosamine"}], "coordinates": [], "confidence": {"state": "pre-added", "who": ["user:sunghocho"], "prob": 1}, "fields": {}, "normalizations": {}}, {"classId": "e_29", "part": "s1s7p1", "offsets": [{"start": 352, "text": "glucosamine"}], "coordinates": [], "confidence": {"state": "pre-added", "who": ["ml:regex"], "prob": 0}, "fields": {}, "normalizations": {}}, {"classId": "e_29", "part": "s1s7p1", "offsets": [{"start": 603, "text": "glucosamine"}], "coordinates": [], "confidence": {"state": "pre-added", "who": ["ml:regex"], "prob": 0}, "fields": {}, "normalizations": {}}, {"classId": "e_33", "part": "s1s7p1", "offsets": [{"start": 907, "text": "Harpagophytum procumbens"}], "coordinates": [], "confidence": {"state": "pre-added", "who": ["user:sunghocho"], "prob": 1}, "fields": {}, "normalizations": {}}, {"classId": "e_33", "part": "s1s7p1", "offsets": [{"start": 933, "text": "devil's claw"}], "coordinates": [], "confidence": {"state": "pre-added", "who": ["user:sunghocho"], "prob": 1}, "fields": {}, "normalizations": {}}, {"classId": "e_33", "part": "s1s7p1", "offsets": [{"start": 948, "text": "Curcuma longa"}], "coordinates": [], "confidence": {"state": "pre-added", "who": ["ml:regex"], "prob": 0}, "fields": {}, "normalizations": {}}, {"classId": "e_33", "part": "s1s7p1", "offsets": [{"start": 963, "text": "turmeric"}], "coordinates": [], "confidence": {"state": "pre-added", "who": ["user:sunghocho"], "prob": 1}, "fields": {}, "normalizations": {}}, {"classId": "e_33", "part": "s1s7p1", "offsets": [{"start": 978, "text": "Zingiber officinale"}], "coordinates": [], "confidence": {"state": "pre-added", "who": ["user:sunghocho"], "prob": 1}, "fields": {}, "normalizations": {}}, {"classId": "e_33", "part": "s1s7p1", "offsets": [{"start": 999, "text": "ginger"}], "coordinates": [], "confidence": {"state": "pre-added", "who": ["user:sunghocho"], "prob": 1}, "fields": {}, "normalizations": {}}], "relations": [{"classId": "r_46", "type": "linked", "directed": false, "entities": ["s1s7p1|e_33|933,944", "s1s7p1|e_33|907,930"], "confidence": {"state": "pre-added", "who": ["user:sunghocho"], "prob": 1}}, {"classId": "r_46", "type": "linked", "directed": false, "entities": ["s1s7p1|e_33|963,970", "s1s7p1|e_33|948,960"], "confidence": {"state": "pre-added", "who": ["user:sunghocho"], "prob": 1}}, {"classId": "r_46", "type": "linked", "directed": false, "entities": ["s1s7p1|e_33|999,1004", "s1s7p1|e_33|978,996"], "confidence": {"state": "pre-added", "who": ["user:sunghocho"], "prob": 1}}]}