{"annotatable": {"parts": ["s1s1h1", "s1s1p1", "s1s2h1", "s1s2p1", "s1s3h1", "s1s3p1", "s1s4h1", "s1s4p1", "s1s5h1", "s1s5p1"]}, "anncomplete": true, "sources": [], "metas": {"m_24": {"value": "false", "confidence": {"state": "pre-added", "who": ["user:annotator2"], "prob": 1}}, "m_17": {"value": false, "confidence": {"state": "pre-added", "who": ["user:annotator2"], "prob": 1}}}, "entities": [{"classId": "e_61", "part": "s1s2p1", "offsets": [{"start": 21, "text": "sinigrin"}], "coordinates": [], "confidence": {"state": "pre-added", "who": ["ml:regex"], "prob": 0}, "fields": {}, "normalizations": {}}, {"classId": "e_61", "part": "s1s5p1", "offsets": [{"start": 130, "text": "Sinigrin"}], "coordinates": [], "confidence": {"state": "pre-added", "who": ["user:annotator2"], "prob": 1}, "fields": {}, "normalizations": {}}, {"classId": "e_33", "part": "s1s5p1", "offsets": [{"start": 222, "text": "broccoli"}], "coordinates": [], "confidence": {"state": "pre-added", "who": ["user:annotator2"], "prob": 1}, "fields": {}, "normalizations": {}}, {"classId": "e_33", "part": "s1s5p1", "offsets": [{"start": 232, "text": "brussels sprouts"}], "coordinates": [], "confidence": {"state": "pre-added", "who": ["user:annotator2"], "prob": 1}, "fields": {}, "normalizations": {}}, {"classId": "e_33", "part": "s1s5p1", "offsets": [{"start": 254, "text": "black mustard seed"}], "coordinates": [], "confidence": {"state": "pre-added", "who": ["user:annotator2"], "prob": 1}, "fields": {}, "normalizations": {}}, {"classId": "e_61", "part": "s1s5p1", "offsets": [{"start": 306, "text": "sinigrin"}], "coordinates": [], "confidence": {"state": "pre-added", "who": ["ml:regex"], "prob": 0}, "fields": {}, "normalizations": {}}, {"classId": "e_61", "part": "s1s5p1", "offsets": [{"start": 386, "text": "Sinigrin"}], "coordinates": [], "confidence": {"state": "pre-added", "who": ["ml:regex"], "prob": 0}, "fields": {}, "normalizations": {}}, {"classId": "e_61", "part": "s1s5p1", "offsets": [{"start": 621, "text": "Sinigrin"}], "coordinates": [], "confidence": {"state": "pre-added", "who": ["ml:regex"], "prob": 0}, "fields": {}, "normalizations": {}}, {"classId": "e_61", "part": "s1s5p1", "offsets": [{"start": 797, "text": "Sinigrin"}], "coordinates": [], "confidence": {"state": "pre-added", "who": ["ml:regex"], "prob": 0}, "fields": {}, "normalizations": {}}, {"classId": "e_61", "part": "s1s5p1", "offsets": [{"start": 1034, "text": "sinigrin"}], "coordinates": [], "confidence": {"state": "pre-added", "who": ["ml:regex"], "prob": 0}, "fields": {}, "normalizations": {}}, {"classId": "e_61", "part": "s1s5p1", "offsets": [{"start": 1110, "text": "Sinigrin"}], "coordinates": [], "confidence": {"state": "pre-added", "who": ["ml:regex"], "prob": 0}, "fields": {}, "normalizations": {}}, {"classId": "e_61", "part": "s1s5p1", "offsets": [{"start": 1307, "text": "sinigrin"}], "coordinates": [], "confidence": {"state": "pre-added", "who": ["ml:regex"], "prob": 0}, "fields": {}, "normalizations": {}}], "relations": [{"classId": "r_62", "type": "linked", "directed": false, "entities": ["s1s5p1|e_33|222,229", "s1s5p1|e_61|130,137"], "confidence": {"state": "pre-added", "who": ["user:annotator2"], "prob": 1}}, {"classId": "r_62", "type": "linked", "directed": false, "entities": ["s1s5p1|e_33|232,247", "s1s5p1|e_61|130,137"], "confidence": {"state": "pre-added", "who": ["user:annotator2"], "prob": 1}}, {"classId": "r_62", "type": "linked", "directed": false, "entities": ["s1s5p1|e_33|254,271", "s1s5p1|e_61|130,137"], "confidence": {"state": "pre-added", "who": ["user:annotator2"], "prob": 1}}]}