{"annotatable": {"parts": ["s1s1h1", "s1s1p1", "s1s2h1", "s1s2p1", "s1s3h1", "s1s3p1", "s1s4h1", "s1s4p1", "s1s5h1", "s1s5p1", "s1s6h1", "s1s6p1", "s1s7h1", "s1s7p1", "s1s8h1", "s1s8p1", "s1s9h1", "s1s9p1", "s1s10h1", "s1s10p1"]}, "anncomplete": true, "sources": [], "metas": {"m_24": {"value": "in-vitro", "confidence": {"state": "pre-added", "who": ["user:annotator1"], "prob": 1}}, "m_17": {"value": true, "confidence": {"state": "pre-added", "who": ["user:annotator1"], "prob": 1}}}, "entities": [{"classId": "e_33", "part": "s1s2p1", "offsets": [{"start": 56, "text": "propolis"}], "coordinates": [], "confidence": {"state": "pre-added", "who": ["ml:regex"], "prob": 0}, "fields": {}, "normalizations": {}}, {"classId": "e_33", "part": "s1s5p1", "offsets": [{"start": 0, "text": "Propolis"}], "coordinates": [], "confidence": {"state": "pre-added", "who": ["ml:regex"], "prob": 0}, "fields": {}, "normalizations": {}}, {"classId": "e_29", "part": "s1s6p1", "offsets": [{"start": 0, "text": "doxorubicin"}], "coordinates": [], "confidence": {"state": "pre-added", "who": ["ml:regex"], "prob": 0}, "fields": {}, "normalizations": {}}, {"classId": "e_29", "part": "s1s7p1", "offsets": [{"start": 62, "text": "carboplatin"}], "coordinates": [], "confidence": {"state": "pre-added", "who": ["user:annotator1"], "prob": 1}, "fields": {}, "normalizations": {}}, {"classId": "e_29", "part": "s1s7p1", "offsets": [{"start": 76, "text": "CARB"}], "coordinates": [], "confidence": {"state": "pre-added", "who": ["ml:regex"], "prob": 0}, "fields": {}, "normalizations": {}}, {"classId": "e_29", "part": "s1s7p1", "offsets": [{"start": 82, "text": "doxorubicin"}], "coordinates": [], "confidence": {"state": "pre-added", "who": ["user:annotator1"], "prob": 1}, "fields": {}, "normalizations": {}}, {"classId": "e_29", "part": "s1s7p1", "offsets": [{"start": 96, "text": "DOX"}], "coordinates": [], "confidence": {"state": "pre-added", "who": ["ml:regex"], "prob": 0}, "fields": {}, "normalizations": {}}, {"classId": "e_29", "part": "s1s7p1", "offsets": [{"start": 105, "text": "methotrexate"}], "coordinates": [], "confidence": {"state": "pre-added", "who": ["user:annotator1"], "prob": 1}, "fields": {}, "normalizations": {}}, {"classId": "e_29", "part": "s1s7p1", "offsets": [{"start": 120, "text": "MET"}], "coordinates": [], "confidence": {"state": "pre-added", "who": ["ml:regex"], "prob": 0}, "fields": {}, "normalizations": {}}, {"classId": "e_33", "part": "s1s7p1", "offsets": [{"start": 130, "text": "propolis"}], "coordinates": [], "confidence": {"state": "pre-added", "who": ["ml:regex"], "prob": 0}, "fields": {}, "normalizations": {}}, {"classId": "e_33", "part": "s1s7p1", "offsets": [{"start": 338, "text": "propolis"}], "coordinates": [], "confidence": {"state": "pre-added", "who": ["ml:regex"], "prob": 0}, "fields": {}, "normalizations": {}}, {"classId": "e_29", "part": "s1s7p1", "offsets": [{"start": 387, "text": "CARB"}], "coordinates": [], "confidence": {"state": "pre-added", "who": ["ml:regex"], "prob": 0}, "fields": {}, "normalizations": {}}, {"classId": "e_29", "part": "s1s7p1", "offsets": [{"start": 409, "text": "DOX"}], "coordinates": [], "confidence": {"state": "pre-added", "who": ["ml:regex"], "prob": 0}, "fields": {}, "normalizations": {}}, {"classId": "e_29", "part": "s1s7p1", "offsets": [{"start": 431, "text": "MET"}], "coordinates": [], "confidence": {"state": "pre-added", "who": ["ml:regex"], "prob": 0}, "fields": {}, "normalizations": {}}, {"classId": "e_33", "part": "s1s7p1", "offsets": [{"start": 584, "text": "Propolis"}], "coordinates": [], "confidence": {"state": "pre-added", "who": ["ml:regex"], "prob": 0}, "fields": {}, "normalizations": {}}, {"classId": "e_29", "part": "s1s7p1", "offsets": [{"start": 657, "text": "CARB"}], "coordinates": [], "confidence": {"state": "pre-added", "who": ["ml:regex"], "prob": 0}, "fields": {}, "normalizations": {}}, {"classId": "e_29", "part": "s1s7p1", "offsets": [{"start": 741, "text": "DOX"}], "coordinates": [], "confidence": {"state": "pre-added", "who": ["ml:regex"], "prob": 0}, "fields": {}, "normalizations": {}}, {"classId": "e_29", "part": "s1s7p1", "offsets": [{"start": 749, "text": "MET"}], "coordinates": [], "confidence": {"state": "pre-added", "who": ["ml:regex"], "prob": 0}, "fields": {}, "normalizations": {}}, {"classId": "e_27", "part": "s1s7p1", "offsets": [{"start": 754, "text": "The combination of propolis with the lowest concentrations of CARB led to better results comparing to CARB alone, which was not observed using DOX and MET."}], "coordinates": [], "confidence": {"state": "pre-added", "who": ["user:annotator1"], "prob": 1}, "fields": {}, "normalizations": {}}, {"classId": "e_33", "part": "s1s7p1", "offsets": [{"start": 773, "text": "propolis"}], "coordinates": [], "confidence": {"state": "pre-added", "who": ["user:annotator1"], "prob": 1}, "fields": {}, "normalizations": {}}, {"classId": "e_29", "part": "s1s7p1", "offsets": [{"start": 816, "text": "CARB"}], "coordinates": [], "confidence": {"state": "pre-added", "who": ["user:annotator1"], "prob": 1}, "fields": {}, "normalizations": {}}, {"classId": "e_29", "part": "s1s7p1", "offsets": [{"start": 856, "text": "CARB"}], "coordinates": [], "confidence": {"state": "pre-added", "who": ["ml:regex"], "prob": 0}, "fields": {}, "normalizations": {}}, {"classId": "e_29", "part": "s1s7p1", "offsets": [{"start": 897, "text": "DOX"}], "coordinates": [], "confidence": {"state": "pre-added", "who": ["user:annotator1"], "prob": 1}, "fields": {}, "normalizations": {}}, {"classId": "e_29", "part": "s1s7p1", "offsets": [{"start": 905, "text": "MET"}], "coordinates": [], "confidence": {"state": "pre-added", "who": ["user:annotator1"], "prob": 1}, "fields": {}, "normalizations": {}}, {"classId": "e_27", "part": "s1s7p1", "offsets": [{"start": 910, "text": "Apoptosis was involved in the action of propolis?+?CARB in spOS-2 cells."}], "coordinates": [], "confidence": {"state": "pre-added", "who": ["user:annotator1"], "prob": 1}, "fields": {}, "normalizations": {}}, {"classId": "e_33", "part": "s1s7p1", "offsets": [{"start": 950, "text": "propolis"}], "coordinates": [], "confidence": {"state": "pre-added", "who": ["user:annotator1"], "prob": 1}, "fields": {}, "normalizations": {}}, {"classId": "e_29", "part": "s1s7p1", "offsets": [{"start": 961, "text": "CARB"}], "coordinates": [], "confidence": {"state": "pre-added", "who": ["user:annotator1"], "prob": 1}, "fields": {}, "normalizations": {}}, {"classId": "e_27", "part": "s1s7p1", "offsets": [{"start": 983, "text": "MSC were not affected by CARB/propolis, indicating that the cytotoxic action of the combination was specific to tumor cells but not to normal ones."}], "coordinates": [], "confidence": {"state": "pre-added", "who": ["user:annotator1"], "prob": 1}, "fields": {}, "normalizations": {}}, {"classId": "e_29", "part": "s1s7p1", "offsets": [{"start": 1008, "text": "CARB"}], "coordinates": [], "confidence": {"state": "pre-added", "who": ["ml:regex", "user:annotator1"], "prob": 1}, "fields": {}, "normalizations": {}}, {"classId": "e_33", "part": "s1s7p1", "offsets": [{"start": 1013, "text": "propolis"}], "coordinates": [], "confidence": {"state": "pre-added", "who": ["ml:regex", "user:annotator1"], "prob": 1}, "fields": {}, "normalizations": {}}, {"classId": "e_33", "part": "s1s7p1", "offsets": [{"start": 1131, "text": "Propolis"}], "coordinates": [], "confidence": {"state": "pre-added", "who": ["ml:regex", "user:annotator1"], "prob": 1}, "fields": {}, "normalizations": {}}, {"classId": "e_27", "part": "s1s7p1", "offsets": [{"start": 1131, "text": "Propolis improved the action of CARB against spOS-2 cells using lower concentrations of this drug, without affecting MSC."}], "coordinates": [], "confidence": {"state": "pre-added", "who": ["user:annotator1"], "prob": 1}, "fields": {}, "normalizations": {}}, {"classId": "e_29", "part": "s1s7p1", "offsets": [{"start": 1163, "text": "CARB"}], "coordinates": [], "confidence": {"state": "pre-added", "who": ["ml:regex", "user:annotator1"], "prob": 1}, "fields": {}, "normalizations": {}}], "relations": [{"classId": "r_35", "type": "linked", "directed": false, "entities": ["s1s7p1|e_33|773,780", "s1s7p1|e_27|754,908"], "confidence": {"state": "pre-added", "who": ["user:annotator1"], "prob": 1}}, {"classId": "r_35", "type": "linked", "directed": false, "entities": ["s1s7p1|e_33|950,957", "s1s7p1|e_27|910,981"], "confidence": {"state": "pre-added", "who": ["user:annotator1"], "prob": 1}}, {"classId": "r_35", "type": "linked", "directed": false, "entities": ["s1s7p1|e_33|1013,1020", "s1s7p1|e_27|983,1129"], "confidence": {"state": "pre-added", "who": ["user:annotator1"], "prob": 1}}, {"classId": "r_35", "type": "linked", "directed": false, "entities": ["s1s7p1|e_33|1131,1138", "s1s7p1|e_27|1131,1251"], "confidence": {"state": "pre-added", "who": ["user:annotator1"], "prob": 1}}, {"classId": "r_36", "type": "linked", "directed": false, "entities": ["s1s7p1|e_29|816,819", "s1s7p1|e_27|754,908"], "confidence": {"state": "pre-added", "who": ["user:annotator1"], "prob": 1}}, {"classId": "r_36", "type": "linked", "directed": false, "entities": ["s1s7p1|e_29|897,899", "s1s7p1|e_27|754,908"], "confidence": {"state": "pre-added", "who": ["user:annotator1"], "prob": 1}}, {"classId": "r_36", "type": "linked", "directed": false, "entities": ["s1s7p1|e_29|905,907", "s1s7p1|e_27|754,908"], "confidence": {"state": "pre-added", "who": ["user:annotator1"], "prob": 1}}, {"classId": "r_36", "type": "linked", "directed": false, "entities": ["s1s7p1|e_29|961,964", "s1s7p1|e_27|910,981"], "confidence": {"state": "pre-added", "who": ["user:annotator1"], "prob": 1}}, {"classId": "r_36", "type": "linked", "directed": false, "entities": ["s1s7p1|e_29|1008,1011", "s1s7p1|e_27|983,1129"], "confidence": {"state": "pre-added", "who": ["user:annotator1"], "prob": 1}}, {"classId": "r_36", "type": "linked", "directed": false, "entities": ["s1s7p1|e_29|1163,1166", "s1s7p1|e_27|1131,1251"], "confidence": {"state": "pre-added", "who": ["user:annotator1"], "prob": 1}}, {"classId": "r_43", "type": "linked", "directed": false, "entities": ["s1s7p1|e_29|62,72", "s1s7p1|e_29|816,819"], "confidence": {"state": "pre-added", "who": ["user:annotator1"], "prob": 1}}, {"classId": "r_43", "type": "linked", "directed": false, "entities": ["s1s7p1|e_29|62,72", "s1s7p1|e_29|1163,1166"], "confidence": {"state": "pre-added", "who": ["user:annotator1"], "prob": 1}}, {"classId": "r_43", "type": "linked", "directed": false, "entities": ["s1s7p1|e_29|82,92", "s1s7p1|e_29|96,98"], "confidence": {"state": "pre-added", "who": ["user:annotator1"], "prob": 1}}, {"classId": "r_43", "type": "linked", "directed": false, "entities": ["s1s7p1|e_29|105,116", "s1s7p1|e_29|120,122"], "confidence": {"state": "pre-added", "who": ["user:annotator1"], "prob": 1}}]}