{"annotatable": {"parts": ["s1s1h1", "s1s1p1", "s1s2h1", "s1s2p1", "s1s3h1", "s1s3p1", "s1s4h1", "s1s4p1", "s1s5h1", "s1s5p1"]}, "anncomplete": true, "sources": [], "metas": {"m_24": {"value": "in-vitro", "confidence": {"state": "pre-added", "who": ["user:annotator3"], "prob": 1}}, "m_17": {"value": true, "confidence": {"state": "pre-added", "who": ["user:annotator3"], "prob": 1}}}, "entities": [{"classId": "e_26", "part": "s1s1p1", "offsets": [{"start": 48, "text": "CYP17"}], "coordinates": [], "confidence": {"state": "pre-added", "who": ["ml:regex"], "prob": 0}, "fields": {}, "normalizations": {}}, {"classId": "e_26", "part": "s1s3p1", "offsets": [{"start": 0, "text": "CYP17"}], "coordinates": [], "confidence": {"state": "pre-added", "who": ["ml:regex"], "prob": 0}, "fields": {}, "normalizations": {}}, {"classId": "e_64", "part": "s1s4p1", "offsets": [{"start": 0, "text": "Resveratrol"}], "coordinates": [], "confidence": {"state": "pre-added", "who": ["ml:regex", "user:annotator3"], "prob": 1}, "fields": {}, "normalizations": {}}, {"classId": "e_26", "part": "s1s5p1", "offsets": [{"start": 14, "text": "17\u03b1-hydroxylase/17,20-lyase"}], "coordinates": [], "confidence": {"state": "pre-added", "who": ["user:annotator3"], "prob": 1}, "fields": {}, "normalizations": {}}, {"classId": "e_26", "part": "s1s5p1", "offsets": [{"start": 43, "text": "CYP17"}], "coordinates": [], "confidence": {"state": "pre-added", "who": ["ml:regex", "user:annotator3"], "prob": 1}, "fields": {}, "normalizations": {}}, {"classId": "e_26", "part": "s1s5p1", "offsets": [{"start": 222, "text": "CYP17"}], "coordinates": [], "confidence": {"state": "pre-added", "who": ["user:annotator3"], "prob": 1}, "fields": {}, "normalizations": {}}, {"classId": "e_26", "part": "s1s5p1", "offsets": [{"start": 397, "text": "CYP17"}], "coordinates": [], "confidence": {"state": "pre-added", "who": ["ml:regex"], "prob": 0}, "fields": {}, "normalizations": {}}, {"classId": "e_26", "part": "s1s5p1", "offsets": [{"start": 500, "text": "CYP17"}], "coordinates": [], "confidence": {"state": "pre-added", "who": ["ml:regex"], "prob": 0}, "fields": {}, "normalizations": {}}, {"classId": "e_29", "part": "s1s5p1", "offsets": [{"start": 577, "text": "cortisol"}], "coordinates": [], "confidence": {"state": "pre-added", "who": ["ml:regex"], "prob": 0}, "fields": {}, "normalizations": {}}, {"classId": "e_64", "part": "s1s5p1", "offsets": [{"start": 613, "text": "Resveratrol"}], "coordinates": [], "confidence": {"state": "pre-added", "who": ["user:annotator3"], "prob": 1}, "fields": {}, "normalizations": {}}, {"classId": "e_27", "part": "s1s5p1", "offsets": [{"start": 613, "text": "Resveratrol was the most potent CYP17 inhibitor with an approximate IC50 of 4 \u03bcM, and the inhibition might weigh on the 17\u03b1-hydroxylase activity more than the 17,20-lyase activity"}], "coordinates": [], "confidence": {"state": "pre-added", "who": ["user:annotator3"], "prob": 1}, "fields": {}, "normalizations": {}}, {"classId": "e_26", "part": "s1s5p1", "offsets": [{"start": 645, "text": "CYP17"}], "coordinates": [], "confidence": {"state": "pre-added", "who": ["ml:regex", "user:annotator3"], "prob": 1}, "fields": {}, "normalizations": {}}, {"classId": "e_64", "part": "s1s5p1", "offsets": [{"start": 794, "text": "Resveratrol"}], "coordinates": [], "confidence": {"state": "pre-added", "who": ["ml:regex", "user:annotator3"], "prob": 1}, "fields": {}, "normalizations": {}}, {"classId": "e_27", "part": "s1s5p1", "offsets": [{"start": 794, "text": "Resveratrol also inhibited 21\u03b1-hydroxylase (CYP21) essential for corticosteroid biosynthesis but to a lesser extent, thus preventing the occurrence of cortisol elevation following CYP17 blockade"}], "coordinates": [], "confidence": {"state": "pre-added", "who": ["user:annotator3"], "prob": 1}, "fields": {}, "normalizations": {}}, {"classId": "e_26", "part": "s1s5p1", "offsets": [{"start": 821, "text": "21\u03b1-hydroxylase"}], "coordinates": [], "confidence": {"state": "pre-added", "who": ["user:annotator3"], "prob": 1}, "fields": {}, "normalizations": {}}, {"classId": "e_26", "part": "s1s5p1", "offsets": [{"start": 838, "text": "CYP21"}], "coordinates": [], "confidence": {"state": "pre-added", "who": ["user:annotator3"], "prob": 1}, "fields": {}, "normalizations": {}}, {"classId": "e_26", "part": "s1s5p1", "offsets": [{"start": 974, "text": "CYP17"}], "coordinates": [], "confidence": {"state": "pre-added", "who": ["ml:regex"], "prob": 0}, "fields": {}, "normalizations": {}}, {"classId": "e_26", "part": "s1s5p1", "offsets": [{"start": 1075, "text": "CYP17"}], "coordinates": [], "confidence": {"state": "pre-added", "who": ["ml:regex"], "prob": 0}, "fields": {}, "normalizations": {}}, {"classId": "e_64", "part": "s1s5p1", "offsets": [{"start": 1093, "text": "resveratrol"}], "coordinates": [], "confidence": {"state": "pre-added", "who": ["ml:regex"], "prob": 0}, "fields": {}, "normalizations": {}}, {"classId": "e_26", "part": "s1s5p1", "offsets": [{"start": 1115, "text": "CYP17"}], "coordinates": [], "confidence": {"state": "pre-added", "who": ["ml:regex"], "prob": 0}, "fields": {}, "normalizations": {}}, {"classId": "e_26", "part": "s1s5p1", "offsets": [{"start": 1125, "text": "CYP21"}], "coordinates": [], "confidence": {"state": "pre-added", "who": ["ml:regex"], "prob": 0}, "fields": {}, "normalizations": {}}, {"classId": "e_33", "part": "s1s5p1", "offsets": [{"start": 1238, "text": "Daidzein"}], "coordinates": [], "confidence": {"state": "pre-added", "who": ["user:annotator3"], "prob": 1}, "fields": {}, "normalizations": {}}, {"classId": "e_27", "part": "s1s5p1", "offsets": [{"start": 1238, "text": "Daidzein also inhibited CYP17 and CYP21 although less potent than resveratrol"}], "coordinates": [], "confidence": {"state": "pre-added", "who": ["user:annotator3"], "prob": 1}, "fields": {}, "normalizations": {}}, {"classId": "e_26", "part": "s1s5p1", "offsets": [{"start": 1262, "text": "CYP17"}], "coordinates": [], "confidence": {"state": "pre-added", "who": ["ml:regex", "user:annotator3"], "prob": 1}, "fields": {}, "normalizations": {}}, {"classId": "e_26", "part": "s1s5p1", "offsets": [{"start": 1272, "text": "CYP21"}], "coordinates": [], "confidence": {"state": "pre-added", "who": ["ml:regex", "user:annotator3"], "prob": 1}, "fields": {}, "normalizations": {}}, {"classId": "e_33", "part": "s1s5p1", "offsets": [{"start": 1304, "text": "resveratrol"}], "coordinates": [], "confidence": {"state": "pre-added", "who": ["ml:regex", "user:annotator3"], "prob": 1}, "fields": {}, "normalizations": {}}, {"classId": "e_64", "part": "s1s5p1", "offsets": [{"start": 1317, "text": "Daidzein"}], "coordinates": [], "confidence": {"state": "pre-added", "who": ["ml:regex", "user:annotator3"], "prob": 1}, "fields": {}, "normalizations": {}}, {"classId": "e_27", "part": "s1s5p1", "offsets": [{"start": 1317, "text": "Daidzein was the only polyphenol showing inhibition of 3\u03b2-hydroxysteroid dehydrogenase type II (3\u03b2HSD2"}], "coordinates": [], "confidence": {"state": "pre-added", "who": ["user:annotator3"], "prob": 1}, "fields": {}, "normalizations": {}}, {"classId": "e_26", "part": "s1s5p1", "offsets": [{"start": 1372, "text": "3\u03b2-hydroxysteroid dehydrogenase type II"}], "coordinates": [], "confidence": {"state": "pre-added", "who": ["user:annotator3"], "prob": 1}, "fields": {}, "normalizations": {}}, {"classId": "e_26", "part": "s1s5p1", "offsets": [{"start": 1412, "text": "(3\u03b2HSD2"}], "coordinates": [], "confidence": {"state": "pre-added", "who": ["user:annotator3"], "prob": 1}, "fields": {}, "normalizations": {}}, {"classId": "e_26", "part": "s1s5p1", "offsets": [{"start": 1438, "text": "3\u03b2HSD2"}], "coordinates": [], "confidence": {"state": "pre-added", "who": ["user:annotator3"], "prob": 1}, "fields": {}, "normalizations": {}}, {"classId": "e_64", "part": "s1s5p1", "offsets": [{"start": 1509, "text": "daidzein"}], "coordinates": [], "confidence": {"state": "pre-added", "who": ["ml:regex"], "prob": 0}, "fields": {}, "normalizations": {}}, {"classId": "e_29", "part": "s1s5p1", "offsets": [{"start": 1585, "text": "cortisol"}], "coordinates": [], "confidence": {"state": "pre-added", "who": ["user:annotator3"], "prob": 1}, "fields": {}, "normalizations": {}}, {"classId": "e_26", "part": "s1s5p1", "offsets": [{"start": 1709, "text": "CYP17"}], "coordinates": [], "confidence": {"state": "pre-added", "who": ["ml:regex"], "prob": 0}, "fields": {}, "normalizations": {}}, {"classId": "e_29", "part": "s1s5p1", "offsets": [{"start": 1847, "text": "cortisol"}], "coordinates": [], "confidence": {"state": "pre-added", "who": ["ml:regex"], "prob": 0}, "fields": {}, "normalizations": {}}, {"classId": "e_29", "part": "s1s5p1", "offsets": [{"start": 1888, "text": "testosterone"}], "coordinates": [], "confidence": {"state": "pre-added", "who": ["user:annotator3"], "prob": 1}, "fields": {}, "normalizations": {}}, {"classId": "e_64", "part": "s1s5p1", "offsets": [{"start": 1971, "text": "resveratrol"}], "coordinates": [], "confidence": {"state": "pre-added", "who": ["ml:regex"], "prob": 0}, "fields": {}, "normalizations": {}}], "relations": [{"classId": "r_35", "type": "linked", "directed": false, "entities": ["s1s5p1|e_33|1238,1245", "s1s5p1|e_27|1238,1314"], "confidence": {"state": "pre-added", "who": ["user:annotator3"], "prob": 1}}, {"classId": "r_40", "type": "linked", "directed": false, "entities": ["s1s5p1|e_26|645,649", "s1s5p1|e_27|613,791"], "confidence": {"state": "pre-added", "who": ["user:annotator3"], "prob": 1}}, {"classId": "r_40", "type": "linked", "directed": false, "entities": ["s1s5p1|e_26|838,842", "s1s5p1|e_27|794,987"], "confidence": {"state": "pre-added", "who": ["user:annotator3"], "prob": 1}}, {"classId": "r_40", "type": "linked", "directed": false, "entities": ["s1s5p1|e_26|1262,1266", "s1s5p1|e_27|1238,1314"], "confidence": {"state": "pre-added", "who": ["user:annotator3"], "prob": 1}}, {"classId": "r_40", "type": "linked", "directed": false, "entities": ["s1s5p1|e_26|1272,1276", "s1s5p1|e_27|1238,1314"], "confidence": {"state": "pre-added", "who": ["user:annotator3"], "prob": 1}}, {"classId": "r_40", "type": "linked", "directed": false, "entities": ["s1s5p1|e_26|1412,1418", "s1s5p1|e_27|1317,1418"], "confidence": {"state": "pre-added", "who": ["user:annotator3"], "prob": 1}}, {"classId": "r_47", "type": "linked", "directed": false, "entities": ["s1s5p1|e_26|14,40", "s1s5p1|e_26|43,47"], "confidence": {"state": "pre-added", "who": ["user:annotator3"], "prob": 1}}, {"classId": "r_47", "type": "linked", "directed": false, "entities": ["s1s5p1|e_26|821,835", "s1s5p1|e_26|838,842"], "confidence": {"state": "pre-added", "who": ["user:annotator3"], "prob": 1}}, {"classId": "r_47", "type": "linked", "directed": false, "entities": ["s1s5p1|e_26|1412,1418", "s1s5p1|e_26|1372,1410"], "confidence": {"state": "pre-added", "who": ["user:annotator3"], "prob": 1}}, {"classId": "r_68", "type": "linked", "directed": false, "entities": ["s1s5p1|e_64|613,623", "s1s5p1|e_27|613,791"], "confidence": {"state": "pre-added", "who": ["user:annotator3"], "prob": 1}}, {"classId": "r_68", "type": "linked", "directed": false, "entities": ["s1s5p1|e_64|794,804", "s1s5p1|e_27|794,987"], "confidence": {"state": "pre-added", "who": ["user:annotator3"], "prob": 1}}, {"classId": "r_68", "type": "linked", "directed": false, "entities": ["s1s5p1|e_64|1317,1324", "s1s5p1|e_27|1317,1418"], "confidence": {"state": "pre-added", "who": ["user:annotator3"], "prob": 1}}]}