{"annotatable": {"parts": ["s1s1h1", "s1s1p1", "s1s2h1", "s1s2p1", "s1s3h1", "s1s3p1", "s1s4h1", "s1s4p1", "s1s5h1", "s1s5p1"]}, "anncomplete": true, "sources": [], "metas": {"m_24": {"value": "others", "confidence": {"state": "pre-added", "who": ["user:annotator5"], "prob": 1}}, "m_17": {"value": true, "confidence": {"state": "pre-added", "who": ["user:annotator5"], "prob": 1}}}, "entities": [{"classId": "e_33", "part": "s1s2p1", "offsets": [{"start": 0, "text": "Grapefruit"}], "coordinates": [], "confidence": {"state": "pre-added", "who": ["ml:regex"], "prob": 0}, "fields": {}, "normalizations": {}}, {"classId": "e_33", "part": "s1s3p1", "offsets": [{"start": 0, "text": "Grapefruit"}], "coordinates": [], "confidence": {"state": "pre-added", "who": ["ml:regex"], "prob": 0}, "fields": {}, "normalizations": {}}, {"classId": "e_29", "part": "s1s4p1", "offsets": [{"start": 0, "text": "indinavir"}], "coordinates": [], "confidence": {"state": "pre-added", "who": ["ml:regex"], "prob": 0}, "fields": {}, "normalizations": {}}, {"classId": "e_33", "part": "s1s5p1", "offsets": [{"start": 23, "text": "grapefruit juice"}], "coordinates": [], "confidence": {"state": "pre-added", "who": ["ml:regex"], "prob": 0}, "fields": {}, "normalizations": {}}, {"classId": "e_33", "part": "s1s5p1", "offsets": [{"start": 163, "text": "grapefruit juice"}], "coordinates": [], "confidence": {"state": "pre-added", "who": ["ml:regex"], "prob": 0}, "fields": {}, "normalizations": {}}, {"classId": "e_33", "part": "s1s5p1", "offsets": [{"start": 229, "text": "grapefruit juice"}], "coordinates": [], "confidence": {"state": "pre-added", "who": ["ml:regex"], "prob": 0}, "fields": {}, "normalizations": {}}, {"classId": "e_33", "part": "s1s5p1", "offsets": [{"start": 448, "text": "grapefruit"}], "coordinates": [], "confidence": {"state": "pre-added", "who": ["ml:regex"], "prob": 0}, "fields": {}, "normalizations": {}}, {"classId": "e_33", "part": "s1s5p1", "offsets": [{"start": 535, "text": "grapefruit juice"}], "coordinates": [], "confidence": {"state": "pre-added", "who": ["ml:regex"], "prob": 0}, "fields": {}, "normalizations": {}}, {"classId": "e_33", "part": "s1s5p1", "offsets": [{"start": 568, "text": "grapefruit"}], "coordinates": [], "confidence": {"state": "pre-added", "who": ["ml:regex"], "prob": 0}, "fields": {}, "normalizations": {}}, {"classId": "e_33", "part": "s1s5p1", "offsets": [{"start": 580, "text": "grapefruit"}], "coordinates": [], "confidence": {"state": "pre-added", "who": ["ml:regex"], "prob": 0}, "fields": {}, "normalizations": {}}, {"classId": "e_33", "part": "s1s5p1", "offsets": [{"start": 658, "text": "grapefruit juice"}], "coordinates": [], "confidence": {"state": "pre-added", "who": ["ml:regex"], "prob": 0}, "fields": {}, "normalizations": {}}, {"classId": "e_27", "part": "s1s5p1", "offsets": [{"start": 872, "text": "Grapefruit juice inhibits CYP3A4, the cytochrome P450 isoenzyme most often involved in drug metabolism."}], "coordinates": [], "confidence": {"state": "pre-added", "who": ["user:annotator5"], "prob": 1}, "fields": {}, "normalizations": {}}, {"classId": "e_33", "part": "s1s5p1", "offsets": [{"start": 872, "text": "Grapefruit juice"}], "coordinates": [], "confidence": {"state": "pre-added", "who": ["user:annotator5"], "prob": 1}, "fields": {}, "normalizations": {}}, {"classId": "e_26", "part": "s1s5p1", "offsets": [{"start": 898, "text": "CYP3A4"}], "coordinates": [], "confidence": {"state": "pre-added", "who": ["user:annotator5"], "prob": 1}, "fields": {}, "normalizations": {}}, {"classId": "e_33", "part": "s1s5p1", "offsets": [{"start": 1101, "text": "Grapefruit juice"}], "coordinates": [], "confidence": {"state": "pre-added", "who": ["ml:regex", "user:annotator5"], "prob": 1}, "fields": {}, "normalizations": {}}, {"classId": "e_27", "part": "s1s5p1", "offsets": [{"start": 1101, "text": "Grapefruit juice also inhibits several other cytochrome P450 isoenzymes, but they are less frequently implicated in interactions with clinical consequences."}], "coordinates": [], "confidence": {"state": "pre-added", "who": ["user:annotator5"], "prob": 1}, "fields": {}, "normalizations": {}}, {"classId": "e_26", "part": "s1s5p1", "offsets": [{"start": 1146, "text": "cytochrome P450"}], "coordinates": [], "confidence": {"state": "pre-added", "who": ["user:annotator5"], "prob": 1}, "fields": {}, "normalizations": {}}, {"classId": "e_27", "part": "s1s5p1", "offsets": [{"start": 1258, "text": "Drugs interacting with grapefruit and inducing serious clinical consequences (confirmed or very probable) include: immunosuppressants, some statins, benzodiazepines, most calcium channel blockers, indinavir and carbamazepine."}], "coordinates": [], "confidence": {"state": "pre-added", "who": ["user:annotator5"], "prob": 1}, "fields": {}, "normalizations": {}}, {"classId": "e_33", "part": "s1s5p1", "offsets": [{"start": 1281, "text": "grapefruit"}], "coordinates": [], "confidence": {"state": "pre-added", "who": ["user:annotator5"], "prob": 1}, "fields": {}, "normalizations": {}}, {"classId": "e_29", "part": "s1s5p1", "offsets": [{"start": 1373, "text": "immunosuppressant"}], "coordinates": [], "confidence": {"state": "pre-added", "who": ["user:annotator5"], "prob": 1}, "fields": {}, "normalizations": {}}, {"classId": "e_29", "part": "s1s5p1", "offsets": [{"start": 1398, "text": "statins"}], "coordinates": [], "confidence": {"state": "pre-added", "who": ["user:annotator5"], "prob": 1}, "fields": {}, "normalizations": {}}, {"classId": "e_29", "part": "s1s5p1", "offsets": [{"start": 1407, "text": "benzodiazepines"}], "coordinates": [], "confidence": {"state": "pre-added", "who": ["user:annotator5"], "prob": 1}, "fields": {}, "normalizations": {}}, {"classId": "e_29", "part": "s1s5p1", "offsets": [{"start": 1429, "text": "calcium channel blockers"}], "coordinates": [], "confidence": {"state": "pre-added", "who": ["user:annotator5"], "prob": 1}, "fields": {}, "normalizations": {}}, {"classId": "e_29", "part": "s1s5p1", "offsets": [{"start": 1455, "text": "indinavir"}], "coordinates": [], "confidence": {"state": "pre-added", "who": ["user:annotator5"], "prob": 1}, "fields": {}, "normalizations": {}}, {"classId": "e_29", "part": "s1s5p1", "offsets": [{"start": 1469, "text": "carbamazepine"}], "coordinates": [], "confidence": {"state": "pre-added", "who": ["user:annotator5"], "prob": 1}, "fields": {}, "normalizations": {}}, {"classId": "e_33", "part": "s1s5p1", "offsets": [{"start": 1590, "text": "grapefruit juice"}], "coordinates": [], "confidence": {"state": "pre-added", "who": ["ml:regex"], "prob": 0}, "fields": {}, "normalizations": {}}, {"classId": "e_33", "part": "s1s5p1", "offsets": [{"start": 1709, "text": "grapefruit juice"}], "coordinates": [], "confidence": {"state": "pre-added", "who": ["ml:regex"], "prob": 0}, "fields": {}, "normalizations": {}}, {"classId": "e_33", "part": "s1s5p1", "offsets": [{"start": 1902, "text": "grapefruit juice"}], "coordinates": [], "confidence": {"state": "pre-added", "who": ["ml:regex"], "prob": 0}, "fields": {}, "normalizations": {}}, {"classId": "e_33", "part": "s1s5p1", "offsets": [{"start": 1962, "text": "grapefruit juice"}], "coordinates": [], "confidence": {"state": "pre-added", "who": ["ml:regex"], "prob": 0}, "fields": {}, "normalizations": {}}, {"classId": "e_33", "part": "s1s5p1", "offsets": [{"start": 2086, "text": "grapefruit juice"}], "coordinates": [], "confidence": {"state": "pre-added", "who": ["ml:regex"], "prob": 0}, "fields": {}, "normalizations": {}}], "relations": [{"classId": "r_35", "type": "linked", "directed": false, "entities": ["s1s5p1|e_33|1101,1116", "s1s5p1|e_27|1101,1256"], "confidence": {"state": "pre-added", "who": ["user:annotator5"], "prob": 1}}, {"classId": "r_35", "type": "linked", "directed": false, "entities": ["s1s5p1|e_33|1281,1290", "s1s5p1|e_27|1258,1482"], "confidence": {"state": "pre-added", "who": ["user:annotator5"], "prob": 1}}, {"classId": "r_36", "type": "linked", "directed": false, "entities": ["s1s5p1|e_29|1373,1389", "s1s5p1|e_27|1258,1482"], "confidence": {"state": "pre-added", "who": ["user:annotator5"], "prob": 1}}, {"classId": "r_36", "type": "linked", "directed": false, "entities": ["s1s5p1|e_29|1398,1404", "s1s5p1|e_27|1258,1482"], "confidence": {"state": "pre-added", "who": ["user:annotator5"], "prob": 1}}, {"classId": "r_36", "type": "linked", "directed": false, "entities": ["s1s5p1|e_29|1407,1421", "s1s5p1|e_27|1258,1482"], "confidence": {"state": "pre-added", "who": ["user:annotator5"], "prob": 1}}, {"classId": "r_36", "type": "linked", "directed": false, "entities": ["s1s5p1|e_29|1429,1452", "s1s5p1|e_27|1258,1482"], "confidence": {"state": "pre-added", "who": ["user:annotator5"], "prob": 1}}, {"classId": "r_36", "type": "linked", "directed": false, "entities": ["s1s5p1|e_29|1455,1463", "s1s5p1|e_27|1258,1482"], "confidence": {"state": "pre-added", "who": ["user:annotator5"], "prob": 1}}, {"classId": "r_36", "type": "linked", "directed": false, "entities": ["s1s5p1|e_29|1469,1481", "s1s5p1|e_27|1258,1482"], "confidence": {"state": "pre-added", "who": ["user:annotator5"], "prob": 1}}, {"classId": "r_40", "type": "linked", "directed": false, "entities": ["s1s5p1|e_26|898,903", "s1s5p1|e_27|872,974"], "confidence": {"state": "pre-added", "who": ["user:annotator5"], "prob": 1}}, {"classId": "r_40", "type": "linked", "directed": false, "entities": ["s1s5p1|e_26|1146,1160", "s1s5p1|e_27|1101,1256"], "confidence": {"state": "pre-added", "who": ["user:annotator5"], "prob": 1}}]}