{"annotatable": {"parts": ["s1s1h1", "s1s1p1", "s1s2h1", "s1s2p1", "s1s3h1", "s1s3p1", "s1s4h1", "s1s4p1", "s1s5h1", "s1s5p1"]}, "anncomplete": true, "sources": [], "metas": {"m_24": {"value": "animal in-vivo", "confidence": {"state": "pre-added", "who": ["user:annotator2"], "prob": 1}}, "m_17": {"value": true, "confidence": {"state": "pre-added", "who": ["user:annotator2"], "prob": 1}}}, "entities": [{"classId": "e_33", "part": "s1s2p1", "offsets": [{"start": 0, "text": "Thyme"}], "coordinates": [], "confidence": {"state": "pre-added", "who": ["ml:regex"], "prob": 0}, "fields": {}, "normalizations": {}}, {"classId": "e_29", "part": "s1s2p1", "offsets": [{"start": 119, "text": "5-fluorouracil"}], "coordinates": [], "confidence": {"state": "pre-added", "who": ["ml:regex"], "prob": 0}, "fields": {}, "normalizations": {}}, {"classId": "e_33", "part": "s1s4p1", "offsets": [{"start": 0, "text": "Thyme"}], "coordinates": [], "confidence": {"state": "pre-added", "who": ["ml:regex"], "prob": 0}, "fields": {}, "normalizations": {}}, {"classId": "e_33", "part": "s1s5p1", "offsets": [{"start": 38, "text": "Thyme"}], "coordinates": [], "confidence": {"state": "pre-added", "who": ["user:annotator2"], "prob": 1}, "fields": {}, "normalizations": {}}, {"classId": "e_61", "part": "s1s5p1", "offsets": [{"start": 84, "text": "TE"}], "coordinates": [], "confidence": {"state": "pre-added", "who": ["user:annotator2"], "prob": 1}, "fields": {}, "normalizations": {}}, {"classId": "e_29", "part": "s1s5p1", "offsets": [{"start": 185, "text": "5-fluorouracil"}], "coordinates": [], "confidence": {"state": "pre-added", "who": ["user:annotator2"], "prob": 1}, "fields": {}, "normalizations": {}}, {"classId": "e_29", "part": "s1s5p1", "offsets": [{"start": 201, "text": "5-FLU"}], "coordinates": [], "confidence": {"state": "pre-added", "who": ["user:annotator2"], "prob": 1}, "fields": {}, "normalizations": {}}, {"classId": "e_61", "part": "s1s5p1", "offsets": [{"start": 424, "text": "TE"}], "coordinates": [], "confidence": {"state": "pre-added", "who": ["ml:regex"], "prob": 0}, "fields": {}, "normalizations": {}}, {"classId": "e_29", "part": "s1s5p1", "offsets": [{"start": 520, "text": "5-FLU"}], "coordinates": [], "confidence": {"state": "pre-added", "who": ["ml:regex"], "prob": 0}, "fields": {}, "normalizations": {}}, {"classId": "e_61", "part": "s1s5p1", "offsets": [{"start": 636, "text": "TE"}], "coordinates": [], "confidence": {"state": "pre-added", "who": ["ml:regex"], "prob": 0}, "fields": {}, "normalizations": {}}, {"classId": "e_29", "part": "s1s5p1", "offsets": [{"start": 709, "text": "5-FLU"}], "coordinates": [], "confidence": {"state": "pre-added", "who": ["ml:regex"], "prob": 0}, "fields": {}, "normalizations": {}}, {"classId": "e_29", "part": "s1s5p1", "offsets": [{"start": 1047, "text": "5-FLU"}], "coordinates": [], "confidence": {"state": "pre-added", "who": ["ml:regex"], "prob": 0}, "fields": {}, "normalizations": {}}, {"classId": "e_61", "part": "s1s5p1", "offsets": [{"start": 1136, "text": "TE"}], "coordinates": [], "confidence": {"state": "pre-added", "who": ["ml:regex"], "prob": 0}, "fields": {}, "normalizations": {}}, {"classId": "e_27", "part": "s1s5p1", "offsets": [{"start": 1155, "text": "Interestingly, the TE-pretreated rats administered with 5-FLU had reduced enzyme activities compared with untreated 5-FLU rats."}], "coordinates": [], "confidence": {"state": "pre-added", "who": ["user:annotator2"], "prob": 1}, "fields": {}, "normalizations": {}}, {"classId": "e_61", "part": "s1s5p1", "offsets": [{"start": 1174, "text": "TE"}], "coordinates": [], "confidence": {"state": "pre-added", "who": ["ml:regex", "user:annotator2"], "prob": 1}, "fields": {}, "normalizations": {}}, {"classId": "e_29", "part": "s1s5p1", "offsets": [{"start": 1211, "text": "5-FLU"}], "coordinates": [], "confidence": {"state": "pre-added", "who": ["ml:regex", "user:annotator2"], "prob": 1}, "fields": {}, "normalizations": {}}, {"classId": "e_29", "part": "s1s5p1", "offsets": [{"start": 1271, "text": "5-FLU"}], "coordinates": [], "confidence": {"state": "pre-added", "who": ["ml:regex"], "prob": 0}, "fields": {}, "normalizations": {}}, {"classId": "e_27", "part": "s1s5p1", "offsets": [{"start": 1283, "text": "The antioxidant status was also normalized in the 5-FLU administered rats pretreated with TE"}], "coordinates": [], "confidence": {"state": "pre-added", "who": ["user:annotator2"], "prob": 1}, "fields": {}, "normalizations": {}}, {"classId": "e_29", "part": "s1s5p1", "offsets": [{"start": 1333, "text": "5-FLU"}], "coordinates": [], "confidence": {"state": "pre-added", "who": ["ml:regex", "user:annotator2"], "prob": 1}, "fields": {}, "normalizations": {}}, {"classId": "e_61", "part": "s1s5p1", "offsets": [{"start": 1373, "text": "TE"}], "coordinates": [], "confidence": {"state": "pre-added", "who": ["ml:regex", "user:annotator2"], "prob": 1}, "fields": {}, "normalizations": {}}, {"classId": "e_61", "part": "s1s5p1", "offsets": [{"start": 1416, "text": "TE"}], "coordinates": [], "confidence": {"state": "pre-added", "who": ["ml:regex"], "prob": 0}, "fields": {}, "normalizations": {}}], "relations": [{"classId": "r_35", "type": "linked", "directed": false, "entities": ["s1s5p1|e_33|38,42", "s1s5p1|e_27|1155,1281"], "confidence": {"state": "pre-added", "who": ["user:annotator2"], "prob": 1}}, {"classId": "r_35", "type": "linked", "directed": false, "entities": ["s1s5p1|e_27|1283,1374", "s1s5p1|e_33|38,42"], "confidence": {"state": "pre-added", "who": ["user:annotator2"], "prob": 1}}, {"classId": "r_36", "type": "linked", "directed": false, "entities": ["s1s5p1|e_29|1211,1215", "s1s5p1|e_27|1155,1281"], "confidence": {"state": "pre-added", "who": ["user:annotator2"], "prob": 1}}, {"classId": "r_36", "type": "linked", "directed": false, "entities": ["s1s5p1|e_27|1283,1374", "s1s5p1|e_29|201,205"], "confidence": {"state": "pre-added", "who": ["user:annotator2"], "prob": 1}}, {"classId": "r_36", "type": "linked", "directed": false, "entities": ["s1s5p1|e_29|1333,1337", "s1s5p1|e_27|1283,1374"], "confidence": {"state": "pre-added", "who": ["user:annotator2"], "prob": 1}}, {"classId": "r_43", "type": "linked", "directed": false, "entities": ["s1s5p1|e_29|201,205", "s1s5p1|e_29|185,198"], "confidence": {"state": "pre-added", "who": ["user:annotator2"], "prob": 1}}, {"classId": "r_62", "type": "linked", "directed": false, "entities": ["s1s5p1|e_61|84,85", "s1s5p1|e_33|38,42"], "confidence": {"state": "pre-added", "who": ["user:annotator2"], "prob": 1}}, {"classId": "r_65", "type": "linked", "directed": false, "entities": ["s1s5p1|e_61|1174,1175", "s1s5p1|e_27|1155,1281"], "confidence": {"state": "pre-added", "who": ["user:annotator2"], "prob": 1}}, {"classId": "r_65", "type": "linked", "directed": false, "entities": ["s1s5p1|e_61|1373,1374", "s1s5p1|e_27|1283,1374"], "confidence": {"state": "pre-added", "who": ["user:annotator2"], "prob": 1}}]}