{"annotatable": {"parts": ["s1s1h1", "s1s1p1", "s1s2h1", "s1s2p1", "s1s3h1", "s1s3p1", "s1s4h1", "s1s4p1", "s1s5h1", "s1s5p1"]}, "anncomplete": true, "sources": [], "metas": {"m_24": {"value": "in-vitro", "confidence": {"state": "pre-added", "who": ["user:annotator5"], "prob": 1}}, "m_17": {"value": true, "confidence": {"state": "pre-added", "who": ["user:annotator5"], "prob": 1}}}, "entities": [{"classId": "e_32", "part": "s1s2p1", "offsets": [{"start": 48, "text": "CYP17"}], "coordinates": [], "confidence": {"state": "pre-added", "who": ["ml:regex"], "prob": 0}, "fields": {}, "normalizations": {}}, {"classId": "e_33", "part": "s1s3p1", "offsets": [{"start": 0, "text": "Resveratrol"}], "coordinates": [], "confidence": {"state": "pre-added", "who": ["ml:regex"], "prob": 0}, "fields": {}, "normalizations": {}}, {"classId": "e_29", "part": "s1s4p1", "offsets": [{"start": 0, "text": "testosterone"}], "coordinates": [], "confidence": {"state": "pre-added", "who": ["ml:regex"], "prob": 0}, "fields": {}, "normalizations": {}}, {"classId": "e_32", "part": "s1s5p1", "offsets": [{"start": 15, "text": "17\u03b1-hydroxylase/17,20-lyase"}], "coordinates": [], "confidence": {"state": "pre-added", "who": ["user:annotator5"], "prob": 1}, "fields": {}, "normalizations": {}}, {"classId": "e_32", "part": "s1s5p1", "offsets": [{"start": 44, "text": "CYP17"}], "coordinates": [], "confidence": {"state": "pre-added", "who": ["ml:regex", "user:annotator5"], "prob": 1}, "fields": {}, "normalizations": {}}, {"classId": "e_29", "part": "s1s5p1", "offsets": [{"start": 85, "text": "androgen"}], "coordinates": [], "confidence": {"state": "pre-added", "who": ["ml:regex"], "prob": 0}, "fields": {}, "normalizations": {}}, {"classId": "e_29", "part": "s1s5p1", "offsets": [{"start": 153, "text": "androgen"}], "coordinates": [], "confidence": {"state": "pre-added", "who": ["ml:regex"], "prob": 0}, "fields": {}, "normalizations": {}}, {"classId": "e_29", "part": "s1s5p1", "offsets": [{"start": 191, "text": "androgen"}], "coordinates": [], "confidence": {"state": "pre-added", "who": ["ml:regex"], "prob": 0}, "fields": {}, "normalizations": {}}, {"classId": "e_32", "part": "s1s5p1", "offsets": [{"start": 223, "text": "CYP17"}], "coordinates": [], "confidence": {"state": "pre-added", "who": ["ml:regex"], "prob": 0}, "fields": {}, "normalizations": {}}, {"classId": "e_32", "part": "s1s5p1", "offsets": [{"start": 398, "text": "CYP17"}], "coordinates": [], "confidence": {"state": "pre-added", "who": ["ml:regex"], "prob": 0}, "fields": {}, "normalizations": {}}, {"classId": "e_27", "part": "s1s5p1", "offsets": [{"start": 452, "text": "All examined polyphenols significantly inhibited CYP17 in human adrenocortical H295R cells, but their effects on androgen and cortisol biosynthesis were diverse."}], "coordinates": [], "confidence": {"state": "pre-added", "who": ["user:annotator5"], "prob": 1}, "fields": {}, "normalizations": {}}, {"classId": "e_33", "part": "s1s5p1", "offsets": [{"start": 465, "text": "polyphenol"}], "coordinates": [], "confidence": {"state": "pre-added", "who": ["user:annotator5"], "prob": 1}, "fields": {}, "normalizations": {}}, {"classId": "e_32", "part": "s1s5p1", "offsets": [{"start": 501, "text": "CYP17"}], "coordinates": [], "confidence": {"state": "pre-added", "who": ["user:annotator5"], "prob": 1}, "fields": {}, "normalizations": {}}, {"classId": "e_29", "part": "s1s5p1", "offsets": [{"start": 565, "text": "androgen"}], "coordinates": [], "confidence": {"state": "pre-added", "who": ["user:annotator5"], "prob": 1}, "fields": {}, "normalizations": {}}, {"classId": "e_29", "part": "s1s5p1", "offsets": [{"start": 578, "text": "cortisol"}], "coordinates": [], "confidence": {"state": "pre-added", "who": ["user:annotator5"], "prob": 1}, "fields": {}, "normalizations": {}}, {"classId": "e_33", "part": "s1s5p1", "offsets": [{"start": 614, "text": "Resveratrol"}], "coordinates": [], "confidence": {"state": "pre-added", "who": ["user:annotator5"], "prob": 1}, "fields": {}, "normalizations": {}}, {"classId": "e_27", "part": "s1s5p1", "offsets": [{"start": 614, "text": "Resveratrol was the most potent CYP17 inhibitor with an approximate IC50 of 4 \u03bcM, and the inhibition might weigh on the 17\u03b1-hydroxylase activity more than the 17,20-lyase activity."}], "coordinates": [], "confidence": {"state": "pre-added", "who": ["user:annotator5"], "prob": 1}, "fields": {}, "normalizations": {}}, {"classId": "e_32", "part": "s1s5p1", "offsets": [{"start": 646, "text": "CYP17"}], "coordinates": [], "confidence": {"state": "pre-added", "who": ["user:annotator5"], "prob": 1}, "fields": {}, "normalizations": {}}, {"classId": "e_33", "part": "s1s5p1", "offsets": [{"start": 795, "text": "Resveratrol"}], "coordinates": [], "confidence": {"state": "pre-added", "who": ["user:annotator5"], "prob": 1}, "fields": {}, "normalizations": {}}, {"classId": "e_27", "part": "s1s5p1", "offsets": [{"start": 795, "text": "Resveratrol also inhibited 21\u03b1-hydroxylase (CYP21) essential for corticosteroid biosynthesis but to a lesser extent, thus preventing the occurrence of cortisol elevation following CYP17 blockade."}], "coordinates": [], "confidence": {"state": "pre-added", "who": ["user:annotator5"], "prob": 1}, "fields": {}, "normalizations": {}}, {"classId": "e_32", "part": "s1s5p1", "offsets": [{"start": 822, "text": "21\u03b1-hydroxylase"}], "coordinates": [], "confidence": {"state": "pre-added", "who": ["user:annotator5"], "prob": 1}, "fields": {}, "normalizations": {}}, {"classId": "e_32", "part": "s1s5p1", "offsets": [{"start": 839, "text": "CYP21"}], "coordinates": [], "confidence": {"state": "pre-added", "who": ["user:annotator5"], "prob": 1}, "fields": {}, "normalizations": {}}, {"classId": "e_29", "part": "s1s5p1", "offsets": [{"start": 946, "text": "cortisol"}], "coordinates": [], "confidence": {"state": "pre-added", "who": ["user:annotator5"], "prob": 1}, "fields": {}, "normalizations": {}}, {"classId": "e_27", "part": "s1s5p1", "offsets": [{"start": 991, "text": "Although transcriptional down-regulation was important for \u03b1-naphthoflavone-mediated CYP17 inhibition, resveratrol inhibited CYP17 and CYP21 mainly at the level of enzyme activity rather than enzyme abundance and cytochrome P450 electron transfer."}], "coordinates": [], "confidence": {"state": "pre-added", "who": ["user:annotator5"], "prob": 1}, "fields": {}, "normalizations": {}}, {"classId": "e_29", "part": "s1s5p1", "offsets": [{"start": 1050, "text": "\u03b1-naphthoflavone"}], "coordinates": [], "confidence": {"state": "pre-added", "who": ["user:annotator5"], "prob": 1}, "fields": {}, "normalizations": {}}, {"classId": "e_32", "part": "s1s5p1", "offsets": [{"start": 1076, "text": "CYP17"}], "coordinates": [], "confidence": {"state": "pre-added", "who": ["user:annotator5"], "prob": 1}, "fields": {}, "normalizations": {}}, {"classId": "e_33", "part": "s1s5p1", "offsets": [{"start": 1094, "text": "resveratrol"}], "coordinates": [], "confidence": {"state": "pre-added", "who": ["user:annotator5"], "prob": 1}, "fields": {}, "normalizations": {}}, {"classId": "e_32", "part": "s1s5p1", "offsets": [{"start": 1116, "text": "CYP17"}], "coordinates": [], "confidence": {"state": "pre-added", "who": ["ml:regex", "user:annotator5"], "prob": 1}, "fields": {}, "normalizations": {}}, {"classId": "e_32", "part": "s1s5p1", "offsets": [{"start": 1126, "text": "CYP21"}], "coordinates": [], "confidence": {"state": "pre-added", "who": ["user:annotator5"], "prob": 1}, "fields": {}, "normalizations": {}}, {"classId": "e_33", "part": "s1s5p1", "offsets": [{"start": 1239, "text": "Daidzein"}], "coordinates": [], "confidence": {"state": "pre-added", "who": ["user:annotator5"], "prob": 1}, "fields": {}, "normalizations": {}}, {"classId": "e_27", "part": "s1s5p1", "offsets": [{"start": 1239, "text": "Daidzein also inhibited CYP17 and CYP21 although less potent than resveratrol."}], "coordinates": [], "confidence": {"state": "pre-added", "who": ["user:annotator5"], "prob": 1}, "fields": {}, "normalizations": {}}, {"classId": "e_32", "part": "s1s5p1", "offsets": [{"start": 1263, "text": "CYP17"}], "coordinates": [], "confidence": {"state": "pre-added", "who": ["user:annotator5"], "prob": 1}, "fields": {}, "normalizations": {}}, {"classId": "e_32", "part": "s1s5p1", "offsets": [{"start": 1273, "text": "CYP21"}], "coordinates": [], "confidence": {"state": "pre-added", "who": ["user:annotator5"], "prob": 1}, "fields": {}, "normalizations": {}}, {"classId": "e_33", "part": "s1s5p1", "offsets": [{"start": 1318, "text": "Daidzein"}], "coordinates": [], "confidence": {"state": "pre-added", "who": ["user:annotator5"], "prob": 1}, "fields": {}, "normalizations": {}}, {"classId": "e_27", "part": "s1s5p1", "offsets": [{"start": 1318, "text": "Daidzein was the only polyphenol showing inhibition of 3\u03b2-hydroxysteroid dehydrogenase type II (3\u03b2HSD2)."}], "coordinates": [], "confidence": {"state": "pre-added", "who": ["user:annotator5"], "prob": 1}, "fields": {}, "normalizations": {}}, {"classId": "e_32", "part": "s1s5p1", "offsets": [{"start": 1373, "text": "3\u03b2-hydroxysteroid dehydrogenase type II"}], "coordinates": [], "confidence": {"state": "pre-added", "who": ["user:annotator5"], "prob": 1}, "fields": {}, "normalizations": {}}, {"classId": "e_32", "part": "s1s5p1", "offsets": [{"start": 1414, "text": "3\u03b2HSD2"}], "coordinates": [], "confidence": {"state": "pre-added", "who": ["user:annotator5"], "prob": 1}, "fields": {}, "normalizations": {}}, {"classId": "e_27", "part": "s1s5p1", "offsets": [{"start": 1423, "text": "The exceptional 3\u03b2HSD2 inhibition led to dehydroepiandrosterone accumulation alongside daidzein-caused androgen biosynthetic impairment."}], "coordinates": [], "confidence": {"state": "pre-added", "who": ["user:annotator5"], "prob": 1}, "fields": {}, "normalizations": {}}, {"classId": "e_32", "part": "s1s5p1", "offsets": [{"start": 1439, "text": "3\u03b2HSD2"}], "coordinates": [], "confidence": {"state": "pre-added", "who": ["user:annotator5"], "prob": 1}, "fields": {}, "normalizations": {}}, {"classId": "e_29", "part": "s1s5p1", "offsets": [{"start": 1464, "text": "dehydroepiandrosterone"}], "coordinates": [], "confidence": {"state": "pre-added", "who": ["user:annotator5"], "prob": 1}, "fields": {}, "normalizations": {}}, {"classId": "e_33", "part": "s1s5p1", "offsets": [{"start": 1510, "text": "daidzein"}], "coordinates": [], "confidence": {"state": "pre-added", "who": ["user:annotator5"], "prob": 1}, "fields": {}, "normalizations": {}}, {"classId": "e_29", "part": "s1s5p1", "offsets": [{"start": 1526, "text": "androgen"}], "coordinates": [], "confidence": {"state": "pre-added", "who": ["user:annotator5"], "prob": 1}, "fields": {}, "normalizations": {}}, {"classId": "e_50", "part": "s1s5p1", "offsets": [{"start": 1560, "text": "In contrast, androgen and cortisol secretion was increased or remained normal under \u03b1-naphthoflavone and \u03b2-naphthoflavone treatments, suggesting that CYP17 inhibition was counteracted by increased substrate generation"}], "coordinates": [], "confidence": {"state": "pre-added", "who": ["user:annotator5"], "prob": 1}, "fields": {}, "normalizations": {}}, {"classId": "e_29", "part": "s1s5p1", "offsets": [{"start": 1573, "text": "androgen"}], "coordinates": [], "confidence": {"state": "pre-added", "who": ["user:annotator5"], "prob": 1}, "fields": {}, "normalizations": {}}, {"classId": "e_29", "part": "s1s5p1", "offsets": [{"start": 1586, "text": "cortisol"}], "coordinates": [], "confidence": {"state": "pre-added", "who": ["user:annotator5"], "prob": 1}, "fields": {}, "normalizations": {}}, {"classId": "e_29", "part": "s1s5p1", "offsets": [{"start": 1644, "text": "\u03b1-naphthoflavone"}], "coordinates": [], "confidence": {"state": "pre-added", "who": ["user:annotator5"], "prob": 1}, "fields": {}, "normalizations": {}}, {"classId": "e_29", "part": "s1s5p1", "offsets": [{"start": 1665, "text": "\u03b2-naphthoflavone"}], "coordinates": [], "confidence": {"state": "pre-added", "who": ["user:annotator5"], "prob": 1}, "fields": {}, "normalizations": {}}, {"classId": "e_32", "part": "s1s5p1", "offsets": [{"start": 1710, "text": "CYP17"}], "coordinates": [], "confidence": {"state": "pre-added", "who": ["user:annotator5"], "prob": 1}, "fields": {}, "normalizations": {}}, {"classId": "e_29", "part": "s1s5p1", "offsets": [{"start": 1779, "text": "\u03b1-naphthoflavone"}], "coordinates": [], "confidence": {"state": "pre-added", "who": ["user:annotator5"], "prob": 1}, "fields": {}, "normalizations": {}}, {"classId": "e_50", "part": "s1s5p1", "offsets": [{"start": 1779, "text": "\u03b1-naphthoflavone and \u03b2-naphthoflavone also enhanced the formation of cortisol from 17-hydroxyprogesterone and testosterone from androstenedione."}], "coordinates": [], "confidence": {"state": "pre-added", "who": ["user:annotator5"], "prob": 1}, "fields": {}, "normalizations": {}}, {"classId": "e_29", "part": "s1s5p1", "offsets": [{"start": 1800, "text": "\u03b2-naphthoflavone"}], "coordinates": [], "confidence": {"state": "pre-added", "who": ["user:annotator5"], "prob": 1}, "fields": {}, "normalizations": {}}, {"classId": "e_29", "part": "s1s5p1", "offsets": [{"start": 1848, "text": "cortisol"}], "coordinates": [], "confidence": {"state": "pre-added", "who": ["user:annotator5"], "prob": 1}, "fields": {}, "normalizations": {}}, {"classId": "e_29", "part": "s1s5p1", "offsets": [{"start": 1862, "text": "17-hydroxyprogesterone"}], "coordinates": [], "confidence": {"state": "pre-added", "who": ["user:annotator5"], "prob": 1}, "fields": {}, "normalizations": {}}, {"classId": "e_29", "part": "s1s5p1", "offsets": [{"start": 1889, "text": "testosterone"}], "coordinates": [], "confidence": {"state": "pre-added", "who": ["user:annotator5"], "prob": 1}, "fields": {}, "normalizations": {}}, {"classId": "e_29", "part": "s1s5p1", "offsets": [{"start": 1907, "text": "androstenedione"}], "coordinates": [], "confidence": {"state": "pre-added", "who": ["user:annotator5"], "prob": 1}, "fields": {}, "normalizations": {}}], "relations": [{"classId": "r_35", "type": "linked", "directed": false, "entities": ["s1s5p1|e_33|465,474", "s1s5p1|e_27|452,612"], "confidence": {"state": "pre-added", "who": ["user:annotator5"], "prob": 1}}, {"classId": "r_35", "type": "linked", "directed": false, "entities": ["s1s5p1|e_33|614,624", "s1s5p1|e_27|614,793"], "confidence": {"state": "pre-added", "who": ["user:annotator5"], "prob": 1}}, {"classId": "r_35", "type": "linked", "directed": false, "entities": ["s1s5p1|e_33|795,805", "s1s5p1|e_27|795,989"], "confidence": {"state": "pre-added", "who": ["user:annotator5"], "prob": 1}}, {"classId": "r_35", "type": "linked", "directed": false, "entities": ["s1s5p1|e_33|1094,1104", "s1s5p1|e_27|991,1237"], "confidence": {"state": "pre-added", "who": ["user:annotator5"], "prob": 1}}, {"classId": "r_35", "type": "linked", "directed": false, "entities": ["s1s5p1|e_33|1239,1246", "s1s5p1|e_27|1239,1316"], "confidence": {"state": "pre-added", "who": ["user:annotator5"], "prob": 1}}, {"classId": "r_35", "type": "linked", "directed": false, "entities": ["s1s5p1|e_33|1318,1325", "s1s5p1|e_27|1318,1421"], "confidence": {"state": "pre-added", "who": ["user:annotator5"], "prob": 1}}, {"classId": "r_35", "type": "linked", "directed": false, "entities": ["s1s5p1|e_33|1510,1517", "s1s5p1|e_27|1423,1558"], "confidence": {"state": "pre-added", "who": ["user:annotator5"], "prob": 1}}, {"classId": "r_36", "type": "linked", "directed": false, "entities": ["s1s5p1|e_29|565,572", "s1s5p1|e_27|452,612"], "confidence": {"state": "pre-added", "who": ["user:annotator5"], "prob": 1}}, {"classId": "r_36", "type": "linked", "directed": false, "entities": ["s1s5p1|e_29|578,585", "s1s5p1|e_27|452,612"], "confidence": {"state": "pre-added", "who": ["user:annotator5"], "prob": 1}}, {"classId": "r_36", "type": "linked", "directed": false, "entities": ["s1s5p1|e_29|946,953", "s1s5p1|e_27|795,989"], "confidence": {"state": "pre-added", "who": ["user:annotator5"], "prob": 1}}, {"classId": "r_36", "type": "linked", "directed": false, "entities": ["s1s5p1|e_29|1050,1065", "s1s5p1|e_27|991,1237"], "confidence": {"state": "pre-added", "who": ["user:annotator5"], "prob": 1}}, {"classId": "r_36", "type": "linked", "directed": false, "entities": ["s1s5p1|e_29|1464,1485", "s1s5p1|e_27|1423,1558"], "confidence": {"state": "pre-added", "who": ["user:annotator5"], "prob": 1}}, {"classId": "r_36", "type": "linked", "directed": false, "entities": ["s1s5p1|e_29|1526,1533", "s1s5p1|e_27|1423,1558"], "confidence": {"state": "pre-added", "who": ["user:annotator5"], "prob": 1}}, {"classId": "r_42", "type": "linked", "directed": false, "entities": ["s1s5p1|e_32|501,505", "s1s5p1|e_27|452,612"], "confidence": {"state": "pre-added", "who": ["user:annotator5"], "prob": 1}}, {"classId": "r_42", "type": "linked", "directed": false, "entities": ["s1s5p1|e_32|646,650", "s1s5p1|e_27|614,793"], "confidence": {"state": "pre-added", "who": ["user:annotator5"], "prob": 1}}, {"classId": "r_42", "type": "linked", "directed": false, "entities": ["s1s5p1|e_32|822,836", "s1s5p1|e_27|795,989"], "confidence": {"state": "pre-added", "who": ["user:annotator5"], "prob": 1}}, {"classId": "r_42", "type": "linked", "directed": false, "entities": ["s1s5p1|e_32|1076,1080", "s1s5p1|e_27|991,1237"], "confidence": {"state": "pre-added", "who": ["user:annotator5"], "prob": 1}}, {"classId": "r_42", "type": "linked", "directed": false, "entities": ["s1s5p1|e_32|1126,1130", "s1s5p1|e_27|991,1237"], "confidence": {"state": "pre-added", "who": ["user:annotator5"], "prob": 1}}, {"classId": "r_42", "type": "linked", "directed": false, "entities": ["s1s5p1|e_32|1263,1267", "s1s5p1|e_27|1239,1316"], "confidence": {"state": "pre-added", "who": ["user:annotator5"], "prob": 1}}, {"classId": "r_42", "type": "linked", "directed": false, "entities": ["s1s5p1|e_32|1273,1277", "s1s5p1|e_27|1239,1316"], "confidence": {"state": "pre-added", "who": ["user:annotator5"], "prob": 1}}, {"classId": "r_42", "type": "linked", "directed": false, "entities": ["s1s5p1|e_32|1414,1419", "s1s5p1|e_27|1423,1558"], "confidence": {"state": "pre-added", "who": ["user:annotator5"], "prob": 1}}, {"classId": "r_42", "type": "linked", "directed": false, "entities": ["s1s5p1|e_32|1439,1444", "s1s5p1|e_27|1423,1558"], "confidence": {"state": "pre-added", "who": ["user:annotator5"], "prob": 1}}, {"classId": "r_49", "type": "linked", "directed": false, "entities": ["s1s5p1|e_32|15,41", "s1s5p1|e_32|44,48"], "confidence": {"state": "pre-added", "who": ["user:annotator5"], "prob": 1}}, {"classId": "r_49", "type": "linked", "directed": false, "entities": ["s1s5p1|e_32|822,836", "s1s5p1|e_32|839,843"], "confidence": {"state": "pre-added", "who": ["user:annotator5"], "prob": 1}}, {"classId": "r_49", "type": "linked", "directed": false, "entities": ["s1s5p1|e_32|1414,1419", "s1s5p1|e_32|1373,1411"], "confidence": {"state": "pre-added", "who": ["user:annotator5"], "prob": 1}}, {"classId": "r_59", "type": "linked", "directed": false, "entities": ["s1s5p1|e_32|1710,1714", "s1s5p1|e_50|1560,1776"], "confidence": {"state": "pre-added", "who": ["user:annotator5"], "prob": 1}}, {"classId": "r_60", "type": "linked", "directed": false, "entities": ["s1s5p1|e_29|1573,1580", "s1s5p1|e_50|1560,1776"], "confidence": {"state": "pre-added", "who": ["user:annotator5"], "prob": 1}}, {"classId": "r_60", "type": "linked", "directed": false, "entities": ["s1s5p1|e_29|1586,1593", "s1s5p1|e_50|1560,1776"], "confidence": {"state": "pre-added", "who": ["user:annotator5"], "prob": 1}}, {"classId": "r_60", "type": "linked", "directed": false, "entities": ["s1s5p1|e_29|1644,1659", "s1s5p1|e_50|1560,1776"], "confidence": {"state": "pre-added", "who": ["user:annotator5"], "prob": 1}}, {"classId": "r_60", "type": "linked", "directed": false, "entities": ["s1s5p1|e_29|1665,1680", "s1s5p1|e_50|1560,1776"], "confidence": {"state": "pre-added", "who": ["user:annotator5"], "prob": 1}}, {"classId": "r_60", "type": "linked", "directed": false, "entities": ["s1s5p1|e_29|1779,1794", "s1s5p1|e_50|1779,1922"], "confidence": {"state": "pre-added", "who": ["user:annotator5"], "prob": 1}}, {"classId": "r_60", "type": "linked", "directed": false, "entities": ["s1s5p1|e_29|1800,1815", "s1s5p1|e_50|1779,1922"], "confidence": {"state": "pre-added", "who": ["user:annotator5"], "prob": 1}}, {"classId": "r_60", "type": "linked", "directed": false, "entities": ["s1s5p1|e_29|1848,1855", "s1s5p1|e_50|1779,1922"], "confidence": {"state": "pre-added", "who": ["user:annotator5"], "prob": 1}}, {"classId": "r_60", "type": "linked", "directed": false, "entities": ["s1s5p1|e_29|1862,1883", "s1s5p1|e_50|1779,1922"], "confidence": {"state": "pre-added", "who": ["user:annotator5"], "prob": 1}}, {"classId": "r_60", "type": "linked", "directed": false, "entities": ["s1s5p1|e_29|1889,1900", "s1s5p1|e_50|1779,1922"], "confidence": {"state": "pre-added", "who": ["user:annotator5"], "prob": 1}}, {"classId": "r_60", "type": "linked", "directed": false, "entities": ["s1s5p1|e_29|1907,1921", "s1s5p1|e_50|1779,1922"], "confidence": {"state": "pre-added", "who": ["user:annotator5"], "prob": 1}}]}