{"annotatable": {"parts": ["s1s1h1", "s1s1p1", "s1s2h1", "s1s2p1", "s1s3h1", "s1s3p1", "s1s4h1", "s1s4p1", "s1s5h1", "s1s5p1"]}, "anncomplete": true, "sources": [], "metas": {"m_24": {"value": "animal in-vivo", "confidence": {"state": "pre-added", "who": ["user:hyesu1010"], "prob": 1}}, "m_17": {"value": true, "confidence": {"state": "pre-added", "who": ["user:hyesu1010"], "prob": 1}}}, "entities": [{"classId": "e_61", "part": "s1s2p1", "offsets": [{"start": 0, "text": "Hydroxysafflor Yellow A"}], "coordinates": [], "confidence": {"state": "pre-added", "who": ["ml:regex"], "prob": 0}, "fields": {}, "normalizations": {}}, {"classId": "e_33", "part": "s1s3p1", "offsets": [{"start": 0, "text": "Carthamus tinctorius"}], "coordinates": [], "confidence": {"state": "pre-added", "who": ["ml:regex"], "prob": 0}, "fields": {}, "normalizations": {}}, {"classId": "e_61", "part": "s1s5p1", "offsets": [{"start": 1, "text": "Hydroxysafflor yellow A"}], "coordinates": [], "confidence": {"state": "pre-added", "who": ["user:hyesu1010"], "prob": 1}, "fields": {}, "normalizations": {}}, {"classId": "e_61", "part": "s1s5p1", "offsets": [{"start": 26, "text": "HSYA"}], "coordinates": [], "confidence": {"state": "pre-added", "who": ["user:hyesu1010"], "prob": 1}, "fields": {}, "normalizations": {}}, {"classId": "e_33", "part": "s1s5p1", "offsets": [{"start": 79, "text": "Carthamus tinctorius"}], "coordinates": [], "confidence": {"state": "pre-added", "who": ["user:hyesu1010"], "prob": 1}, "fields": {}, "normalizations": {}}, {"classId": "e_61", "part": "s1s5p1", "offsets": [{"start": 159, "text": "HSYA"}], "coordinates": [], "confidence": {"state": "pre-added", "who": ["ml:regex"], "prob": 0}, "fields": {}, "normalizations": {}}, {"classId": "e_61", "part": "s1s5p1", "offsets": [{"start": 285, "text": "HSYA"}], "coordinates": [], "confidence": {"state": "pre-added", "who": ["ml:regex"], "prob": 0}, "fields": {}, "normalizations": {}}, {"classId": "e_61", "part": "s1s5p1", "offsets": [{"start": 402, "text": "HSYA"}], "coordinates": [], "confidence": {"state": "pre-added", "who": ["ml:regex"], "prob": 0}, "fields": {}, "normalizations": {}}, {"classId": "e_27", "part": "s1s5p1", "offsets": [{"start": 545, "text": "Treatment with HSYA also alleviated increased expressions of tumor necrosis factor (TNF)-\u03b1, interleukin (IL)-1\u03b2, IL-6, transforming growth factor (TGF)-\u03b21, collagen (Col) I, Col III, \u03b1-smooth muscle actin (\u03b1-SMA), myeloid differentiation (MD)-2, Toll-like receptor 4 (TLR4) and cluster differentiation (CD)14 at the mRNA (RT-PCR) and protein levels (Western blot and enzyme-linked immuno sorbent assay)."}], "coordinates": [], "confidence": {"state": "pre-added", "who": ["user:hyesu1010"], "prob": 1}, "fields": {}, "normalizations": {}}, {"classId": "e_61", "part": "s1s5p1", "offsets": [{"start": 560, "text": "HSYA"}], "coordinates": [], "confidence": {"state": "pre-added", "who": ["ml:regex", "user:hyesu1010"], "prob": 1}, "fields": {}, "normalizations": {}}, {"classId": "e_32", "part": "s1s5p1", "offsets": [{"start": 606, "text": "tumor necrosis factor"}], "coordinates": [], "confidence": {"state": "pre-added", "who": ["user:hyesu1010"], "prob": 1}, "fields": {}, "normalizations": {}}, {"classId": "e_32", "part": "s1s5p1", "offsets": [{"start": 629, "text": "TNF"}], "coordinates": [], "confidence": {"state": "pre-added", "who": ["user:hyesu1010"], "prob": 1}, "fields": {}, "normalizations": {}}, {"classId": "e_32", "part": "s1s5p1", "offsets": [{"start": 637, "text": "interleukin"}], "coordinates": [], "confidence": {"state": "pre-added", "who": ["user:hyesu1010"], "prob": 1}, "fields": {}, "normalizations": {}}, {"classId": "e_32", "part": "s1s5p1", "offsets": [{"start": 650, "text": "IL"}], "coordinates": [], "confidence": {"state": "pre-added", "who": ["user:hyesu1010"], "prob": 1}, "fields": {}, "normalizations": {}}, {"classId": "e_32", "part": "s1s5p1", "offsets": [{"start": 658, "text": "IL-6"}], "coordinates": [], "confidence": {"state": "pre-added", "who": ["user:hyesu1010"], "prob": 1}, "fields": {}, "normalizations": {}}, {"classId": "e_32", "part": "s1s5p1", "offsets": [{"start": 664, "text": "transforming growth factor"}], "coordinates": [], "confidence": {"state": "pre-added", "who": ["user:hyesu1010"], "prob": 1}, "fields": {}, "normalizations": {}}, {"classId": "e_32", "part": "s1s5p1", "offsets": [{"start": 692, "text": "TGF"}], "coordinates": [], "confidence": {"state": "pre-added", "who": ["user:hyesu1010"], "prob": 1}, "fields": {}, "normalizations": {}}, {"classId": "e_32", "part": "s1s5p1", "offsets": [{"start": 701, "text": "collagen"}], "coordinates": [], "confidence": {"state": "pre-added", "who": ["user:hyesu1010"], "prob": 1}, "fields": {}, "normalizations": {}}, {"classId": "e_32", "part": "s1s5p1", "offsets": [{"start": 711, "text": "Col"}], "coordinates": [], "confidence": {"state": "pre-added", "who": ["user:hyesu1010"], "prob": 1}, "fields": {}, "normalizations": {}}, {"classId": "e_32", "part": "s1s5p1", "offsets": [{"start": 719, "text": "Col III"}], "coordinates": [], "confidence": {"state": "pre-added", "who": ["user:hyesu1010"], "prob": 1}, "fields": {}, "normalizations": {}}, {"classId": "e_32", "part": "s1s5p1", "offsets": [{"start": 791, "text": "Toll-like receptor 4"}], "coordinates": [], "confidence": {"state": "pre-added", "who": ["user:hyesu1010"], "prob": 1}, "fields": {}, "normalizations": {}}, {"classId": "e_32", "part": "s1s5p1", "offsets": [{"start": 813, "text": "TLR4"}], "coordinates": [], "confidence": {"state": "pre-added", "who": ["user:hyesu1010"], "prob": 1}, "fields": {}, "normalizations": {}}, {"classId": "e_27", "part": "s1s5p1", "offsets": [{"start": 949, "text": "Moreover, HSYA inhibited the elevated levels of nuclear factor (NF)-\u03baB and \u03b1-SMA in lung tissue (immunohistochemistry), and alleviated the slight collagen deposition in pulmonary tissues (Masson's trichrome staining)."}], "coordinates": [], "confidence": {"state": "pre-added", "who": ["user:hyesu1010"], "prob": 1}, "fields": {}, "normalizations": {}}, {"classId": "e_61", "part": "s1s5p1", "offsets": [{"start": 959, "text": "HSYA"}], "coordinates": [], "confidence": {"state": "pre-added", "who": ["ml:regex"], "prob": 0}, "fields": {}, "normalizations": {}}, {"classId": "e_32", "part": "s1s5p1", "offsets": [{"start": 997, "text": "nuclear factor"}], "coordinates": [], "confidence": {"state": "pre-added", "who": ["user:hyesu1010"], "prob": 1}, "fields": {}, "normalizations": {}}, {"classId": "e_32", "part": "s1s5p1", "offsets": [{"start": 1013, "text": "NF"}], "coordinates": [], "confidence": {"state": "pre-added", "who": ["user:hyesu1010"], "prob": 1}, "fields": {}, "normalizations": {}}, {"classId": "e_32", "part": "s1s5p1", "offsets": [{"start": 1095, "text": "collagen"}], "coordinates": [], "confidence": {"state": "pre-added", "who": ["user:hyesu1010"], "prob": 1}, "fields": {}, "normalizations": {}}, {"classId": "e_61", "part": "s1s5p1", "offsets": [{"start": 1167, "text": "HSYA"}], "coordinates": [], "confidence": {"state": "pre-added", "who": ["ml:regex"], "prob": 0}, "fields": {}, "normalizations": {}}, {"classId": "e_61", "part": "s1s5p1", "offsets": [{"start": 1384, "text": "HSYA"}], "coordinates": [], "confidence": {"state": "pre-added", "who": ["ml:regex"], "prob": 0}, "fields": {}, "normalizations": {}}, {"classId": "e_32", "part": "s1s5p1", "offsets": [{"start": 1495, "text": "TLR4"}], "coordinates": [], "confidence": {"state": "pre-added", "who": ["ml:regex"], "prob": 0}, "fields": {}, "normalizations": {}}, {"classId": "e_32", "part": "s1s5p1", "offsets": [{"start": 1500, "text": "NF"}], "coordinates": [], "confidence": {"state": "pre-added", "who": ["ml:regex"], "prob": 0}, "fields": {}, "normalizations": {}}, {"classId": "e_32", "part": "s1s5p1", "offsets": [{"start": 1528, "text": "TLR4"}], "coordinates": [], "confidence": {"state": "pre-added", "who": ["ml:regex"], "prob": 0}, "fields": {}, "normalizations": {}}, {"classId": "e_61", "part": "s1s5p1", "offsets": [{"start": 1563, "text": "HSYA"}], "coordinates": [], "confidence": {"state": "pre-added", "who": ["ml:regex"], "prob": 0}, "fields": {}, "normalizations": {}}], "relations": [{"classId": "r_35", "type": "linked", "directed": false, "entities": ["s1s5p1|e_33|79,98", "s1s5p1|e_27|545,947"], "confidence": {"state": "pre-added", "who": ["user:hyesu1010"], "prob": 1}}, {"classId": "r_35", "type": "linked", "directed": false, "entities": ["s1s5p1|e_33|79,98", "s1s5p1|e_27|949,1165"], "confidence": {"state": "pre-added", "who": ["user:hyesu1010"], "prob": 1}}, {"classId": "r_42", "type": "linked", "directed": false, "entities": ["s1s5p1|e_32|629,631", "s1s5p1|e_27|545,947"], "confidence": {"state": "pre-added", "who": ["user:hyesu1010"], "prob": 1}}, {"classId": "r_42", "type": "linked", "directed": false, "entities": ["s1s5p1|e_32|650,651", "s1s5p1|e_27|545,947"], "confidence": {"state": "pre-added", "who": ["user:hyesu1010"], "prob": 1}}, {"classId": "r_42", "type": "linked", "directed": false, "entities": ["s1s5p1|e_32|658,661", "s1s5p1|e_27|545,947"], "confidence": {"state": "pre-added", "who": ["user:hyesu1010"], "prob": 1}}, {"classId": "r_42", "type": "linked", "directed": false, "entities": ["s1s5p1|e_32|692,694", "s1s5p1|e_27|545,947"], "confidence": {"state": "pre-added", "who": ["user:hyesu1010"], "prob": 1}}, {"classId": "r_42", "type": "linked", "directed": false, "entities": ["s1s5p1|e_32|711,713", "s1s5p1|e_27|545,947"], "confidence": {"state": "pre-added", "who": ["user:hyesu1010"], "prob": 1}}, {"classId": "r_42", "type": "linked", "directed": false, "entities": ["s1s5p1|e_32|719,725", "s1s5p1|e_27|545,947"], "confidence": {"state": "pre-added", "who": ["user:hyesu1010"], "prob": 1}}, {"classId": "r_42", "type": "linked", "directed": false, "entities": ["s1s5p1|e_32|813,816", "s1s5p1|e_27|545,947"], "confidence": {"state": "pre-added", "who": ["user:hyesu1010"], "prob": 1}}, {"classId": "r_42", "type": "linked", "directed": false, "entities": ["s1s5p1|e_32|1013,1014", "s1s5p1|e_27|949,1165"], "confidence": {"state": "pre-added", "who": ["user:hyesu1010"], "prob": 1}}, {"classId": "r_42", "type": "linked", "directed": false, "entities": ["s1s5p1|e_32|1095,1102", "s1s5p1|e_27|949,1165"], "confidence": {"state": "pre-added", "who": ["user:hyesu1010"], "prob": 1}}, {"classId": "r_49", "type": "linked", "directed": false, "entities": ["s1s5p1|e_32|606,626", "s1s5p1|e_32|629,631"], "confidence": {"state": "pre-added", "who": ["user:hyesu1010"], "prob": 1}}, {"classId": "r_49", "type": "linked", "directed": false, "entities": ["s1s5p1|e_32|637,647", "s1s5p1|e_32|650,651"], "confidence": {"state": "pre-added", "who": ["user:hyesu1010"], "prob": 1}}, {"classId": "r_49", "type": "linked", "directed": false, "entities": ["s1s5p1|e_32|664,689", "s1s5p1|e_32|692,694"], "confidence": {"state": "pre-added", "who": ["user:hyesu1010"], "prob": 1}}, {"classId": "r_49", "type": "linked", "directed": false, "entities": ["s1s5p1|e_32|701,708", "s1s5p1|e_32|711,713"], "confidence": {"state": "pre-added", "who": ["user:hyesu1010"], "prob": 1}}, {"classId": "r_49", "type": "linked", "directed": false, "entities": ["s1s5p1|e_32|791,810", "s1s5p1|e_32|813,816"], "confidence": {"state": "pre-added", "who": ["user:hyesu1010"], "prob": 1}}, {"classId": "r_49", "type": "linked", "directed": false, "entities": ["s1s5p1|e_32|997,1010", "s1s5p1|e_32|1013,1014"], "confidence": {"state": "pre-added", "who": ["user:hyesu1010"], "prob": 1}}, {"classId": "r_62", "type": "linked", "directed": false, "entities": ["s1s5p1|e_61|26,29", "s1s5p1|e_33|79,98"], "confidence": {"state": "pre-added", "who": ["user:hyesu1010"], "prob": 1}}, {"classId": "r_63", "type": "linked", "directed": false, "entities": ["s1s5p1|e_61|1,23", "s1s5p1|e_61|26,29"], "confidence": {"state": "pre-added", "who": ["user:hyesu1010"], "prob": 1}}]}