{"annotatable": {"parts": ["s1s1h1", "s1s1p1", "s1s2h1", "s1s2p1", "s1s3h1", "s1s3p1", "s1s4h1", "s1s4p1", "s1s5h1", "s1s5p1"]}, "anncomplete": true, "sources": [], "metas": {"m_24": {"value": "false", "confidence": {"state": "pre-added", "who": ["user:annotator2"], "prob": 1}}, "m_17": {"value": false, "confidence": {"state": "pre-added", "who": ["user:annotator2"], "prob": 1}}}, "entities": [{"classId": "e_33", "part": "s1s1p1", "offsets": [{"start": 5, "text": "blueberry"}], "coordinates": [], "confidence": {"state": "pre-added", "who": ["ml:regex"], "prob": 0}, "fields": {}, "normalizations": {}}, {"classId": "e_33", "part": "s1s4p1", "offsets": [{"start": 0, "text": "blueberry"}], "coordinates": [], "confidence": {"state": "pre-added", "who": ["user:annotator2"], "prob": 1}, "fields": {}, "normalizations": {}}, {"classId": "e_33", "part": "s1s5p1", "offsets": [{"start": 55, "text": "blueberry"}], "coordinates": [], "confidence": {"state": "pre-added", "who": ["ml:regex"], "prob": 0}, "fields": {}, "normalizations": {}}, {"classId": "e_33", "part": "s1s5p1", "offsets": [{"start": 66, "text": "WB"}], "coordinates": [], "confidence": {"state": "pre-added", "who": ["user:annotator2"], "prob": 1}, "fields": {}, "normalizations": {}}, {"classId": "e_33", "part": "s1s5p1", "offsets": [{"start": 389, "text": "WB"}], "coordinates": [], "confidence": {"state": "pre-added", "who": ["ml:regex"], "prob": 0}, "fields": {}, "normalizations": {}}, {"classId": "e_33", "part": "s1s5p1", "offsets": [{"start": 720, "text": "WB"}], "coordinates": [], "confidence": {"state": "pre-added", "who": ["ml:regex"], "prob": 0}, "fields": {}, "normalizations": {}}, {"classId": "e_33", "part": "s1s5p1", "offsets": [{"start": 1006, "text": "WB"}], "coordinates": [], "confidence": {"state": "pre-added", "who": ["ml:regex"], "prob": 0}, "fields": {}, "normalizations": {}}, {"classId": "e_33", "part": "s1s5p1", "offsets": [{"start": 1397, "text": "WB"}], "coordinates": [], "confidence": {"state": "pre-added", "who": ["ml:regex"], "prob": 0}, "fields": {}, "normalizations": {}}, {"classId": "e_33", "part": "s1s5p1", "offsets": [{"start": 1428, "text": "WB"}], "coordinates": [], "confidence": {"state": "pre-added", "who": ["ml:regex"], "prob": 0}, "fields": {}, "normalizations": {}}], "relations": [{"classId": "r_46", "type": "linked", "directed": false, "entities": ["s1s5p1|e_33|66,67", "s1s5p1|e_33|55,63"], "confidence": {"state": "pre-added", "who": ["user:annotator2"], "prob": 1}}]}