{"annotatable": {"parts": ["s1s1h1", "s1s1p1", "s1s2h1", "s1s2p1", "s1s3h1", "s1s3p1", "s1s4h1", "s1s4p1", "s1s5h1", "s1s5p1"]}, "anncomplete": true, "sources": [], "metas": {"m_24": {"value": "animal in-vivo", "confidence": {"state": "pre-added", "who": ["user:annotator5"], "prob": 1}}, "m_17": {"value": true, "confidence": {"state": "pre-added", "who": ["user:annotator5"], "prob": 1}}}, "entities": [{"classId": "e_33", "part": "s1s1p1", "offsets": [{"start": 0, "text": "Crataegus"}], "coordinates": [], "confidence": {"state": "pre-added", "who": ["ml:regex"], "prob": 0}, "fields": {}, "normalizations": {}}, {"classId": "e_33", "part": "s1s1p1", "offsets": [{"start": 26, "text": "WS 1442"}], "coordinates": [], "confidence": {"state": "pre-added", "who": ["ml:regex"], "prob": 0}, "fields": {}, "normalizations": {}}, {"classId": "e_32", "part": "s1s1p1", "offsets": [{"start": 99, "text": "eNOS"}], "coordinates": [], "confidence": {"state": "pre-added", "who": ["ml:regex"], "prob": 0}, "fields": {}, "normalizations": {}}, {"classId": "e_29", "part": "s1s1p1", "offsets": [{"start": 123, "text": "serine"}], "coordinates": [], "confidence": {"state": "pre-added", "who": ["ml:regex"], "prob": 0}, "fields": {}, "normalizations": {}}, {"classId": "e_32", "part": "s1s3p1", "offsets": [{"start": 0, "text": "eNOS"}], "coordinates": [], "confidence": {"state": "pre-added", "who": ["ml:regex"], "prob": 0}, "fields": {}, "normalizations": {}}, {"classId": "e_33", "part": "s1s4p1", "offsets": [{"start": 0, "text": "Crataegus"}], "coordinates": [], "confidence": {"state": "pre-added", "who": ["ml:regex"], "prob": 0}, "fields": {}, "normalizations": {}}, {"classId": "e_61", "part": "s1s5p1", "offsets": [{"start": 41, "text": "WS(R) 1442"}], "coordinates": [], "confidence": {"state": "pre-added", "who": ["ml:regex", "user:annotator5"], "prob": 1}, "fields": {}, "normalizations": {}}, {"classId": "e_33", "part": "s1s5p1", "offsets": [{"start": 74, "text": "Crataegus"}], "coordinates": [], "confidence": {"state": "pre-added", "who": ["user:annotator5"], "prob": 1}, "fields": {}, "normalizations": {}}, {"classId": "e_61", "part": "s1s5p1", "offsets": [{"start": 333, "text": "WS(R) 1442"}], "coordinates": [], "confidence": {"state": "pre-added", "who": ["user:annotator5"], "prob": 1}, "fields": {}, "normalizations": {}}, {"classId": "e_61", "part": "s1s5p1", "offsets": [{"start": 380, "text": "flavonoids"}], "coordinates": [], "confidence": {"state": "pre-added", "who": ["user:annotator5"], "prob": 1}, "fields": {}, "normalizations": {}}, {"classId": "e_61", "part": "s1s5p1", "offsets": [{"start": 395, "text": "oligomeric procyanidins"}], "coordinates": [], "confidence": {"state": "pre-added", "who": ["user:annotator5"], "prob": 1}, "fields": {}, "normalizations": {}}, {"classId": "e_61", "part": "s1s5p1", "offsets": [{"start": 420, "text": "OPC"}], "coordinates": [], "confidence": {"state": "pre-added", "who": ["user:annotator5"], "prob": 1}, "fields": {}, "normalizations": {}}, {"classId": "e_61", "part": "s1s5p1", "offsets": [{"start": 462, "text": "flavonoids"}], "coordinates": [], "confidence": {"state": "pre-added", "who": ["ml:regex"], "prob": 0}, "fields": {}, "normalizations": {}}, {"classId": "e_61", "part": "s1s5p1", "offsets": [{"start": 498, "text": "OPC"}], "coordinates": [], "confidence": {"state": "pre-added", "who": ["ml:regex"], "prob": 0}, "fields": {}, "normalizations": {}}, {"classId": "e_61", "part": "s1s5p1", "offsets": [{"start": 589, "text": "OPC"}], "coordinates": [], "confidence": {"state": "pre-added", "who": ["ml:regex"], "prob": 0}, "fields": {}, "normalizations": {}}, {"classId": "e_33", "part": "s1s5p1", "offsets": [{"start": 594, "text": "WS 1442"}], "coordinates": [], "confidence": {"state": "pre-added", "who": ["user:annotator5"], "prob": 1}, "fields": {}, "normalizations": {}}, {"classId": "e_27", "part": "s1s5p1", "offsets": [{"start": 594, "text": "WS 1442 induced a concentration-dependent vasodilation in isolated vessel rings that had been precontracted by 10 microM phenylephrine (concentration for halfmaximal relaxation (IC(50)): rat: 15.1 +/- 0.6 microg/ml (n = 7), human: 19.3 +/- 3.4 microg/ml (n = 6))."}], "coordinates": [], "confidence": {"state": "pre-added", "who": ["user:annotator5"], "prob": 1}, "fields": {}, "normalizations": {}}, {"classId": "e_29", "part": "s1s5p1", "offsets": [{"start": 715, "text": "phenylephrine"}], "coordinates": [], "confidence": {"state": "pre-added", "who": ["user:annotator5"], "prob": 1}, "fields": {}, "normalizations": {}}, {"classId": "e_27", "part": "s1s5p1", "offsets": [{"start": 858, "text": "The maximal vasorelaxation induced after application of 100 microg of WS 1442 was 75.0 +/- 5.7% (rat) and 79.2 +/- 5.8% (human) of the papaverine (0.1 mM)-induced vasodilation."}], "coordinates": [], "confidence": {"state": "pre-added", "who": ["user:annotator5"], "prob": 1}, "fields": {}, "normalizations": {}}, {"classId": "e_33", "part": "s1s5p1", "offsets": [{"start": 928, "text": "WS 1442"}], "coordinates": [], "confidence": {"state": "pre-added", "who": ["ml:regex", "user:annotator5"], "prob": 1}, "fields": {}, "normalizations": {}}, {"classId": "e_29", "part": "s1s5p1", "offsets": [{"start": 993, "text": "papaverine"}], "coordinates": [], "confidence": {"state": "pre-added", "who": ["user:annotator5"], "prob": 1}, "fields": {}, "normalizations": {}}, {"classId": "e_32", "part": "s1s5p1", "offsets": [{"start": 1128, "text": "eNOS"}], "coordinates": [], "confidence": {"state": "pre-added", "who": ["ml:regex"], "prob": 0}, "fields": {}, "normalizations": {}}, {"classId": "e_33", "part": "s1s5p1", "offsets": [{"start": 1246, "text": "WS 1442"}], "coordinates": [], "confidence": {"state": "pre-added", "who": ["ml:regex"], "prob": 0}, "fields": {}, "normalizations": {}}, {"classId": "e_33", "part": "s1s5p1", "offsets": [{"start": 1286, "text": "WS 1442"}], "coordinates": [], "confidence": {"state": "pre-added", "who": ["ml:regex"], "prob": 0}, "fields": {}, "normalizations": {}}, {"classId": "e_33", "part": "s1s5p1", "offsets": [{"start": 1323, "text": "WS 1442"}], "coordinates": [], "confidence": {"state": "pre-added", "who": ["ml:regex"], "prob": 0}, "fields": {}, "normalizations": {}}, {"classId": "e_33", "part": "s1s5p1", "offsets": [{"start": 1436, "text": "WS 1442"}], "coordinates": [], "confidence": {"state": "pre-added", "who": ["user:annotator5"], "prob": 1}, "fields": {}, "normalizations": {}}, {"classId": "e_27", "part": "s1s5p1", "offsets": [{"start": 1436, "text": "WS 1442 induced eNOS-activation was due to a phosphorylation at serine 1177."}], "coordinates": [], "confidence": {"state": "pre-added", "who": ["user:annotator5"], "prob": 1}, "fields": {}, "normalizations": {}}, {"classId": "e_32", "part": "s1s5p1", "offsets": [{"start": 1452, "text": "eNOS"}], "coordinates": [], "confidence": {"state": "pre-added", "who": ["user:annotator5"], "prob": 1}, "fields": {}, "normalizations": {}}, {"classId": "e_29", "part": "s1s5p1", "offsets": [{"start": 1500, "text": "serine"}], "coordinates": [], "confidence": {"state": "pre-added", "who": ["user:annotator5"], "prob": 1}, "fields": {}, "normalizations": {}}, {"classId": "e_32", "part": "s1s5p1", "offsets": [{"start": 1516, "text": "eNOS"}], "coordinates": [], "confidence": {"state": "pre-added", "who": ["ml:regex"], "prob": 0}, "fields": {}, "normalizations": {}}, {"classId": "e_29", "part": "s1s5p1", "offsets": [{"start": 1557, "text": "serine"}], "coordinates": [], "confidence": {"state": "pre-added", "who": ["ml:regex"], "prob": 0}, "fields": {}, "normalizations": {}}, {"classId": "e_33", "part": "s1s5p1", "offsets": [{"start": 1619, "text": "WS 1442"}], "coordinates": [], "confidence": {"state": "pre-added", "who": ["ml:regex"], "prob": 0}, "fields": {}, "normalizations": {}}, {"classId": "e_33", "part": "s1s5p1", "offsets": [{"start": 1648, "text": "WS 1442"}], "coordinates": [], "confidence": {"state": "pre-added", "who": ["ml:regex"], "prob": 0}, "fields": {}, "normalizations": {}}, {"classId": "e_32", "part": "s1s5p1", "offsets": [{"start": 1722, "text": "eNOS"}], "coordinates": [], "confidence": {"state": "pre-added", "who": ["ml:regex"], "prob": 0}, "fields": {}, "normalizations": {}}, {"classId": "e_29", "part": "s1s5p1", "offsets": [{"start": 1746, "text": "serine"}], "coordinates": [], "confidence": {"state": "pre-added", "who": ["ml:regex"], "prob": 0}, "fields": {}, "normalizations": {}}], "relations": [{"classId": "r_35", "type": "linked", "directed": false, "entities": ["s1s5p1|e_33|594,600", "s1s5p1|e_27|594,856"], "confidence": {"state": "pre-added", "who": ["user:annotator5"], "prob": 1}}, {"classId": "r_35", "type": "linked", "directed": false, "entities": ["s1s5p1|e_33|928,934", "s1s5p1|e_27|858,1033"], "confidence": {"state": "pre-added", "who": ["user:annotator5"], "prob": 1}}, {"classId": "r_35", "type": "linked", "directed": false, "entities": ["s1s5p1|e_33|1436,1442", "s1s5p1|e_27|1436,1511"], "confidence": {"state": "pre-added", "who": ["user:annotator5"], "prob": 1}}, {"classId": "r_36", "type": "linked", "directed": false, "entities": ["s1s5p1|e_29|715,727", "s1s5p1|e_27|594,856"], "confidence": {"state": "pre-added", "who": ["user:annotator5"], "prob": 1}}, {"classId": "r_36", "type": "linked", "directed": false, "entities": ["s1s5p1|e_29|993,1002", "s1s5p1|e_27|858,1033"], "confidence": {"state": "pre-added", "who": ["user:annotator5"], "prob": 1}}, {"classId": "r_36", "type": "linked", "directed": false, "entities": ["s1s5p1|e_29|1500,1505", "s1s5p1|e_27|1436,1511"], "confidence": {"state": "pre-added", "who": ["user:annotator5"], "prob": 1}}, {"classId": "r_42", "type": "linked", "directed": false, "entities": ["s1s5p1|e_32|1452,1455", "s1s5p1|e_27|1436,1511"], "confidence": {"state": "pre-added", "who": ["user:annotator5"], "prob": 1}}, {"classId": "r_46", "type": "linked", "directed": false, "entities": ["s1s5p1|e_33|594,600", "s1s5p1|e_33|74,82"], "confidence": {"state": "pre-added", "who": ["user:annotator5"], "prob": 1}}, {"classId": "r_46", "type": "linked", "directed": false, "entities": ["s1s5p1|e_33|928,934", "s1s5p1|e_33|74,82"], "confidence": {"state": "pre-added", "who": ["user:annotator5"], "prob": 1}}, {"classId": "r_62", "type": "linked", "directed": false, "entities": ["s1s5p1|e_61|41,50", "s1s5p1|e_33|74,82"], "confidence": {"state": "pre-added", "who": ["user:annotator5"], "prob": 1}}, {"classId": "r_63", "type": "linked", "directed": false, "entities": ["s1s5p1|e_61|333,342", "s1s5p1|e_61|380,389"], "confidence": {"state": "pre-added", "who": ["user:annotator5"], "prob": 1}}, {"classId": "r_63", "type": "linked", "directed": false, "entities": ["s1s5p1|e_61|333,342", "s1s5p1|e_61|395,417"], "confidence": {"state": "pre-added", "who": ["user:annotator5"], "prob": 1}}, {"classId": "r_63", "type": "linked", "directed": false, "entities": ["s1s5p1|e_61|395,417", "s1s5p1|e_61|420,422"], "confidence": {"state": "pre-added", "who": ["user:annotator5"], "prob": 1}}]}